segment_key,segmento_imoveis,bairro,tipo_imovel,quartos,metodo,metodo_label,preco_mediano_1_pares_20_01,preco_mediano_2_mesmos_listings_todas_datas,preco_mediano_3_todos_listings_todas_datas,n_listings_1_pares_20_01,n_listings_2_mesmos_listings_todas_datas,n_listings_3_todos_listings_todas_datas,n_pares_listing_data_1_pares_20_01,n_pares_listing_data_2_mesmos_listings_todas_datas,n_pares_listing_data_3_todos_listings_todas_datas,mediana_datas_por_listing_1_pares_20_01,mediana_datas_por_listing_2_mesmos_listings_todas_datas,mediana_datas_por_listing_3_todos_listings_todas_datas,rank_na_etapa_1_pares_20_01,rank_na_etapa_2_mesmos_listings_todas_datas,rank_na_etapa_3_todos_listings_todas_datas,preco_base_20_01,mudanca_incremental_metodo_preco_rs,mudanca_incremental_datas_rs,mudanca_incremental_amostra_rs,mudanca_total_rs,erro_reconciliacao_rs,mudanca_incremental_metodo_preco_pct_base,mudanca_incremental_datas_pct_base,mudanca_incremental_amostra_pct_base,mudanca_total_pct_base,ordem_decomposicao,interpretacao
meia praia|apartamento|4 quartos,Meia Praia · apartamento · 4 quartos,Meia Praia,apartamento,4,latest_available,Preço mais recente,899.0,899.0,1012.5,43,43,60,2247,2510,3484,48.0,60.0,59.0,1.0,1.0,1.0,899.0,0.0,0.0,113.5,113.5,0.0,0.0,0.0,0.12625139043381536,0.12625139043381536,método de preço → datas → amostra,mudanças incrementais condicionais à ordem; não são causas independentes
centro|apartamento|3 quartos,Centro · apartamento · 3 quartos,Centro,apartamento,3,latest_available,Preço mais recente,664.0,737.5,790.0,38,38,45,1957,2231,2617,57.5,66.5,66.0,2.0,2.0,2.0,664.0,0.0,73.5,52.5,126.0,0.0,0.0,0.11069277108433735,0.07906626506024096,0.1897590361445783,método de preço → datas → amostra,mudanças incrementais condicionais à ordem; não são causas independentes
meia praia|apartamento|3 quartos,Meia Praia · apartamento · 3 quartos,Meia Praia,apartamento,3,latest_available,Preço mais recente,650.0,687.0,655.25,284,284,327,14654,16901,18862,54.0,63.0,61.0,3.0,3.0,3.0,650.0,0.0,37.0,-31.75,5.25,0.0,0.0,0.05692307692307692,-0.048846153846153845,0.008076923076923077,método de preço → datas → amostra,mudanças incrementais condicionais à ordem; não são causas independentes
centro|apartamento|2 quartos,Centro · apartamento · 2 quartos,Centro,apartamento,2,latest_available,Preço mais recente,600.0,627.0,580.0,59,59,65,3467,3986,4258,61.0,72.0,70.0,4.0,4.0,4.0,600.0,0.0,27.0,-47.0,-20.0,0.0,0.0,0.045,-0.07833333333333334,-0.03333333333333333,método de preço → datas → amostra,mudanças incrementais condicionais à ordem; não são causas independentes
morretes|apartamento|2 quartos,Morretes · apartamento · 2 quartos,Morretes,apartamento,2,latest_available,Preço mais recente,453.5,470.0,464.0,43,43,51,2471,2701,2970,62.0,68.0,62.0,5.0,5.0,5.0,453.5,0.0,16.5,-6.0,10.5,0.0,0.0,0.03638368246968027,-0.013230429988974642,0.023153252480705624,método de preço → datas → amostra,mudanças incrementais condicionais à ordem; não são causas independentes
centro|apartamento|1 quarto,Centro · apartamento · 1 quarto,Centro,apartamento,1,latest_available,Preço mais recente,450.0,450.0,445.0,75,75,78,4794,5542,5732,67.0,77.0,77.0,6.0,6.0,7.0,450.0,0.0,0.0,-5.0,-5.0,0.0,0.0,0.0,-0.011111111111111112,-0.011111111111111112,método de preço → datas → amostra,mudanças incrementais condicionais à ordem; não são causas independentes
meia praia|apartamento|2 quartos,Meia Praia · apartamento · 2 quartos,Meia Praia,apartamento,2,latest_available,Preço mais recente,448.0,450.0,450.0,126,126,187,6257,7039,10061,52.0,58.0,56.0,7.0,6.0,6.0,448.0,0.0,2.0,0.0,2.0,0.0,0.0,0.004464285714285714,0.0,0.004464285714285714,método de preço → datas → amostra,mudanças incrementais condicionais à ordem; não são causas independentes
meia praia|apartamento|4 quartos,Meia Praia · apartamento · 4 quartos,Meia Praia,apartamento,4,median_across_captures,Mediana entre capturas,900.0,900.0,1075.0,43,43,60,2247,2510,3484,48.0,60.0,59.0,1.0,1.0,1.0,899.0,1.0,0.0,175.0,176.0,0.0,0.0011123470522803114,0.0,0.1946607341490545,0.19577308120133483,método de preço → datas → amostra,mudanças incrementais condicionais à ordem; não são causas independentes
centro|apartamento|3 quartos,Centro · apartamento · 3 quartos,Centro,apartamento,3,median_across_captures,Mediana entre capturas,672.5,737.5,780.0,38,38,45,1957,2231,2617,57.5,66.5,66.0,2.0,2.0,2.0,664.0,8.5,65.0,42.5,116.0,0.0,0.012801204819277108,0.09789156626506024,0.06400602409638555,0.1746987951807229,método de preço → datas → amostra,mudanças incrementais condicionais à ordem; não são causas independentes
meia praia|apartamento|3 quartos,Meia Praia · apartamento · 3 quartos,Meia Praia,apartamento,3,median_across_captures,Mediana entre capturas,650.0,700.0,682.66665,284,284,327,14654,16901,18862,54.0,63.0,61.0,3.0,3.0,3.0,650.0,0.0,50.0,-17.333349999999996,32.666650000000004,0.0,0.0,0.07692307692307693,-0.0266666923076923,0.05025638461538462,método de preço → datas → amostra,mudanças incrementais condicionais à ordem; não são causas independentes
centro|apartamento|2 quartos,Centro · apartamento · 2 quartos,Centro,apartamento,2,median_across_captures,Mediana entre capturas,616.75,635.5,600.0,59,59,65,3467,3986,4258,61.0,72.0,70.0,4.0,4.0,4.0,600.0,16.75,18.75,-35.5,0.0,0.0,0.027916666666666666,0.03125,-0.059166666666666666,0.0,método de preço → datas → amostra,mudanças incrementais condicionais à ordem; não são causas independentes
morretes|apartamento|2 quartos,Morretes · apartamento · 2 quartos,Morretes,apartamento,2,median_across_captures,Mediana entre capturas,450.0,473.0,470.0,43,43,51,2471,2701,2970,62.0,68.0,62.0,5.0,5.0,5.0,453.5,-3.5,23.0,-3.0,16.5,0.0,-0.007717750826901874,0.050716648291069456,-0.006615214994487321,0.03638368246968027,método de preço → datas → amostra,mudanças incrementais condicionais à ordem; não são causas independentes
centro|apartamento|1 quarto,Centro · apartamento · 1 quarto,Centro,apartamento,1,median_across_captures,Mediana entre capturas,450.0,450.0,448.0,75,75,78,4794,5542,5732,67.0,77.0,77.0,5.0,6.0,7.0,450.0,0.0,0.0,-2.0,-2.0,0.0,0.0,0.0,-0.0044444444444444444,-0.0044444444444444444,método de preço → datas → amostra,mudanças incrementais condicionais à ordem; não são causas independentes
meia praia|apartamento|2 quartos,Meia Praia · apartamento · 2 quartos,Meia Praia,apartamento,2,median_across_captures,Mediana entre capturas,450.0,450.0,450.0,126,126,187,6257,7039,10061,52.0,58.0,56.0,5.0,6.0,6.0,448.0,2.0,0.0,0.0,2.0,0.0,0.004464285714285714,0.0,0.0,0.004464285714285714,método de preço → datas → amostra,mudanças incrementais condicionais à ordem; não são causas independentes
meia praia|apartamento|4 quartos,Meia Praia · apartamento · 4 quartos,Meia Praia,apartamento,4,snapshot_2025_01_20,Captura de 20/01,899.0,899.0,899.0,43,43,43,2247,2247,2247,48.0,48.0,48.0,1.0,1.0,1.0,899.0,0.0,0.0,0.0,0.0,0.0,0.0,0.0,0.0,0.0,método de preço → datas → amostra,mudanças incrementais condicionais à ordem; não são causas independentes
centro|apartamento|3 quartos,Centro · apartamento · 3 quartos,Centro,apartamento,3,snapshot_2025_01_20,Captura de 20/01,664.0,664.0,664.0,38,38,38,1957,1957,1957,57.5,57.5,57.5,2.0,2.0,2.0,664.0,0.0,0.0,0.0,0.0,0.0,0.0,0.0,0.0,0.0,método de preço → datas → amostra,mudanças incrementais condicionais à ordem; não são causas independentes
meia praia|apartamento|3 quartos,Meia Praia · apartamento · 3 quartos,Meia Praia,apartamento,3,snapshot_2025_01_20,Captura de 20/01,650.0,650.0,650.0,284,284,284,14654,14654,14654,54.0,54.0,54.0,3.0,3.0,3.0,650.0,0.0,0.0,0.0,0.0,0.0,0.0,0.0,0.0,0.0,método de preço → datas → amostra,mudanças incrementais condicionais à ordem; não são causas independentes
centro|apartamento|2 quartos,Centro · apartamento · 2 quartos,Centro,apartamento,2,snapshot_2025_01_20,Captura de 20/01,600.0,600.0,600.0,59,59,59,3467,3467,3467,61.0,61.0,61.0,4.0,4.0,4.0,600.0,0.0,0.0,0.0,0.0,0.0,0.0,0.0,0.0,0.0,método de preço → datas → amostra,mudanças incrementais condicionais à ordem; não são causas independentes
morretes|apartamento|2 quartos,Morretes · apartamento · 2 quartos,Morretes,apartamento,2,snapshot_2025_01_20,Captura de 20/01,453.5,453.5,453.5,43,43,43,2471,2471,2471,62.0,62.0,62.0,5.0,5.0,5.0,453.5,0.0,0.0,0.0,0.0,0.0,0.0,0.0,0.0,0.0,método de preço → datas → amostra,mudanças incrementais condicionais à ordem; não são causas independentes
centro|apartamento|1 quarto,Centro · apartamento · 1 quarto,Centro,apartamento,1,snapshot_2025_01_20,Captura de 20/01,450.0,450.0,450.0,75,75,75,4794,4794,4794,67.0,67.0,67.0,6.0,6.0,6.0,450.0,0.0,0.0,0.0,0.0,0.0,0.0,0.0,0.0,0.0,método de preço → datas → amostra,mudanças incrementais condicionais à ordem; não são causas independentes
meia praia|apartamento|2 quartos,Meia Praia · apartamento · 2 quartos,Meia Praia,apartamento,2,snapshot_2025_01_20,Captura de 20/01,448.0,448.0,448.0,126,126,126,6257,6257,6257,52.0,52.0,52.0,7.0,7.0,7.0,448.0,0.0,0.0,0.0,0.0,0.0,0.0,0.0,0.0,0.0,método de preço → datas → amostra,mudanças incrementais condicionais à ordem; não são causas independentes
