segment_key_a,segmento_a,segment_key_b,segmento_b,familia_comparacao,escopo_comparacao,metrica,metrica_label,cenario_sensibilidade,metodo,tratamento_outlier,tratamento_capacidade,n_listings_a,n_listings_b,mediana_a,mediana_b,diferenca_rs,diferenca_pct_sobre_b,diferenca_min_rs,diferenca_max_rs
centro|apartamento|1 quarto,Centro · apartamento · 1 quarto,meia praia|apartamento|1 quarto,Meia Praia · apartamento · 1 quarto,tese: vantagem de localização,principal pré-definida,preco_total,Preço anunciado total,headline,snapshot_2025_01_20,original,não aplicável,75,16,450.0,440.0,10.0,0.022727272727272728,,
centro|apartamento|1 quarto,Centro · apartamento · 1 quarto,meia praia|apartamento|1 quarto,Meia Praia · apartamento · 1 quarto,tese: vantagem de localização,principal pré-definida,preco_total,Preço anunciado total,mediana entre capturas,median_across_captures,original,não aplicável,78,20,448.0,441.0,7.0,0.015873015873015872,,
centro|apartamento|1 quarto,Centro · apartamento · 1 quarto,meia praia|apartamento|1 quarto,Meia Praia · apartamento · 1 quarto,tese: vantagem de localização,principal pré-definida,preco_total,Preço anunciado total,mais recente (diagnóstico),latest_available,original,não aplicável,78,20,445.0,441.0,4.0,0.009070294784580499,,
centro|apartamento|1 quarto,Centro · apartamento · 1 quarto,meia praia|apartamento|1 quarto,Meia Praia · apartamento · 1 quarto,tese: vantagem de localização,principal pré-definida,preco_total,Preço anunciado total,sem preços ≥ R$ 10 mil,snapshot_2025_01_20,exclude_suspicious_prices,não aplicável,75,16,450.0,440.0,10.0,0.022727272727272728,,
centro|apartamento|1 quarto,Centro · apartamento · 1 quarto,meia praia|apartamento|1 quarto,Meia Praia · apartamento · 1 quarto,tese: vantagem de localização,principal pré-definida,preco_total,Preço anunciado total,sem os três listings afetados,snapshot_2025_01_20,exclude_affected_listings,não aplicável,75,16,450.0,440.0,10.0,0.022727272727272728,,
centro|apartamento|1 quarto,Centro · apartamento · 1 quarto,meia praia|apartamento|1 quarto,Meia Praia · apartamento · 1 quarto,tese: vantagem de localização,principal pré-definida,preco_total,Preço anunciado total,calendário ajustado,snapshot_calendar_adjusted,original,não aplicável,75,16,454.66477363941675,466.59476105025544,-11.929987410838692,-0.025568198374078508,,
centro|apartamento|1 quarto,Centro · apartamento · 1 quarto,meia praia|apartamento|1 quarto,Meia Praia · apartamento · 1 quarto,tese: vantagem de localização,principal pré-definida,preco_total,Preço anunciado total,peso igual por anfitrião,snapshot_2025_01_20,original,sensibilidade de anfitrião,75,16,450.0,400.0,50.0,0.125,,
centro|apartamento|1 quarto,Centro · apartamento · 1 quarto,meia praia|apartamento|1 quarto,Meia Praia · apartamento · 1 quarto,tese: vantagem de localização,principal pré-definida,preco_total,Preço anunciado total,sem maior anfitrião (faixa),snapshot_2025_01_20,original,sensibilidade de anfitrião,75,16,,,,,50.0,50.0
centro|apartamento|1 quarto,Centro · apartamento · 1 quarto,meia praia|apartamento|1 quarto,Meia Praia · apartamento · 1 quarto,tese: vantagem de localização,principal pré-definida,preco_por_hospede,Preço anunciado por hóspede comportado,headline,snapshot_2025_01_20,original,todas as capacidades positivas,75,16,136.5,123.75,12.75,0.10303030303030303,,
centro|apartamento|1 quarto,Centro · apartamento · 1 quarto,meia praia|apartamento|1 quarto,Meia Praia · apartamento · 1 quarto,tese: vantagem de localização,principal pré-definida,preco_por_hospede,Preço anunciado por hóspede comportado,mediana entre capturas,median_across_captures,original,todas as capacidades positivas,78,20,151.75,116.25,35.5,0.3053763440860215,,
centro|apartamento|1 quarto,Centro · apartamento · 1 quarto,meia praia|apartamento|1 quarto,Meia Praia · apartamento · 1 quarto,tese: vantagem de localização,principal pré-definida,preco_por_hospede,Preço anunciado por hóspede comportado,mais recente (diagnóstico),latest_available,original,todas as capacidades positivas,78,20,138.0,122.5,15.5,0.12653061224489795,,
centro|apartamento|1 quarto,Centro · apartamento · 1 quarto,meia praia|apartamento|1 quarto,Meia Praia · apartamento · 1 quarto,tese: vantagem de localização,principal pré-definida,preco_por_hospede,Preço anunciado por hóspede comportado,sem preços ≥ R$ 10 mil,snapshot_2025_01_20,exclude_suspicious_prices,todas as capacidades positivas,75,16,136.5,123.75,12.75,0.10303030303030303,,
centro|apartamento|1 quarto,Centro · apartamento · 1 quarto,meia praia|apartamento|1 quarto,Meia Praia · apartamento · 1 quarto,tese: vantagem de localização,principal pré-definida,preco_por_hospede,Preço anunciado por hóspede comportado,sem os três listings afetados,snapshot_2025_01_20,exclude_affected_listings,todas as capacidades positivas,75,16,136.5,123.75,12.75,0.10303030303030303,,
centro|apartamento|1 quarto,Centro · apartamento · 1 quarto,meia praia|apartamento|1 quarto,Meia Praia · apartamento · 1 quarto,tese: vantagem de localização,principal pré-definida,preco_por_hospede,Preço anunciado por hóspede comportado,calendário ajustado,snapshot_calendar_adjusted,original,todas as capacidades positivas,75,16,135.44368031540583,116.64869026256386,18.794990052841968,0.1611247413968938,,
centro|apartamento|1 quarto,Centro · apartamento · 1 quarto,meia praia|apartamento|1 quarto,Meia Praia · apartamento · 1 quarto,tese: vantagem de localização,principal pré-definida,preco_por_hospede,Preço anunciado por hóspede comportado,sem capacidades positivas suspeitas,snapshot_2025_01_20,original,sem capacidades positivas suspeitas,75,16,136.5,123.75,12.75,0.10303030303030303,,
centro|apartamento|1 quarto,Centro · apartamento · 1 quarto,meia praia|apartamento|1 quarto,Meia Praia · apartamento · 1 quarto,tese: vantagem de localização,principal pré-definida,preco_por_hospede,Preço anunciado por hóspede comportado,peso igual por anfitrião,snapshot_2025_01_20,original,sensibilidade de anfitrião,75,16,136.75,116.25,20.5,0.17634408602150536,,
centro|apartamento|1 quarto,Centro · apartamento · 1 quarto,meia praia|apartamento|1 quarto,Meia Praia · apartamento · 1 quarto,tese: vantagem de localização,principal pré-definida,preco_por_hospede,Preço anunciado por hóspede comportado,sem maior anfitrião (faixa),snapshot_2025_01_20,original,sensibilidade de anfitrião,75,16,,,,,2.5,2.5
centro|apartamento|1 quarto,Centro · apartamento · 1 quarto,meia praia|apartamento|1 quarto,Meia Praia · apartamento · 1 quarto,tese: vantagem de localização,principal pré-definida,preco_por_quarto,Preço anunciado por quarto,headline,snapshot_2025_01_20,original,não aplicável,75,16,450.0,440.0,10.0,0.022727272727272728,,
centro|apartamento|1 quarto,Centro · apartamento · 1 quarto,meia praia|apartamento|1 quarto,Meia Praia · apartamento · 1 quarto,tese: vantagem de localização,principal pré-definida,preco_por_quarto,Preço anunciado por quarto,mediana entre capturas,median_across_captures,original,não aplicável,78,20,448.0,441.0,7.0,0.015873015873015872,,
centro|apartamento|1 quarto,Centro · apartamento · 1 quarto,meia praia|apartamento|1 quarto,Meia Praia · apartamento · 1 quarto,tese: vantagem de localização,principal pré-definida,preco_por_quarto,Preço anunciado por quarto,mais recente (diagnóstico),latest_available,original,não aplicável,78,20,445.0,441.0,4.0,0.009070294784580499,,
centro|apartamento|1 quarto,Centro · apartamento · 1 quarto,meia praia|apartamento|1 quarto,Meia Praia · apartamento · 1 quarto,tese: vantagem de localização,principal pré-definida,preco_por_quarto,Preço anunciado por quarto,sem preços ≥ R$ 10 mil,snapshot_2025_01_20,exclude_suspicious_prices,não aplicável,75,16,450.0,440.0,10.0,0.022727272727272728,,
centro|apartamento|1 quarto,Centro · apartamento · 1 quarto,meia praia|apartamento|1 quarto,Meia Praia · apartamento · 1 quarto,tese: vantagem de localização,principal pré-definida,preco_por_quarto,Preço anunciado por quarto,sem os três listings afetados,snapshot_2025_01_20,exclude_affected_listings,não aplicável,75,16,450.0,440.0,10.0,0.022727272727272728,,
centro|apartamento|1 quarto,Centro · apartamento · 1 quarto,meia praia|apartamento|1 quarto,Meia Praia · apartamento · 1 quarto,tese: vantagem de localização,principal pré-definida,preco_por_quarto,Preço anunciado por quarto,calendário ajustado,snapshot_calendar_adjusted,original,não aplicável,75,16,454.66477363941675,466.59476105025544,-11.929987410838692,-0.025568198374078508,,
centro|apartamento|1 quarto,Centro · apartamento · 1 quarto,meia praia|apartamento|1 quarto,Meia Praia · apartamento · 1 quarto,tese: vantagem de localização,principal pré-definida,preco_por_quarto,Preço anunciado por quarto,peso igual por anfitrião,snapshot_2025_01_20,original,sensibilidade de anfitrião,75,16,450.0,400.0,50.0,0.125,,
centro|apartamento|1 quarto,Centro · apartamento · 1 quarto,meia praia|apartamento|1 quarto,Meia Praia · apartamento · 1 quarto,tese: vantagem de localização,principal pré-definida,preco_por_quarto,Preço anunciado por quarto,sem maior anfitrião (faixa),snapshot_2025_01_20,original,sensibilidade de anfitrião,75,16,,,,,50.0,50.0
centro|apartamento|1 quarto,Centro · apartamento · 1 quarto,centro|apartamento|2 quartos,Centro · apartamento · 2 quartos,tese: vantagem do compacto,principal pré-definida,preco_total,Preço anunciado total,headline,snapshot_2025_01_20,original,não aplicável,75,59,450.0,600.0,-150.0,-0.25,,
centro|apartamento|1 quarto,Centro · apartamento · 1 quarto,centro|apartamento|2 quartos,Centro · apartamento · 2 quartos,tese: vantagem do compacto,principal pré-definida,preco_total,Preço anunciado total,mediana entre capturas,median_across_captures,original,não aplicável,78,65,448.0,600.0,-152.0,-0.25333333333333335,,
centro|apartamento|1 quarto,Centro · apartamento · 1 quarto,centro|apartamento|2 quartos,Centro · apartamento · 2 quartos,tese: vantagem do compacto,principal pré-definida,preco_total,Preço anunciado total,mais recente (diagnóstico),latest_available,original,não aplicável,78,65,445.0,580.0,-135.0,-0.23275862068965517,,
centro|apartamento|1 quarto,Centro · apartamento · 1 quarto,centro|apartamento|2 quartos,Centro · apartamento · 2 quartos,tese: vantagem do compacto,principal pré-definida,preco_total,Preço anunciado total,sem preços ≥ R$ 10 mil,snapshot_2025_01_20,exclude_suspicious_prices,não aplicável,75,59,450.0,600.0,-150.0,-0.25,,
centro|apartamento|1 quarto,Centro · apartamento · 1 quarto,centro|apartamento|2 quartos,Centro · apartamento · 2 quartos,tese: vantagem do compacto,principal pré-definida,preco_total,Preço anunciado total,sem os três listings afetados,snapshot_2025_01_20,exclude_affected_listings,não aplicável,75,59,450.0,600.0,-150.0,-0.25,,
centro|apartamento|1 quarto,Centro · apartamento · 1 quarto,centro|apartamento|2 quartos,Centro · apartamento · 2 quartos,tese: vantagem do compacto,principal pré-definida,preco_total,Preço anunciado total,calendário ajustado,snapshot_calendar_adjusted,original,não aplicável,75,59,454.66477363941675,578.4471458954654,-123.78237225604863,-0.21399080820846175,,
centro|apartamento|1 quarto,Centro · apartamento · 1 quarto,centro|apartamento|2 quartos,Centro · apartamento · 2 quartos,tese: vantagem do compacto,principal pré-definida,preco_total,Preço anunciado total,peso igual por anfitrião,snapshot_2025_01_20,original,sensibilidade de anfitrião,75,59,450.0,480.0,-30.0,-0.0625,,
centro|apartamento|1 quarto,Centro · apartamento · 1 quarto,centro|apartamento|2 quartos,Centro · apartamento · 2 quartos,tese: vantagem do compacto,principal pré-definida,preco_total,Preço anunciado total,sem maior anfitrião (faixa),snapshot_2025_01_20,original,sensibilidade de anfitrião,75,59,,,,,1.0,1.0
centro|apartamento|1 quarto,Centro · apartamento · 1 quarto,centro|apartamento|2 quartos,Centro · apartamento · 2 quartos,tese: vantagem do compacto,principal pré-definida,preco_por_hospede,Preço anunciado por hóspede comportado,headline,snapshot_2025_01_20,original,todas as capacidades positivas,75,59,136.5,100.8125,35.6875,0.3539987600743955,,
centro|apartamento|1 quarto,Centro · apartamento · 1 quarto,centro|apartamento|2 quartos,Centro · apartamento · 2 quartos,tese: vantagem do compacto,principal pré-definida,preco_por_hospede,Preço anunciado por hóspede comportado,mediana entre capturas,median_across_captures,original,todas as capacidades positivas,78,65,151.75,100.0,51.75,0.5175,,
centro|apartamento|1 quarto,Centro · apartamento · 1 quarto,centro|apartamento|2 quartos,Centro · apartamento · 2 quartos,tese: vantagem do compacto,principal pré-definida,preco_por_hospede,Preço anunciado por hóspede comportado,mais recente (diagnóstico),latest_available,original,todas as capacidades positivas,78,65,138.0,100.0,38.0,0.38,,
centro|apartamento|1 quarto,Centro · apartamento · 1 quarto,centro|apartamento|2 quartos,Centro · apartamento · 2 quartos,tese: vantagem do compacto,principal pré-definida,preco_por_hospede,Preço anunciado por hóspede comportado,sem preços ≥ R$ 10 mil,snapshot_2025_01_20,exclude_suspicious_prices,todas as capacidades positivas,75,59,136.5,100.8125,35.6875,0.3539987600743955,,
centro|apartamento|1 quarto,Centro · apartamento · 1 quarto,centro|apartamento|2 quartos,Centro · apartamento · 2 quartos,tese: vantagem do compacto,principal pré-definida,preco_por_hospede,Preço anunciado por hóspede comportado,sem os três listings afetados,snapshot_2025_01_20,exclude_affected_listings,todas as capacidades positivas,75,59,136.5,100.8125,35.6875,0.3539987600743955,,
centro|apartamento|1 quarto,Centro · apartamento · 1 quarto,centro|apartamento|2 quartos,Centro · apartamento · 2 quartos,tese: vantagem do compacto,principal pré-definida,preco_por_hospede,Preço anunciado por hóspede comportado,calendário ajustado,snapshot_calendar_adjusted,original,todas as capacidades positivas,75,59,135.44368031540583,102.76433264804501,32.679347667360815,0.31800282087447107,,
centro|apartamento|1 quarto,Centro · apartamento · 1 quarto,centro|apartamento|2 quartos,Centro · apartamento · 2 quartos,tese: vantagem do compacto,principal pré-definida,preco_por_hospede,Preço anunciado por hóspede comportado,sem capacidades positivas suspeitas,snapshot_2025_01_20,original,sem capacidades positivas suspeitas,75,59,136.5,100.8125,35.6875,0.3539987600743955,,
centro|apartamento|1 quarto,Centro · apartamento · 1 quarto,centro|apartamento|2 quartos,Centro · apartamento · 2 quartos,tese: vantagem do compacto,principal pré-definida,preco_por_hospede,Preço anunciado por hóspede comportado,peso igual por anfitrião,snapshot_2025_01_20,original,sensibilidade de anfitrião,75,59,136.75,87.5,49.25,0.5628571428571428,,
centro|apartamento|1 quarto,Centro · apartamento · 1 quarto,centro|apartamento|2 quartos,Centro · apartamento · 2 quartos,tese: vantagem do compacto,principal pré-definida,preco_por_hospede,Preço anunciado por hóspede comportado,sem maior anfitrião (faixa),snapshot_2025_01_20,original,sensibilidade de anfitrião,75,59,,,,,32.5,32.5
centro|apartamento|1 quarto,Centro · apartamento · 1 quarto,centro|apartamento|2 quartos,Centro · apartamento · 2 quartos,tese: vantagem do compacto,principal pré-definida,preco_por_quarto,Preço anunciado por quarto,headline,snapshot_2025_01_20,original,não aplicável,75,59,450.0,300.0,150.0,0.5,,
centro|apartamento|1 quarto,Centro · apartamento · 1 quarto,centro|apartamento|2 quartos,Centro · apartamento · 2 quartos,tese: vantagem do compacto,principal pré-definida,preco_por_quarto,Preço anunciado por quarto,mediana entre capturas,median_across_captures,original,não aplicável,78,65,448.0,300.0,148.0,0.49333333333333335,,
centro|apartamento|1 quarto,Centro · apartamento · 1 quarto,centro|apartamento|2 quartos,Centro · apartamento · 2 quartos,tese: vantagem do compacto,principal pré-definida,preco_por_quarto,Preço anunciado por quarto,mais recente (diagnóstico),latest_available,original,não aplicável,78,65,445.0,290.0,155.0,0.5344827586206896,,
centro|apartamento|1 quarto,Centro · apartamento · 1 quarto,centro|apartamento|2 quartos,Centro · apartamento · 2 quartos,tese: vantagem do compacto,principal pré-definida,preco_por_quarto,Preço anunciado por quarto,sem preços ≥ R$ 10 mil,snapshot_2025_01_20,exclude_suspicious_prices,não aplicável,75,59,450.0,300.0,150.0,0.5,,
centro|apartamento|1 quarto,Centro · apartamento · 1 quarto,centro|apartamento|2 quartos,Centro · apartamento · 2 quartos,tese: vantagem do compacto,principal pré-definida,preco_por_quarto,Preço anunciado por quarto,sem os três listings afetados,snapshot_2025_01_20,exclude_affected_listings,não aplicável,75,59,450.0,300.0,150.0,0.5,,
centro|apartamento|1 quarto,Centro · apartamento · 1 quarto,centro|apartamento|2 quartos,Centro · apartamento · 2 quartos,tese: vantagem do compacto,principal pré-definida,preco_por_quarto,Preço anunciado por quarto,calendário ajustado,snapshot_calendar_adjusted,original,não aplicável,75,59,454.66477363941675,289.2235729477327,165.44120069168406,0.5720183835830764,,
centro|apartamento|1 quarto,Centro · apartamento · 1 quarto,centro|apartamento|2 quartos,Centro · apartamento · 2 quartos,tese: vantagem do compacto,principal pré-definida,preco_por_quarto,Preço anunciado por quarto,peso igual por anfitrião,snapshot_2025_01_20,original,sensibilidade de anfitrião,75,59,450.0,240.0,210.0,0.875,,
centro|apartamento|1 quarto,Centro · apartamento · 1 quarto,centro|apartamento|2 quartos,Centro · apartamento · 2 quartos,tese: vantagem do compacto,principal pré-definida,preco_por_quarto,Preço anunciado por quarto,sem maior anfitrião (faixa),snapshot_2025_01_20,original,sensibilidade de anfitrião,75,59,,,,,225.5,225.5
centro|apartamento|1 quarto,Centro · apartamento · 1 quarto,centro|apartamento|3 quartos,Centro · apartamento · 3 quartos,tese: vantagem do compacto,principal pré-definida,preco_total,Preço anunciado total,headline,snapshot_2025_01_20,original,não aplicável,75,38,450.0,664.0,-214.0,-0.32228915662650603,,
centro|apartamento|1 quarto,Centro · apartamento · 1 quarto,centro|apartamento|3 quartos,Centro · apartamento · 3 quartos,tese: vantagem do compacto,principal pré-definida,preco_total,Preço anunciado total,mediana entre capturas,median_across_captures,original,não aplicável,78,45,448.0,780.0,-332.0,-0.4256410256410256,,
centro|apartamento|1 quarto,Centro · apartamento · 1 quarto,centro|apartamento|3 quartos,Centro · apartamento · 3 quartos,tese: vantagem do compacto,principal pré-definida,preco_total,Preço anunciado total,mais recente (diagnóstico),latest_available,original,não aplicável,78,45,445.0,790.0,-345.0,-0.43670886075949367,,
centro|apartamento|1 quarto,Centro · apartamento · 1 quarto,centro|apartamento|3 quartos,Centro · apartamento · 3 quartos,tese: vantagem do compacto,principal pré-definida,preco_total,Preço anunciado total,sem preços ≥ R$ 10 mil,snapshot_2025_01_20,exclude_suspicious_prices,não aplicável,75,38,450.0,664.0,-214.0,-0.32228915662650603,,
centro|apartamento|1 quarto,Centro · apartamento · 1 quarto,centro|apartamento|3 quartos,Centro · apartamento · 3 quartos,tese: vantagem do compacto,principal pré-definida,preco_total,Preço anunciado total,sem os três listings afetados,snapshot_2025_01_20,exclude_affected_listings,não aplicável,75,38,450.0,664.0,-214.0,-0.32228915662650603,,
centro|apartamento|1 quarto,Centro · apartamento · 1 quarto,centro|apartamento|3 quartos,Centro · apartamento · 3 quartos,tese: vantagem do compacto,principal pré-definida,preco_total,Preço anunciado total,calendário ajustado,snapshot_calendar_adjusted,original,não aplicável,75,38,454.66477363941675,683.2564658957934,-228.5916922563767,-0.3345620622216552,,
centro|apartamento|1 quarto,Centro · apartamento · 1 quarto,centro|apartamento|3 quartos,Centro · apartamento · 3 quartos,tese: vantagem do compacto,principal pré-definida,preco_total,Preço anunciado total,peso igual por anfitrião,snapshot_2025_01_20,original,sensibilidade de anfitrião,75,38,450.0,669.25,-219.25,-0.32760552857676506,,
centro|apartamento|1 quarto,Centro · apartamento · 1 quarto,centro|apartamento|3 quartos,Centro · apartamento · 3 quartos,tese: vantagem do compacto,principal pré-definida,preco_total,Preço anunciado total,sem maior anfitrião (faixa),snapshot_2025_01_20,original,sensibilidade de anfitrião,75,38,,,,,-213.75,-213.75
centro|apartamento|1 quarto,Centro · apartamento · 1 quarto,centro|apartamento|3 quartos,Centro · apartamento · 3 quartos,tese: vantagem do compacto,principal pré-definida,preco_por_hospede,Preço anunciado por hóspede comportado,headline,snapshot_2025_01_20,original,todas as capacidades positivas,75,38,136.5,98.765625,37.734375,0.38205980066445183,,
centro|apartamento|1 quarto,Centro · apartamento · 1 quarto,centro|apartamento|3 quartos,Centro · apartamento · 3 quartos,tese: vantagem do compacto,principal pré-definida,preco_por_hospede,Preço anunciado por hóspede comportado,mediana entre capturas,median_across_captures,original,todas as capacidades positivas,78,45,151.75,101.4375,50.3125,0.4959950708564387,,
centro|apartamento|1 quarto,Centro · apartamento · 1 quarto,centro|apartamento|3 quartos,Centro · apartamento · 3 quartos,tese: vantagem do compacto,principal pré-definida,preco_por_hospede,Preço anunciado por hóspede comportado,mais recente (diagnóstico),latest_available,original,todas as capacidades positivas,78,45,138.0,105.46875,32.53125,0.30844444444444447,,
centro|apartamento|1 quarto,Centro · apartamento · 1 quarto,centro|apartamento|3 quartos,Centro · apartamento · 3 quartos,tese: vantagem do compacto,principal pré-definida,preco_por_hospede,Preço anunciado por hóspede comportado,sem preços ≥ R$ 10 mil,snapshot_2025_01_20,exclude_suspicious_prices,todas as capacidades positivas,75,38,136.5,98.765625,37.734375,0.38205980066445183,,
centro|apartamento|1 quarto,Centro · apartamento · 1 quarto,centro|apartamento|3 quartos,Centro · apartamento · 3 quartos,tese: vantagem do compacto,principal pré-definida,preco_por_hospede,Preço anunciado por hóspede comportado,sem os três listings afetados,snapshot_2025_01_20,exclude_affected_listings,todas as capacidades positivas,75,38,136.5,98.765625,37.734375,0.38205980066445183,,
centro|apartamento|1 quarto,Centro · apartamento · 1 quarto,centro|apartamento|3 quartos,Centro · apartamento · 3 quartos,tese: vantagem do compacto,principal pré-definida,preco_por_hospede,Preço anunciado por hóspede comportado,calendário ajustado,snapshot_calendar_adjusted,original,todas as capacidades positivas,75,38,135.44368031540583,95.52927913885614,39.91440117654969,0.4178237451005183,,
centro|apartamento|1 quarto,Centro · apartamento · 1 quarto,centro|apartamento|3 quartos,Centro · apartamento · 3 quartos,tese: vantagem do compacto,principal pré-definida,preco_por_hospede,Preço anunciado por hóspede comportado,sem capacidades positivas suspeitas,snapshot_2025_01_20,original,sem capacidades positivas suspeitas,75,38,136.5,98.765625,37.734375,0.38205980066445183,,
centro|apartamento|1 quarto,Centro · apartamento · 1 quarto,centro|apartamento|3 quartos,Centro · apartamento · 3 quartos,tese: vantagem do compacto,principal pré-definida,preco_por_hospede,Preço anunciado por hóspede comportado,peso igual por anfitrião,snapshot_2025_01_20,original,sensibilidade de anfitrião,75,38,136.75,95.18229166666666,41.56770833333334,0.43671682626539005,,
centro|apartamento|1 quarto,Centro · apartamento · 1 quarto,centro|apartamento|3 quartos,Centro · apartamento · 3 quartos,tese: vantagem do compacto,principal pré-definida,preco_por_hospede,Preço anunciado por hóspede comportado,sem maior anfitrião (faixa),snapshot_2025_01_20,original,sensibilidade de anfitrião,75,38,,,,,17.317708333333343,17.317708333333343
centro|apartamento|1 quarto,Centro · apartamento · 1 quarto,centro|apartamento|3 quartos,Centro · apartamento · 3 quartos,tese: vantagem do compacto,principal pré-definida,preco_por_quarto,Preço anunciado por quarto,headline,snapshot_2025_01_20,original,não aplicável,75,38,450.0,221.33333333333331,228.66666666666669,1.0331325301204821,,
centro|apartamento|1 quarto,Centro · apartamento · 1 quarto,centro|apartamento|3 quartos,Centro · apartamento · 3 quartos,tese: vantagem do compacto,principal pré-definida,preco_por_quarto,Preço anunciado por quarto,mediana entre capturas,median_across_captures,original,não aplicável,78,45,448.0,260.0,188.0,0.7230769230769231,,
centro|apartamento|1 quarto,Centro · apartamento · 1 quarto,centro|apartamento|3 quartos,Centro · apartamento · 3 quartos,tese: vantagem do compacto,principal pré-definida,preco_por_quarto,Preço anunciado por quarto,mais recente (diagnóstico),latest_available,original,não aplicável,78,45,445.0,263.3333333333333,181.66666666666669,0.6898734177215191,,
centro|apartamento|1 quarto,Centro · apartamento · 1 quarto,centro|apartamento|3 quartos,Centro · apartamento · 3 quartos,tese: vantagem do compacto,principal pré-definida,preco_por_quarto,Preço anunciado por quarto,sem preços ≥ R$ 10 mil,snapshot_2025_01_20,exclude_suspicious_prices,não aplicável,75,38,450.0,221.33333333333331,228.66666666666669,1.0331325301204821,,
centro|apartamento|1 quarto,Centro · apartamento · 1 quarto,centro|apartamento|3 quartos,Centro · apartamento · 3 quartos,tese: vantagem do compacto,principal pré-definida,preco_por_quarto,Preço anunciado por quarto,sem os três listings afetados,snapshot_2025_01_20,exclude_affected_listings,não aplicável,75,38,450.0,221.33333333333331,228.66666666666669,1.0331325301204821,,
centro|apartamento|1 quarto,Centro · apartamento · 1 quarto,centro|apartamento|3 quartos,Centro · apartamento · 3 quartos,tese: vantagem do compacto,principal pré-definida,preco_por_quarto,Preço anunciado por quarto,calendário ajustado,snapshot_calendar_adjusted,original,não aplicável,75,38,454.66477363941675,227.7521552985978,226.91261834081894,0.9963138133350343,,
centro|apartamento|1 quarto,Centro · apartamento · 1 quarto,centro|apartamento|3 quartos,Centro · apartamento · 3 quartos,tese: vantagem do compacto,principal pré-definida,preco_por_quarto,Preço anunciado por quarto,peso igual por anfitrião,snapshot_2025_01_20,original,sensibilidade de anfitrião,75,38,450.0,223.08333333333331,226.91666666666669,1.0171834142697052,,
centro|apartamento|1 quarto,Centro · apartamento · 1 quarto,centro|apartamento|3 quartos,Centro · apartamento · 3 quartos,tese: vantagem do compacto,principal pré-definida,preco_por_quarto,Preço anunciado por quarto,sem maior anfitrião (faixa),snapshot_2025_01_20,original,sensibilidade de anfitrião,75,38,,,,,228.75,228.75
