segment_key,segmento_imoveis,bairro,tipo_imovel,quartos,n_listings,mediana_datas_por_listing,p25_datas_por_listing,p75_datas_por_listing,datas_uniao,datas_comuns_a_todos,jaccard_mediano_entre_listings,distancia_calendario_do_mercado,mediana_proporcao_fim_semana,mediana_proporcao_janeiro,mediana_proporcao_fevereiro,mediana_proporcao_marco,mediana_proporcao_abril,preco_mediano_original,preco_mediano_ajustado_calendario,n_listings_metodo_principal,suporte_principal_airbnb,ajuste_calendario_pct,rank_original_segmentos_principais,rank_ajustado_segmentos_principais
sertaozinho|casa|6 quartos,Sertaozinho · casa · 6 quartos,Sertaozinho,casa,6,2,80.5,78.75,82.25,91,70,0.7692307692307693,0.14069874629024542,0.2673160173160173,0.09794372294372294,0.2976190476190476,0.362012987012987,0.24242424242424243,2581.25,2263.4695494279913,2,evidência insuficiente no Airbnb,-0.12311107043951908,,
alto sao bento|casa|12 quartos,Alto Sao Bento · casa · 12 quartos,Alto Sao Bento,casa,12,1,62.0,62.0,62.0,62,62,,0.2214884557140357,0.25806451612903225,0.0,0.2903225806451613,0.3870967741935484,0.3225806451612903,2500.0,2670.0622290346814,1,evidência insuficiente no Airbnb,0.0680248916138726,,
tabuleiro dos oliveiras|casa|4 quartos,Tabuleiro dos Oliveiras · casa · 4 quartos,Tabuleiro dos Oliveiras,casa,4,1,62.0,62.0,62.0,62,62,,0.26373815649520954,0.2903225806451613,0.08064516129032258,0.2903225806451613,0.3064516129032258,0.3225806451612903,1700.0,1577.910155285253,1,evidência insuficiente no Airbnb,-0.07181755571455706,,
varzea|casa|5 quartos,Varzea · casa · 5 quartos,Varzea,casa,5,1,89.0,89.0,89.0,89,89,,0.1581728010781481,0.2808988764044944,0.12359550561797752,0.3146067415730337,0.34831460674157305,0.21348314606741572,1500.0,1546.818104471183,1,evidência insuficiente no Airbnb,0.031212069647455376,,
centro|casa|4 quartos,Centro · casa · 4 quartos,Centro,casa,4,2,59.0,49.0,69.0,82,36,0.43902439024390244,0.18005780007211905,0.24196689386562806,0.0379746835443038,0.24131775397598182,0.3951639078221357,0.32554365465757873,1400.0,1449.4264125253176,2,evidência insuficiente no Airbnb,0.03530458037522677,,
morretes|casa|4 quartos,Morretes · casa · 4 quartos,Morretes,casa,4,2,32.0,20.0,44.0,56,8,0.14285714285714285,0.4733159322455174,0.26785714285714285,0.017857142857142856,0.13392857142857142,0.16964285714285715,0.6785714285714286,1100.0,1264.6245449283397,2,evidência insuficiente no Airbnb,0.14965867720758141,,
sertao do trombudo|casa|4 quartos,Sertao do Trombudo · casa · 4 quartos,Sertao do Trombudo,casa,4,1,37.0,37.0,37.0,37,37,,0.5216597003386109,0.2702702702702703,0.08108108108108109,0.32432432432432434,0.21621621621621623,0.3783783783783784,1000.0,1092.2877444790793,1,evidência insuficiente no Airbnb,0.09228774447907928,,
ilhota|casa|4 quartos,Ilhota · casa · 4 quartos,Ilhota,casa,4,1,48.0,48.0,48.0,48,48,,0.6125332900462062,0.2708333333333333,0.25,0.5833333333333334,0.16666666666666666,0.0,946.0,748.5024230395036,1,evidência insuficiente no Airbnb,-0.20877122300263895,,
meia praia|apartamento|5 quartos,Meia Praia · apartamento · 5 quartos,Meia Praia,apartamento,5,1,16.0,16.0,16.0,16,16,,0.7617724151837598,0.3125,0.0,0.0,0.25,0.75,900.0,1052.0302776737158,1,evidência insuficiente no Airbnb,0.1689225307485731,,
meia praia|apartamento|4 quartos,Meia Praia · apartamento · 4 quartos,Meia Praia,apartamento,4,43,48.0,34.5,71.5,91,0,0.44155844155844154,0.06138043777015333,0.2898550724637681,0.02127659574468085,0.2608695652173913,0.39344262295081966,0.2898550724637681,899.0,959.400416915872,43,principal no Airbnb,0.06718622571287214,1.0,1.0
varzea|casa|3 quartos,Varzea · casa · 3 quartos,Varzea,casa,3,1,18.0,18.0,18.0,18,18,,0.8365827804156697,0.3888888888888889,0.1111111111111111,0.8888888888888888,0.0,0.0,700.0,553.8601438981528,1,evidência insuficiente no Airbnb,-0.20877122300263884,,
centro|apartamento|3 quartos,Centro · apartamento · 3 quartos,Centro,apartamento,3,38,57.5,32.75,65.25,89,0,0.48484848484848486,0.08239405992654807,0.290994623655914,0.0,0.2101018675721562,0.4039473684210526,0.32002048131080385,664.0,683.2564658957934,38,principal no Airbnb,0.02900070165029134,2.0,2.0
meia praia|apartamento|3 quartos,Meia Praia · apartamento · 3 quartos,Meia Praia,apartamento,3,284,54.0,35.75,68.0,91,0,0.453125,0.032379307986727876,0.2857142857142857,0.0,0.24818840579710144,0.4191368788142982,0.28169014084507044,650.0,624.9771395122112,284,principal no Airbnb,-0.03849670844275199,3.0,3.0
morretes|apartamento|3 quartos,Morretes · apartamento · 3 quartos,Morretes,apartamento,3,9,55.0,30.0,66.0,85,0,0.4772727272727273,0.19083289925422361,0.3,0.0,0.15,0.4696969696969697,0.2878787878787879,650.0,649.826334255177,9,evidência insuficiente no Airbnb,-0.0002671780689584846,,
tabuleiro dos oliveiras|apartamento|3 quartos,Tabuleiro dos Oliveiras · apartamento · 3 quartos,Tabuleiro dos Oliveiras,apartamento,3,3,78.0,75.0,81.5,85,71,0.8987341772151899,0.09823349176633833,0.29411764705882354,0.038461538461538464,0.3076923076923077,0.3974358974358974,0.2564102564102564,640.0,666.7361497616461,3,evidência insuficiente no Airbnb,0.04177523400257188,,
centro|apartamento|2 quartos,Centro · apartamento · 2 quartos,Centro,apartamento,2,59,61.0,45.5,74.0,91,0,0.6027397260273972,0.052036005047341474,0.2894736842105263,0.018518518518518517,0.2,0.43636363636363634,0.2898550724637681,600.0,578.4471458954654,59,principal no Airbnb,-0.03592142350755767,4.0,4.0
ilhota|casa|3 quartos,Ilhota · casa · 3 quartos,Ilhota,casa,3,2,77.5,75.75,79.25,81,74,0.9135802469135802,0.13226449946585486,0.2962128795462129,0.012345679012345678,0.35527193860527195,0.40081748415081747,0.2315648982315649,595.0,579.4543265201215,2,evidência insuficiente no Airbnb,-0.026127182319123476,,
morretes|apartamento|4 quartos,Morretes · apartamento · 4 quartos,Morretes,apartamento,4,1,41.0,41.0,41.0,41,41,,0.4547061933318908,0.2682926829268293,0.14634146341463414,0.024390243902439025,0.36585365853658536,0.4634146341463415,590.0,619.6632396564007,1,evidência insuficiente no Airbnb,0.050276677383729984,,
ilhota|apartamento|2 quartos,Ilhota · apartamento · 2 quartos,Ilhota,apartamento,2,1,69.0,69.0,69.0,69,69,,0.14743227065456882,0.2898550724637681,0.057971014492753624,0.2028985507246377,0.4492753623188406,0.2898550724637681,585.0,579.770565010127,1,evidência insuficiente no Airbnb,-0.008939205110893966,,
areal|casa|1 quarto,Areal · casa · 1 quarto,Areal,casa,1,1,37.0,37.0,37.0,37,37,,0.6880410842853634,0.2702702702702703,0.21621621621621623,0.6486486486486487,0.13513513513513514,0.0,556.0,433.7942756645486,1,evidência insuficiente no Airbnb,-0.2197944682292291,,
canto da praia|apartamento|2 quartos,Canto da Praia · apartamento · 2 quartos,Canto da Praia,apartamento,2,4,62.0,46.75,65.0,90,1,0.28956675508399643,0.2871152613508516,0.30000000000000004,0.07235984354628422,0.3307692307692308,0.4333767926988266,0.0423728813559322,509.0,450.7357311042722,4,evidência insuficiente no Airbnb,-0.11446811177942595,,
meia praia|casa|4 quartos,Meia Praia · casa · 4 quartos,Meia Praia,casa,4,1,59.0,59.0,59.0,59,59,,0.22576964359387502,0.2711864406779661,0.05084745762711865,0.13559322033898305,0.5254237288135594,0.288135593220339,500.0,527.1658998451154,1,evidência insuficiente no Airbnb,0.05433179969023083,,
sertaozinho|casa|2 quartos,Sertaozinho · casa · 2 quartos,Sertaozinho,casa,2,1,86.0,86.0,86.0,86,86,,0.13604432406066194,0.3023255813953488,0.08139534883720931,0.32558139534883723,0.36046511627906974,0.23255813953488372,500.0,452.95929373210413,1,evidência insuficiente no Airbnb,-0.09408141253579172,,
morretes|apartamento|2 quartos,Morretes · apartamento · 2 quartos,Morretes,apartamento,2,43,62.0,45.0,73.0,90,0,0.569620253164557,0.06742616044071296,0.2857142857142857,0.037037037037037035,0.21739130434782608,0.43661971830985913,0.2857142857142857,453.5,437.7565240398608,43,principal no Airbnb,-0.034715492745621246,5.0,7.0
varzea|casa|1 quarto,Varzea · casa · 1 quarto,Varzea,casa,1,1,9.0,9.0,9.0,9,9,,0.9585204517146496,0.2222222222222222,1.0,0.0,0.0,0.0,450.0,327.68632334372376,1,evidência insuficiente no Airbnb,-0.27180817034728055,,
centro|apartamento|1 quarto,Centro · apartamento · 1 quarto,Centro,apartamento,1,75,67.0,59.5,73.5,91,5,0.7307692307692307,0.0486118047724415,0.2891566265060241,0.02631578947368421,0.24324324324324326,0.4246575342465753,0.29850746268656714,450.0,454.66477363941675,75,principal no Airbnb,0.01036616364314824,6.0,5.0
centro|apartamento|4 quartos,Centro · apartamento · 4 quartos,Centro,apartamento,4,1,19.0,19.0,19.0,19,19,,0.7790619089977937,0.2631578947368421,0.0,0.42105263157894735,0.0,0.5789473684210527,450.0,521.7935085091143,1,evidência insuficiente no Airbnb,0.15954113002025405,,
meia praia|apartamento|2 quartos,Meia Praia · apartamento · 2 quartos,Meia Praia,apartamento,2,126,52.0,34.0,65.0,90,0,0.4642857142857143,0.05188188321241136,0.28888888888888886,0.0,0.20950888192267503,0.41650239369191777,0.3191075172207247,448.0,446.2363235352792,126,principal no Airbnb,-0.003936777823037474,7.0,6.0
meia praia|apartamento|1 quarto,Meia Praia · apartamento · 1 quarto,Meia Praia,apartamento,1,16,57.5,43.5,70.0,89,1,0.5817454268292683,0.0758035251036782,0.286692759295499,0.007142857142857143,0.22197802197802197,0.4446428571428571,0.2987736900780379,440.0,466.59476105025544,16,exploratório no Airbnb,0.060442638750580535,,
casa branca|apartamento|3 quartos,Casa Branca · apartamento · 3 quartos,Casa Branca,apartamento,3,2,56.5,51.25,61.75,82,31,0.3780487804878049,0.2828908588974984,0.30142764438676184,0.029201817001946788,0.4312134977287476,0.31424399740428294,0.2253406878650227,403.0,343.84940762056976,2,evidência insuficiente no Airbnb,-0.14677566347253157,,
morretes|apartamento|1 quarto,Morretes · apartamento · 1 quarto,Morretes,apartamento,1,3,12.0,11.0,33.5,70,0,0.046875,0.5635777215777004,0.2727272727272727,0.05454545454545454,0.08333333333333333,0.3,0.0,400.0,317.0646573233902,3,evidência insuficiente no Airbnb,-0.20733835669152456,,
tabuleiro dos oliveiras|apartamento|2 quartos,Tabuleiro dos Oliveiras · apartamento · 2 quartos,Tabuleiro dos Oliveiras,apartamento,2,12,54.0,36.0,69.25,89,0,0.42436440677966103,0.1163051153685963,0.30178571428571427,0.025645624103299854,0.32141663882392246,0.42169117647058824,0.261986301369863,399.5,428.77776496162255,12,exploratório no Airbnb,0.07328601992896755,,
sertao do trombudo|casa|1 quarto,Sertao do Trombudo · casa · 1 quarto,Sertao do Trombudo,casa,1,2,79.5,77.25,81.75,88,71,0.8068181818181818,0.12418789840370506,0.26285714285714284,0.0869047619047619,0.2947619047619048,0.3778571428571429,0.24047619047619045,380.0,363.1908807475959,2,evidência insuficiente no Airbnb,-0.04423452434843189,,
meia praia|apartamento|0 quartos,Meia Praia · apartamento · 0 quartos,Meia Praia,apartamento,0,7,63.0,50.0,72.0,89,16,0.5526315789473685,0.10091570495510739,0.2857142857142857,0.0,0.3076923076923077,0.49206349206349204,0.2564102564102564,380.0,379.45156906860103,7,evidência insuficiente no Airbnb,-0.0014432392931551519,,
ilhota|apartamento|1 quarto,Ilhota · apartamento · 1 quarto,Ilhota,apartamento,1,2,83.5,81.75,85.25,87,80,0.9195402298850575,0.11880800020316033,0.2879310344827586,0.05222701149425287,0.335919540229885,0.3719109195402299,0.23994252873563218,345.5,305.61586570008853,2,evidência insuficiente no Airbnb,-0.11543888364663235,,
morretes|casa|2 quartos,Morretes · casa · 2 quartos,Morretes,casa,2,8,49.5,39.5,65.0,88,8,0.5030120481927711,0.1112069188644533,0.287593984962406,0.010869565217391304,0.1944672131147541,0.411825017088175,0.3014344262295082,323.5,324.3292170825812,8,evidência insuficiente no Airbnb,0.0025632676432185697,,
canto da praia|apartamento|3 quartos,Canto da Praia · apartamento · 3 quartos,Canto da Praia,apartamento,3,1,28.0,28.0,28.0,28,28,,0.5896619464817122,0.17857142857142858,0.0,0.10714285714285714,0.39285714285714285,0.5,307.625,357.5942020616033,1,evidência insuficiente no Airbnb,0.1624354394525911,,
casa branca|casa|1 quarto,Casa Branca · casa · 1 quarto,Casa Branca,casa,1,1,58.0,58.0,58.0,58,58,,0.35381345036979095,0.29310344827586204,0.0,0.46551724137931033,0.5344827586206896,0.0,300.0,247.12392409028942,1,evidência insuficiente no Airbnb,-0.17625358636570188,,
centro|casa|1 quarto,Centro · casa · 1 quarto,Centro,casa,1,1,11.0,11.0,11.0,11,11,,0.944231662594612,0.36363636363636365,0.7272727272727273,0.2727272727272727,0.0,0.0,283.0,213.73105933239117,1,evidência insuficiente no Airbnb,-0.24476657479720432,,
alto sao bento|apartamento|1 quarto,Alto Sao Bento · apartamento · 1 quarto,Alto Sao Bento,apartamento,1,1,63.0,63.0,63.0,63,63,,0.18115168618280958,0.31746031746031744,0.0,0.25396825396825395,0.42857142857142855,0.31746031746031744,280.0,292.39060081657954,1,evidência insuficiente no Airbnb,0.04425214577349834,,
casa branca|apartamento|2 quartos,Casa Branca · apartamento · 2 quartos,Casa Branca,apartamento,2,4,54.5,51.25,62.75,86,31,0.5678061081535444,0.21171885147882602,0.28743545611015486,0.05670508119434259,0.2991094814038764,0.47692048517520214,0.12048192771084337,260.0,243.3876831912513,4,evidência insuficiente no Airbnb,-0.063893526187495,,
centro|casa|2 quartos,Centro · casa · 2 quartos,Centro,casa,2,1,38.0,38.0,38.0,38,38,,0.44955176836770017,0.2631578947368421,0.0,0.10526315789473684,0.3684210526315789,0.5263157894736842,250.0,273.0719361197698,1,evidência insuficiente no Airbnb,0.09228774447907928,,
ilhota|casa|2 quartos,Ilhota · casa · 2 quartos,Ilhota,casa,2,1,29.0,29.0,29.0,29,29,,0.5809272112251432,0.2413793103448276,0.0,0.13793103448275862,0.5517241379310345,0.3103448275862069,210.0,221.40967793494852,1,evidência insuficiente no Airbnb,0.05433179969023105,,
alto sao bento|apartamento|2 quartos,Alto Sao Bento · apartamento · 2 quartos,Alto Sao Bento,apartamento,2,1,48.0,48.0,48.0,48,48,,0.32249275017826073,0.2916666666666667,0.0,0.0,0.5833333333333334,0.4166666666666667,199.0,210.85792528364868,1,evidência insuficiente no Airbnb,0.05958756423944056,,
meia praia|casa|1 quarto,Meia Praia · casa · 1 quarto,Meia Praia,casa,1,1,68.0,68.0,68.0,68,68,,0.19199656475467425,0.2647058823529412,0.14705882352941177,0.14705882352941177,0.4117647058823529,0.29411764705882354,195.0,201.10619626184598,1,evidência insuficiente no Airbnb,0.031313826983825566,,
