segmento_imoveis_airbnb,bairro,tipo_imovel_airbnb,quartos_airbnb,n_airbnb,preco_airbnb_mediano_20_01,preco_airbnb_p25_20_01,preco_airbnb_p75_20_01,n_hosts,participacao_maior_host,segmento_imoveis_vivareal,suburb_original_variants,suburb_norm,tipo_imovel_vivareal,quartos_vivareal,n_vivareal,preco_pedido_mediano,preco_pedido_p25,preco_pedido_p75,n_preco_compra_suspeito,n_preco_compra_sem_suspeitos,preco_pedido_mediano_sem_suspeitos,n_area_valida,cobertura_area_valida,area_util_mediana_m2,preco_pedido_mediano_m2,n_condominio_valido,cobertura_condominio_valido,condominio_mensal_mediano_valido,suporte_condominio,n_iptu_positivo_observado,cobertura_iptu_positivo_observado,n_advertisers,maior_advertiser,listings_maior_advertiser,participacao_maior_advertiser,segment_key,status_ligacao,suporte_investimento,ligacao_individual,chave_ligacao
Alto Sao Bento · apartamento · 1 quarto,Alto Sao Bento,apartamento,1.0,1,280.0,280.0,280.0,1.0,1.0,,,,,,0,,,,,,,,,,,,,,,,,,,,,alto sao bento|apartamento|1 quarto,exclusivo Airbnb,evidência insuficiente,False,bairro normalizado + tipo residencial + quartos
Alto Sao Bento · apartamento · 2 quartos,Alto Sao Bento,apartamento,2.0,1,199.0,199.0,199.0,1.0,1.0,Alto Sao Bento · apartamento · 2 quartos,Alto São Bento,alto sao bento,apartamento,2.0,35,618710.0,549000.0,676445.0,0.0,35.0,618710.0,35.0,1.0,65.0,9384.057971014492,13.0,0.37142857142857144,300.0,exploratório,12.0,0.34285714285714286,23.0,USUÁRIO NEWCORE,5.0,0.14285714285714285,alto sao bento|apartamento|2 quartos,segmento correspondente,evidência insuficiente,False,bairro normalizado + tipo residencial + quartos
Alto Sao Bento · casa · 12 quartos,Alto Sao Bento,casa,12.0,1,2500.0,2500.0,2500.0,1.0,1.0,,,,,,0,,,,,,,,,,,,,,,,,,,,,alto sao bento|casa|12 quartos,exclusivo Airbnb,evidência insuficiente,False,bairro normalizado + tipo residencial + quartos
,,,,0,,,,,,Alto Sao Bento · casa · 2 quartos,Alto São Bento,alto sao bento,casa,2.0,10,599445.0,520000.0,624552.5,0.0,10.0,599445.0,10.0,1.0,87.5,7480.292832167832,5.0,0.5,1.0,exploratório,5.0,0.5,7.0,USUÁRIO NEWCORE,4.0,0.4,alto sao bento|casa|2 quartos,exclusivo VivaReal,evidência insuficiente,False,bairro normalizado + tipo residencial + quartos
,,,,0,,,,,,Alto Sao Bento · casa · 3 quartos,Alto São Bento,alto sao bento,casa,3.0,5,690000.0,685000.0,1050000.0,0.0,5.0,690000.0,5.0,1.0,95.0,7324.84076433121,0.0,0.0,,sem dado válido,0.0,0.0,3.0,Imobiliária Morada do Sol,3.0,0.6,alto sao bento|casa|3 quartos,exclusivo VivaReal,evidência insuficiente,False,bairro normalizado + tipo residencial + quartos
,,,,0,,,,,,Alto Sao Bento · casa · 6 quartos,Alto São Bento,alto sao bento,casa,6.0,1,1000000.0,1000000.0,1000000.0,0.0,1.0,1000000.0,1.0,1.0,150.0,6666.666666666667,0.0,0.0,,sem dado válido,0.0,0.0,1.0,CONFIARI INVESTIMENTOS IMOBILIÁRIOS,1.0,1.0,alto sao bento|casa|6 quartos,exclusivo VivaReal,evidência insuficiente,False,bairro normalizado + tipo residencial + quartos
,,,,0,,,,,,Andorinha · apartamento · 1 quarto,Andorinha,andorinha,apartamento,1.0,8,679500.0,641703.0,711906.0,0.0,8.0,679500.0,8.0,1.0,43.0,14735.023255813954,3.0,0.375,350.0,exploratório,2.0,0.25,8.0,J.V Imóveis,1.0,0.125,andorinha|apartamento|1 quarto,exclusivo VivaReal,evidência insuficiente,False,bairro normalizado + tipo residencial + quartos
,,,,0,,,,,,Andorinha · apartamento · 2 quartos,Andorinha,andorinha,apartamento,2.0,68,983071.0,849807.5,1130853.75,0.0,68.0,983071.0,68.0,1.0,83.0,11265.098039215685,41.0,0.6029411764705882,499.0,principal,36.0,0.5294117647058824,35.0,USUÁRIO NEWCORE,6.0,0.08823529411764706,andorinha|apartamento|2 quartos,exclusivo VivaReal,evidência insuficiente,False,bairro normalizado + tipo residencial + quartos
,,,,0,,,,,,Andorinha · apartamento · 3 quartos,Andorinha,andorinha,apartamento,3.0,471,1700000.0,1450000.0,1990000.0,5.0,466.0,1699800.0,470.0,0.9978768577494692,122.0,13743.75,235.0,0.4989384288747346,580.0,principal,196.0,0.416135881104034,96.0,USUÁRIO NEWCORE,71.0,0.15074309978768577,andorinha|apartamento|3 quartos,exclusivo VivaReal,evidência insuficiente,False,bairro normalizado + tipo residencial + quartos
,,,,0,,,,,,Andorinha · apartamento · 4 quartos,Andorinha,andorinha,apartamento,4.0,196,2750000.0,2298390.0,3598762.5,2.0,194.0,2729600.0,196.0,1.0,182.0,15220.439691027927,87.0,0.44387755102040816,850.0,principal,84.0,0.42857142857142855,55.0,USUÁRIO NEWCORE,51.0,0.2602040816326531,andorinha|apartamento|4 quartos,exclusivo VivaReal,evidência insuficiente,False,bairro normalizado + tipo residencial + quartos
,,,,0,,,,,,Andorinha · apartamento · 5 quartos,Andorinha,andorinha,apartamento,5.0,10,4449425.0,4114010.75,8166781.0,0.0,10.0,4449425.0,9.0,0.9,300.0,15663.8,6.0,0.6,1292.0,exploratório,6.0,0.6,6.0,USUÁRIO NEWCORE,5.0,0.5,andorinha|apartamento|5 quartos,exclusivo VivaReal,evidência insuficiente,False,bairro normalizado + tipo residencial + quartos
,,,,0,,,,,,Andorinha · apartamento · 6 quartos,Andorinha,andorinha,apartamento,6.0,2,9878830.0,9878830.0,9878830.0,0.0,2.0,9878830.0,2.0,1.0,300.0,32929.433333333334,0.0,0.0,,sem dado válido,0.0,0.0,2.0,Ismael Fernandes,1.0,0.5,andorinha|apartamento|6 quartos,exclusivo VivaReal,evidência insuficiente,False,bairro normalizado + tipo residencial + quartos
,,,,0,,,,,,Andorinha · apartamento · 7 quartos,Andorinha,andorinha,apartamento,7.0,1,10000.0,10000.0,10000.0,1.0,0.0,,1.0,1.0,437.0,22.88329519450801,1.0,1.0,10.0,exploratório,1.0,1.0,1.0,CORRETORSC IMOVEIS LTDA,1.0,1.0,andorinha|apartamento|7 quartos,exclusivo VivaReal,evidência insuficiente,False,bairro normalizado + tipo residencial + quartos
,,,,0,,,,,,Andorinha · casa · 1 quarto,Andorinha,andorinha,casa,1.0,1,2500000.0,2500000.0,2500000.0,0.0,1.0,2500000.0,1.0,1.0,100.0,25000.0,0.0,0.0,,sem dado válido,0.0,0.0,1.0,Airton Investimentos Imobiliários BC,1.0,1.0,andorinha|casa|1 quarto,exclusivo VivaReal,evidência insuficiente,False,bairro normalizado + tipo residencial + quartos
,,,,0,,,,,,Andorinha · casa · 2 quartos,Andorinha,andorinha,casa,2.0,3,590000.0,590000.0,590000.0,0.0,3.0,590000.0,3.0,1.0,89.0,6629.213483146067,0.0,0.0,,sem dado válido,3.0,1.0,2.0,Paulo Roberto Leardi,2.0,0.6666666666666666,andorinha|casa|2 quartos,exclusivo VivaReal,evidência insuficiente,False,bairro normalizado + tipo residencial + quartos
,,,,0,,,,,,Andorinha · casa · 3 quartos,Andorinha,andorinha,casa,3.0,3,1450000.0,1438000.0,1624580.0,0.0,3.0,1450000.0,3.0,1.0,124.0,12851.142857142857,1.0,0.3333333333333333,1.0,exploratório,1.0,0.3333333333333333,3.0,INEZ JESUS NUNES LIMA,1.0,0.3333333333333333,andorinha|casa|3 quartos,exclusivo VivaReal,evidência insuficiente,False,bairro normalizado + tipo residencial + quartos
,,,,0,,,,,,Andorinha · casa · 4 quartos,Andorinha,andorinha,casa,4.0,2,18370000.0,18370000.0,18370000.0,0.0,2.0,18370000.0,2.0,1.0,812.0,22623.18702101941,2.0,1.0,905.0,exploratório,0.0,0.0,2.0,EVOLUÇÃO IMÓVEIS,1.0,0.5,andorinha|casa|4 quartos,exclusivo VivaReal,evidência insuficiente,False,bairro normalizado + tipo residencial + quartos
Areal · casa · 1 quarto,Areal,casa,1.0,1,556.0,556.0,556.0,1.0,1.0,,,,,,0,,,,,,,,,,,,,,,,,,,,,areal|casa|1 quarto,exclusivo Airbnb,evidência insuficiente,False,bairro normalizado + tipo residencial + quartos
,,,,0,,,,,,Canto Da Praia · apartamento · 1 quarto,Canto da Praia,canto da praia,apartamento,1.0,7,780000.0,602500.0,795000.0,0.0,7.0,780000.0,7.0,1.0,50.0,14220.689655172413,2.0,0.2857142857142857,600.0,exploratório,3.0,0.42857142857142855,7.0,D.g.a Negocios Imobiliarios,1.0,0.14285714285714285,canto da praia|apartamento|1 quarto,exclusivo VivaReal,evidência insuficiente,False,bairro normalizado + tipo residencial + quartos
Canto da Praia · apartamento · 2 quartos,Canto da Praia,apartamento,2.0,4,509.0,494.75,534.25,4.0,0.25,Canto Da Praia · apartamento · 2 quartos,Canto da Praia,canto da praia,apartamento,2.0,14,1221806.5,1207999.75,1417000.0,0.0,14.0,1221806.5,14.0,1.0,87.5,14270.114942528737,8.0,0.5714285714285714,1.0,exploratório,8.0,0.5714285714285714,11.0,Smolka Imóveis,3.0,0.21428571428571427,canto da praia|apartamento|2 quartos,segmento correspondente,evidência insuficiente,False,bairro normalizado + tipo residencial + quartos
Canto da Praia · apartamento · 3 quartos,Canto da Praia,apartamento,3.0,1,307.625,307.625,307.625,1.0,1.0,Canto Da Praia · apartamento · 3 quartos,Canto da Praia,canto da praia,apartamento,3.0,66,1769930.0,1507500.0,2349900.0,1.0,65.0,1749860.0,66.0,1.0,116.0,15050.505050505051,17.0,0.25757575757575757,700.0,exploratório,18.0,0.2727272727272727,34.0,Imobille Negócios Imobiliários,11.0,0.16666666666666666,canto da praia|apartamento|3 quartos,segmento correspondente,evidência insuficiente,False,bairro normalizado + tipo residencial + quartos
,,,,0,,,,,,Canto Da Praia · apartamento · 4 quartos,Canto da Praia,canto da praia,apartamento,4.0,14,4874765.0,3070000.0,7187250.0,0.0,14.0,4874765.0,14.0,1.0,196.0,25493.743949394942,5.0,0.35714285714285715,1.0,exploratório,5.0,0.35714285714285715,10.0,USUÁRIO NEWCORE,3.0,0.21428571428571427,canto da praia|apartamento|4 quartos,exclusivo VivaReal,evidência insuficiente,False,bairro normalizado + tipo residencial + quartos
,,,,0,,,,,,Canto Da Praia · apartamento · 5 quartos,Canto da Praia,canto da praia,apartamento,5.0,2,7650000.0,7650000.0,7650000.0,0.0,2.0,7650000.0,2.0,1.0,350.0,21857.14285714286,0.0,0.0,,sem dado válido,0.0,0.0,2.0,CONFIARI INVESTIMENTOS IMOBILIÁRIOS,1.0,0.5,canto da praia|apartamento|5 quartos,exclusivo VivaReal,evidência insuficiente,False,bairro normalizado + tipo residencial + quartos
,,,,0,,,,,,Canto Da Praia · casa · 3 quartos,Canto da Praia,canto da praia,casa,3.0,16,2970000.0,2950000.0,3575000.0,0.0,16.0,2970000.0,16.0,1.0,200.0,14795.0,8.0,0.5,475.0,exploratório,8.0,0.5,12.0,USUÁRIO NEWCORE,3.0,0.1875,canto da praia|casa|3 quartos,exclusivo VivaReal,evidência insuficiente,False,bairro normalizado + tipo residencial + quartos
,,,,0,,,,,,Canto Da Praia · casa · 4 quartos,Canto da Praia,canto da praia,casa,4.0,7,5851023.0,5670511.5,6200000.0,0.0,7.0,5851023.0,7.0,1.0,305.0,18333.333333333332,3.0,0.42857142857142855,1.0,exploratório,4.0,0.5714285714285714,6.0,Eraci Eponina Jaques de Oliveira,2.0,0.2857142857142857,canto da praia|casa|4 quartos,exclusivo VivaReal,evidência insuficiente,False,bairro normalizado + tipo residencial + quartos
,,,,0,,,,,,Canto Da Praia · casa · 5 quartos,Canto da Praia,canto da praia,casa,5.0,4,7575000.0,7500000.0,7650000.0,0.0,4.0,7575000.0,4.0,1.0,350.0,21642.857142857145,1.0,0.25,1.0,exploratório,1.0,0.25,4.0,Imobille Negócios Imobiliários,1.0,0.25,canto da praia|casa|5 quartos,exclusivo VivaReal,evidência insuficiente,False,bairro normalizado + tipo residencial + quartos
Casa Branca · apartamento · 2 quartos,Casa Branca,apartamento,2.0,4,260.0,233.75,297.25,4.0,0.25,Casa Branca · apartamento · 2 quartos,Casa Branca,casa branca,apartamento,2.0,20,655000.0,588500.0,717250.0,0.0,20.0,655000.0,20.0,1.0,69.5,9714.285714285714,9.0,0.45,350.0,exploratório,9.0,0.45,18.0,HRM Imóveis,2.0,0.1,casa branca|apartamento|2 quartos,segmento correspondente,evidência insuficiente,False,bairro normalizado + tipo residencial + quartos
Casa Branca · apartamento · 3 quartos,Casa Branca,apartamento,3.0,2,403.0,354.5,451.5,2.0,0.5,Casa Branca · apartamento · 3 quartos,Casa Branca,casa branca,apartamento,3.0,7,778000.0,732557.0,1412266.0,0.0,7.0,778000.0,7.0,1.0,70.0,10658.771428571428,0.0,0.0,,sem dado válido,0.0,0.0,7.0,Duo Imóveis,1.0,0.14285714285714285,casa branca|apartamento|3 quartos,segmento correspondente,evidência insuficiente,False,bairro normalizado + tipo residencial + quartos
Casa Branca · casa · 1 quarto,Casa Branca,casa,1.0,1,300.0,300.0,300.0,1.0,1.0,,,,,,0,,,,,,,,,,,,,,,,,,,,,casa branca|casa|1 quarto,exclusivo Airbnb,evidência insuficiente,False,bairro normalizado + tipo residencial + quartos
,,,,0,,,,,,Casa Branca · casa · 2 quartos,Casa Branca,casa branca,casa,2.0,5,730000.0,650000.0,730000.0,0.0,5.0,730000.0,5.0,1.0,120.0,6250.0,0.0,0.0,,sem dado válido,0.0,0.0,4.0,Scheeren & Silveira Imobiliaria LTDA,2.0,0.4,casa branca|casa|2 quartos,exclusivo VivaReal,evidência insuficiente,False,bairro normalizado + tipo residencial + quartos
,,,,0,,,,,,Casa Branca · casa · 3 quartos,Casa Branca,casa branca,casa,3.0,19,5800000.0,1244500.0,7249500.0,0.0,19.0,5800000.0,19.0,1.0,300.0,16704.057279236276,10.0,0.5263157894736842,759.5,exploratório,8.0,0.42105263157894735,14.0,Winner Brokers,2.0,0.10526315789473684,casa branca|casa|3 quartos,exclusivo VivaReal,evidência insuficiente,False,bairro normalizado + tipo residencial + quartos
,,,,0,,,,,,Casa Branca · casa · 4 quartos,Casa Branca,casa branca,casa,4.0,13,3790000.0,3489650.0,12000000.0,0.0,13.0,3790000.0,13.0,1.0,272.0,13904.382470119523,8.0,0.6153846153846154,565.5,exploratório,6.0,0.46153846153846156,9.0,USUÁRIO NEWCORE,3.0,0.23076923076923078,casa branca|casa|4 quartos,exclusivo VivaReal,evidência insuficiente,False,bairro normalizado + tipo residencial + quartos
,,,,0,,,,,,Casa Branca · casa · 6 quartos,Casa Branca,casa branca,casa,6.0,1,2348670.0,2348670.0,2348670.0,0.0,1.0,2348670.0,1.0,1.0,450.0,5219.266666666666,1.0,1.0,1.0,exploratório,1.0,1.0,1.0,USUÁRIO NEWCORE,1.0,1.0,casa branca|casa|6 quartos,exclusivo VivaReal,evidência insuficiente,False,bairro normalizado + tipo residencial + quartos
,,,,0,,,,,,Castelo Branco · apartamento · 1 quarto,Castelo Branco,castelo branco,apartamento,1.0,1,951000.0,951000.0,951000.0,0.0,1.0,951000.0,1.0,1.0,28.0,33964.28571428572,0.0,0.0,,sem dado válido,0.0,0.0,1.0,SELLEN INVESTIMENTOS IMOBILIARIOS LTDA,1.0,1.0,castelo branco|apartamento|1 quarto,exclusivo VivaReal,evidência insuficiente,False,bairro normalizado + tipo residencial + quartos
,,,,0,,,,,,Castelo Branco · apartamento · 2 quartos,Castelo Branco,castelo branco,apartamento,2.0,60,1055000.0,884792.5,1212370.0,0.0,60.0,1055000.0,60.0,1.0,86.0,11904.076086956522,41.0,0.6833333333333333,431.0,principal,34.0,0.5666666666666667,27.0,Airton Investimentos Imobiliários BC,6.0,0.1,castelo branco|apartamento|2 quartos,exclusivo VivaReal,evidência insuficiente,False,bairro normalizado + tipo residencial + quartos
,,,,0,,,,,,Castelo Branco · apartamento · 3 quartos,Castelo Branco,castelo branco,apartamento,3.0,296,1682505.0,1390000.0,1974865.0,4.0,292.0,1677375.0,296.0,1.0,125.5,13590.017425939757,149.0,0.5033783783783784,550.0,principal,130.0,0.4391891891891892,69.0,USUÁRIO NEWCORE,52.0,0.17567567567567569,castelo branco|apartamento|3 quartos,exclusivo VivaReal,evidência insuficiente,False,bairro normalizado + tipo residencial + quartos
,,,,0,,,,,,Castelo Branco · apartamento · 4 quartos,Castelo Branco,castelo branco,apartamento,4.0,130,2525000.0,1808750.0,4117500.0,5.0,125.0,2450000.0,130.0,1.0,182.0,14085.421888053468,52.0,0.4,700.0,principal,53.0,0.4076923076923077,56.0,Eraci Eponina Jaques de Oliveira,10.0,0.07692307692307693,castelo branco|apartamento|4 quartos,exclusivo VivaReal,evidência insuficiente,False,bairro normalizado + tipo residencial + quartos
,,,,0,,,,,,Castelo Branco · apartamento · 5 quartos,Castelo Branco,castelo branco,apartamento,5.0,5,7993000.0,4798000.0,12000000.0,0.0,5.0,7993000.0,5.0,1.0,486.0,18150.05138746146,0.0,0.0,,sem dado válido,1.0,0.2,5.0,TAB IMÓVEIS,1.0,0.2,castelo branco|apartamento|5 quartos,exclusivo VivaReal,evidência insuficiente,False,bairro normalizado + tipo residencial + quartos
,,,,0,,,,,,Castelo Branco · casa · 1 quarto,Castelo Branco,castelo branco,casa,1.0,1,2100000.0,2100000.0,2100000.0,0.0,1.0,2100000.0,1.0,1.0,304.0,6907.894736842105,0.0,0.0,,sem dado válido,0.0,0.0,1.0,PL Imóveis,1.0,1.0,castelo branco|casa|1 quarto,exclusivo VivaReal,evidência insuficiente,False,bairro normalizado + tipo residencial + quartos
,,,,0,,,,,,Castelo Branco · casa · 3 quartos,Castelo Branco,castelo branco,casa,3.0,6,1700000.0,1433500.0,2021925.0,0.0,6.0,1700000.0,6.0,1.0,150.0,12310.077519379844,2.0,0.3333333333333333,275.5,exploratório,2.0,0.3333333333333333,5.0,Airton Investimentos Imobiliários Itapema,2.0,0.3333333333333333,castelo branco|casa|3 quartos,exclusivo VivaReal,evidência insuficiente,False,bairro normalizado + tipo residencial + quartos
,,,,0,,,,,,Castelo Branco · casa · 4 quartos,Castelo Branco,castelo branco,casa,4.0,1,3500000.0,3500000.0,3500000.0,0.0,1.0,3500000.0,1.0,1.0,219.0,15981.735159817352,0.0,0.0,,sem dado válido,0.0,0.0,1.0,Ricardo Imóveis,1.0,1.0,castelo branco|casa|4 quartos,exclusivo VivaReal,evidência insuficiente,False,bairro normalizado + tipo residencial + quartos
Centro · apartamento · 1 quarto,Centro,apartamento,1.0,75,450.0,378.25,497.0,17.0,0.72,Centro · apartamento · 1 quarto,Centro,centro,apartamento,1.0,22,890000.0,652500.0,980000.0,1.0,21.0,890000.0,21.0,0.9545454545454546,42.0,16250.0,10.0,0.45454545454545453,500.0,exploratório,7.0,0.3181818181818182,16.0,Imobille Negócios Imobiliários,3.0,0.13636363636363635,centro|apartamento|1 quarto,segmento correspondente,principal,False,bairro normalizado + tipo residencial + quartos
Centro · apartamento · 2 quartos,Centro,apartamento,2.0,59,600.0,399.0,682.0,37.0,0.3389830508474576,Centro · apartamento · 2 quartos,CENTRO | Centro,centro,apartamento,2.0,89,1150000.0,889000.0,1550000.0,0.0,89.0,1150000.0,88.0,0.9887640449438202,86.0,13088.778409090908,55.0,0.6179775280898876,500.0,principal,50.0,0.5617977528089888,43.0,Paulo Roberto Leardi,13.0,0.14606741573033707,centro|apartamento|2 quartos,segmento correspondente,principal,False,bairro normalizado + tipo residencial + quartos
Centro · apartamento · 3 quartos,Centro,apartamento,3.0,38,664.0,500.0,832.75,34.0,0.1052631578947368,Centro · apartamento · 3 quartos,Centro,centro,apartamento,3.0,437,2100000.0,1750000.0,2790000.0,1.0,436.0,2100000.0,434.0,0.9931350114416476,131.0,15789.473684210527,179.0,0.4096109839816934,617.0,principal,154.0,0.3524027459954233,119.0,Imobille Negócios Imobiliários,32.0,0.07322654462242563,centro|apartamento|3 quartos,segmento correspondente,principal,False,bairro normalizado + tipo residencial + quartos
Centro · apartamento · 4 quartos,Centro,apartamento,4.0,1,450.0,450.0,450.0,1.0,1.0,Centro · apartamento · 4 quartos,Centro,centro,apartamento,4.0,400,3700000.0,2713118.25,5445056.25,9.0,391.0,3690000.0,399.0,0.9975,197.0,18446.601941747573,109.0,0.2725,900.0,principal,108.0,0.27,100.0,Imobille Negócios Imobiliários,33.0,0.0825,centro|apartamento|4 quartos,segmento correspondente,evidência insuficiente,False,bairro normalizado + tipo residencial + quartos
,,,,0,,,,,,Centro · apartamento · 5 quartos,Centro,centro,apartamento,5.0,28,8665000.0,6019000.0,12636316.5,0.0,28.0,8665000.0,28.0,1.0,411.0,25547.445255474453,10.0,0.35714285714285715,1875.0,exploratório,9.0,0.32142857142857145,20.0,Ismael Fernandes,4.0,0.14285714285714285,centro|apartamento|5 quartos,exclusivo VivaReal,evidência insuficiente,False,bairro normalizado + tipo residencial + quartos
,,,,0,,,,,,Centro · apartamento · 6 quartos,Centro,centro,apartamento,6.0,4,10554000.0,7581000.0,12500000.0,0.0,4.0,10554000.0,4.0,1.0,391.5,26776.705125186407,0.0,0.0,,sem dado válido,0.0,0.0,2.0,Reggiori Imóveis,3.0,0.75,centro|apartamento|6 quartos,exclusivo VivaReal,evidência insuficiente,False,bairro normalizado + tipo residencial + quartos
,,,,0,,,,,,Centro · apartamento · 7 quartos,Centro,centro,apartamento,7.0,2,16000000.0,16000000.0,16000000.0,0.0,2.0,16000000.0,2.0,1.0,709.0,22568.11815635345,0.0,0.0,,sem dado válido,0.0,0.0,2.0,Eraci Eponina Jaques de Oliveira,1.0,0.5,centro|apartamento|7 quartos,exclusivo VivaReal,evidência insuficiente,False,bairro normalizado + tipo residencial + quartos
Centro · casa · 1 quarto,Centro,casa,1.0,1,283.0,283.0,283.0,1.0,1.0,,,,,,0,,,,,,,,,,,,,,,,,,,,,centro|casa|1 quarto,exclusivo Airbnb,evidência insuficiente,False,bairro normalizado + tipo residencial + quartos
Centro · casa · 2 quartos,Centro,casa,2.0,1,250.0,250.0,250.0,1.0,1.0,Centro · casa · 2 quartos,Centro,centro,casa,2.0,3,599000.0,599000.0,599500.0,0.0,3.0,599000.0,3.0,1.0,78.0,7679.48717948718,0.0,0.0,,sem dado válido,2.0,0.6666666666666666,2.0,Nei Costa,2.0,0.6666666666666666,centro|casa|2 quartos,segmento correspondente,evidência insuficiente,False,bairro normalizado + tipo residencial + quartos
,,,,0,,,,,,Centro · casa · 3 quartos,Centro,centro,casa,3.0,5,1580000.0,1579830.0,1850000.0,0.0,5.0,1580000.0,5.0,1.0,120.0,15677.966101694916,1.0,0.2,1.0,exploratório,2.0,0.4,3.0,INEZ JESUS NUNES LIMA,2.0,0.4,centro|casa|3 quartos,exclusivo VivaReal,evidência insuficiente,False,bairro normalizado + tipo residencial + quartos
Centro · casa · 4 quartos,Centro,casa,4.0,2,1400.0,1200.0,1600.0,2.0,0.5,Centro · casa · 4 quartos,Centro,centro,casa,4.0,7,5198800.0,3499400.0,7045000.0,0.0,7.0,5198800.0,7.0,1.0,229.0,18567.14285714286,0.0,0.0,,sem dado válido,0.0,0.0,4.0,INEZ JESUS NUNES LIMA,3.0,0.42857142857142855,centro|casa|4 quartos,segmento correspondente,evidência insuficiente,False,bairro normalizado + tipo residencial + quartos
,,,,0,,,,,,Centro · casa · 5 quartos,Centro,centro,casa,5.0,2,7022633.0,4011316.5,10033949.5,0.0,2.0,7022633.0,2.0,1.0,490.5,12817.272981920041,0.0,0.0,,sem dado válido,0.0,0.0,2.0,Duo Imóveis,1.0,0.5,centro|casa|5 quartos,exclusivo VivaReal,evidência insuficiente,False,bairro normalizado + tipo residencial + quartos
,,,,0,,,,,,Desconhecido · apartamento · 1 quarto,,desconhecido,apartamento,1.0,1,2000000.0,2000000.0,2000000.0,0.0,1.0,2000000.0,1.0,1.0,65.0,30769.23076923077,0.0,0.0,,sem dado válido,0.0,0.0,1.0,RAFAELLE IMÓVEIS ALTO PADRÃO,1.0,1.0,desconhecido|apartamento|1 quarto,exclusivo VivaReal,evidência insuficiente,False,bairro normalizado + tipo residencial + quartos
,,,,0,,,,,,Desconhecido · apartamento · 2 quartos,,desconhecido,apartamento,2.0,28,757405.0,607750.0,896250.0,0.0,28.0,757405.0,28.0,1.0,67.0,11652.161458333332,12.0,0.42857142857142855,335.0,exploratório,9.0,0.32142857142857145,17.0,Reggiori Imóveis,4.0,0.14285714285714285,desconhecido|apartamento|2 quartos,exclusivo VivaReal,evidência insuficiente,False,bairro normalizado + tipo residencial + quartos
,,,,0,,,,,,Desconhecido · apartamento · 3 quartos,,desconhecido,apartamento,3.0,29,1630000.0,1400000.0,2000000.0,1.0,28.0,1621513.0,29.0,1.0,130.0,12692.307692307691,6.0,0.20689655172413793,570.5,exploratório,6.0,0.20689655172413793,17.0,Reggiori Imóveis,11.0,0.3793103448275862,desconhecido|apartamento|3 quartos,exclusivo VivaReal,evidência insuficiente,False,bairro normalizado + tipo residencial + quartos
,,,,0,,,,,,Desconhecido · apartamento · 4 quartos,,desconhecido,apartamento,4.0,27,2768000.0,1875000.0,4600000.0,1.0,26.0,2714010.0,27.0,1.0,229.0,14000.105263157895,5.0,0.18518518518518517,600.0,exploratório,4.0,0.14814814814814814,14.0,Reggiori Imóveis,13.0,0.48148148148148145,desconhecido|apartamento|4 quartos,exclusivo VivaReal,evidência insuficiente,False,bairro normalizado + tipo residencial + quartos
,,,,0,,,,,,Desconhecido · apartamento · 5 quartos,,desconhecido,apartamento,5.0,3,2600000.0,2100000.0,13800000.0,0.0,3.0,2600000.0,3.0,1.0,332.0,6280.193236714976,0.0,0.0,,sem dado válido,0.0,0.0,3.0,Reggiori Imóveis,1.0,0.3333333333333333,desconhecido|apartamento|5 quartos,exclusivo VivaReal,evidência insuficiente,False,bairro normalizado + tipo residencial + quartos
,,,,0,,,,,,Desconhecido · casa · 2 quartos,,desconhecido,casa,2.0,1,592259.0,592259.0,592259.0,0.0,1.0,592259.0,1.0,1.0,64.0,9254.046875,0.0,0.0,,sem dado válido,0.0,0.0,1.0,LUX HOUSE IMOVEIS LTDA,1.0,1.0,desconhecido|casa|2 quartos,exclusivo VivaReal,evidência insuficiente,False,bairro normalizado + tipo residencial + quartos
,,,,0,,,,,,Desconhecido · casa · 3 quartos,,desconhecido,casa,3.0,2,2025000.0,1287500.0,2762500.0,0.0,2.0,2025000.0,2.0,1.0,188.0,9075.821104122992,0.0,0.0,,sem dado válido,0.0,0.0,2.0,RAFAELLE IMÓVEIS ALTO PADRÃO,1.0,0.5,desconhecido|casa|3 quartos,exclusivo VivaReal,evidência insuficiente,False,bairro normalizado + tipo residencial + quartos
,,,,0,,,,,,Desconhecido · casa · 4 quartos,,desconhecido,casa,4.0,4,10400000.0,7050000.0,13442500.0,0.0,4.0,10400000.0,4.0,1.0,410.0,21552.796771662368,2.0,0.5,757.5,exploratório,2.0,0.5,4.0,Imobiliária Morada do Sol,1.0,0.25,desconhecido|casa|4 quartos,exclusivo VivaReal,evidência insuficiente,False,bairro normalizado + tipo residencial + quartos
,,,,0,,,,,,Estreito · apartamento · 3 quartos,Estreito,estreito,apartamento,3.0,1,2750000.0,2750000.0,2750000.0,0.0,1.0,2750000.0,1.0,1.0,280.0,9821.42857142857,0.0,0.0,,sem dado válido,0.0,0.0,1.0,Moraes Reis Imóveis Eireli,1.0,1.0,estreito|apartamento|3 quartos,exclusivo VivaReal,evidência insuficiente,False,bairro normalizado + tipo residencial + quartos
,,,,0,,,,,,Estreito · apartamento · 4 quartos,Estreito,estreito,apartamento,4.0,4,5107500.0,4645000.0,5365000.0,0.0,4.0,5107500.0,4.0,1.0,197.5,26762.516469038208,3.0,0.75,990.0,exploratório,1.0,0.25,4.0,Imobille Negócios Imobiliários,1.0,0.25,estreito|apartamento|4 quartos,exclusivo VivaReal,evidência insuficiente,False,bairro normalizado + tipo residencial + quartos
Ilhota · apartamento · 1 quarto,Ilhota,apartamento,1.0,2,345.5,343.25,347.75,1.0,1.0,Ilhota · apartamento · 1 quarto,Ilhota,ilhota,apartamento,1.0,5,220000.0,202658.0,255000.0,0.0,5.0,220000.0,5.0,1.0,38.0,5333.105263157895,3.0,0.6,250.0,exploratório,1.0,0.2,4.0,Airton Investimentos Imobiliários Itapema,2.0,0.4,ilhota|apartamento|1 quarto,segmento correspondente,evidência insuficiente,False,bairro normalizado + tipo residencial + quartos
Ilhota · apartamento · 2 quartos,Ilhota,apartamento,2.0,1,585.0,585.0,585.0,1.0,1.0,,,,,,0,,,,,,,,,,,,,,,,,,,,,ilhota|apartamento|2 quartos,exclusivo Airbnb,evidência insuficiente,False,bairro normalizado + tipo residencial + quartos
,,,,0,,,,,,Ilhota · apartamento · 3 quartos,Ilhota,ilhota,apartamento,3.0,4,2025000.0,2025000.0,2780062.5,0.0,4.0,2025000.0,4.0,1.0,129.0,15697.67441860465,2.0,0.5,401.5,exploratório,1.0,0.25,4.0,Eraci Eponina Jaques de Oliveira,1.0,0.25,ilhota|apartamento|3 quartos,exclusivo VivaReal,evidência insuficiente,False,bairro normalizado + tipo residencial + quartos
,,,,0,,,,,,Ilhota · apartamento · 4 quartos,Ilhota,ilhota,apartamento,4.0,19,2845125.0,2663385.0,3903189.0,0.0,19.0,2845125.0,19.0,1.0,154.0,18474.83766233766,6.0,0.3157894736842105,950.0,exploratório,5.0,0.2631578947368421,8.0,Airton Investimentos Imobiliários Itapema,6.0,0.3157894736842105,ilhota|apartamento|4 quartos,exclusivo VivaReal,evidência insuficiente,False,bairro normalizado + tipo residencial + quartos
Ilhota · casa · 2 quartos,Ilhota,casa,2.0,1,210.0,210.0,210.0,1.0,1.0,Ilhota · casa · 2 quartos,Ilhota,ilhota,casa,2.0,1,500000.0,500000.0,500000.0,0.0,1.0,500000.0,1.0,1.0,74.0,6756.756756756757,0.0,0.0,,sem dado válido,0.0,0.0,1.0,Viva Imóveis,1.0,1.0,ilhota|casa|2 quartos,segmento correspondente,evidência insuficiente,False,bairro normalizado + tipo residencial + quartos
Ilhota · casa · 3 quartos,Ilhota,casa,3.0,2,595.0,542.5,647.5,2.0,0.5,Ilhota · casa · 3 quartos,Ilhota,ilhota,casa,3.0,3,5505000.0,3752500.0,11937500.0,0.0,3.0,5505000.0,3.0,1.0,362.0,15207.182320441989,0.0,0.0,,sem dado válido,0.0,0.0,3.0,Marcia da Costa Silva,1.0,0.3333333333333333,ilhota|casa|3 quartos,segmento correspondente,evidência insuficiente,False,bairro normalizado + tipo residencial + quartos
Ilhota · casa · 4 quartos,Ilhota,casa,4.0,1,946.0,946.0,946.0,1.0,1.0,Ilhota · casa · 4 quartos,Ilhota,ilhota,casa,4.0,6,18370000.0,18167350.0,18370000.0,0.0,6.0,18370000.0,6.0,1.0,811.0,22651.048088779284,5.0,0.8333333333333334,905.0,exploratório,3.0,0.5,6.0,Imobille Negócios Imobiliários,1.0,0.16666666666666666,ilhota|casa|4 quartos,segmento correspondente,evidência insuficiente,False,bairro normalizado + tipo residencial + quartos
,,,,0,,,,,,Ilhota · casa · 5 quartos,Ilhota,ilhota,casa,5.0,2,21000000.0,19000000.0,23000000.0,0.0,2.0,21000000.0,0.0,0.0,,,1.0,0.5,2000.0,exploratório,1.0,0.5,2.0,Imobille Negócios Imobiliários,1.0,0.5,ilhota|casa|5 quartos,exclusivo VivaReal,evidência insuficiente,False,bairro normalizado + tipo residencial + quartos
,,,,0,,,,,,Ilhota · casa · 6 quartos,Ilhota,ilhota,casa,6.0,10,14950000.0,14950000.0,14950000.0,0.0,10.0,14950000.0,9.0,0.9,574.0,26045.296167247387,4.0,0.4,1900.0,exploratório,4.0,0.4,10.0,Imobille Negócios Imobiliários,1.0,0.1,ilhota|casa|6 quartos,exclusivo VivaReal,evidência insuficiente,False,bairro normalizado + tipo residencial + quartos
,,,,0,,,,,,Itapema · apartamento · 3 quartos,Itapema,itapema,apartamento,3.0,2,1614947.5,1132421.25,2097473.75,0.0,2.0,1614947.5,2.0,1.0,97.0,15029.384057971014,0.0,0.0,,sem dado válido,0.0,0.0,2.0,K2 Imóveis,1.0,0.5,itapema|apartamento|3 quartos,exclusivo VivaReal,evidência insuficiente,False,bairro normalizado + tipo residencial + quartos
,,,,0,,,,,,Jardim Praia Mar · apartamento · 1 quarto,Jardim Praia Mar,jardim praia mar,apartamento,1.0,6,710000.0,573537.5,746750.0,0.0,6.0,710000.0,5.0,0.8333333333333334,62.0,11935.483870967742,1.0,0.16666666666666666,1.0,exploratório,1.0,0.16666666666666666,6.0,Duo Imóveis,1.0,0.16666666666666666,jardim praia mar|apartamento|1 quarto,exclusivo VivaReal,evidência insuficiente,False,bairro normalizado + tipo residencial + quartos
,,,,0,,,,,,Jardim Praia Mar · apartamento · 2 quartos,Jardim Praia Mar,jardim praia mar,apartamento,2.0,88,729990.5,642855.75,829625.0,0.0,88.0,729990.5,88.0,1.0,64.0,10822.4765625,42.0,0.4772727272727273,285.0,principal,33.0,0.375,41.0,Airton Investimentos Imobiliários Itapema,10.0,0.11363636363636363,jardim praia mar|apartamento|2 quartos,exclusivo VivaReal,evidência insuficiente,False,bairro normalizado + tipo residencial + quartos
,,,,0,,,,,,Jardim Praia Mar · apartamento · 3 quartos,Jardim Praia Mar,jardim praia mar,apartamento,3.0,8,702191.0,656930.0,731250.0,0.0,8.0,702191.0,8.0,1.0,69.5,10103.182194616977,4.0,0.5,400.0,exploratório,3.0,0.375,5.0,Airton Investimentos Imobiliários Itapema,3.0,0.375,jardim praia mar|apartamento|3 quartos,exclusivo VivaReal,evidência insuficiente,False,bairro normalizado + tipo residencial + quartos
,,,,0,,,,,,Jardim Praia Mar · apartamento · 4 quartos,Jardim Praia Mar,jardim praia mar,apartamento,4.0,1,4000000.0,4000000.0,4000000.0,0.0,1.0,4000000.0,1.0,1.0,190.0,21052.63157894737,0.0,0.0,,sem dado válido,1.0,1.0,1.0,Crédito Real | Itapema,1.0,1.0,jardim praia mar|apartamento|4 quartos,exclusivo VivaReal,evidência insuficiente,False,bairro normalizado + tipo residencial + quartos
,,,,0,,,,,,Meia Praia - Frente Mar · apartamento · 4 quartos,Meia Praia - Frente Mar,meia praia - frente mar,apartamento,4.0,1,6830000.0,6830000.0,6830000.0,0.0,1.0,6830000.0,1.0,1.0,157.0,43503.1847133758,0.0,0.0,,sem dado válido,0.0,0.0,1.0,CONFIARI INVESTIMENTOS IMOBILIÁRIOS,1.0,1.0,meia praia - frente mar|apartamento|4 quartos,exclusivo VivaReal,evidência insuficiente,False,bairro normalizado + tipo residencial + quartos
Meia Praia · apartamento · 0 quartos,Meia Praia,apartamento,0.0,7,380.0,315.4,515.0,7.0,0.1428571428571428,,,,,,0,,,,,,,,,,,,,,,,,,,,,meia praia|apartamento|0 quartos,exclusivo Airbnb,evidência insuficiente,False,bairro normalizado + tipo residencial + quartos
Meia Praia · apartamento · 1 quarto,Meia Praia,apartamento,1.0,16,440.0,382.875,510.75,14.0,0.1875,Meia Praia · apartamento · 1 quarto,Meia Praia,meia praia,apartamento,1.0,58,877500.0,757000.0,1003755.25,1.0,57.0,875000.0,56.0,0.9655172413793104,40.0,21250.0,18.0,0.3103448275862069,727.5,exploratório,18.0,0.3103448275862069,31.0,Imobille Negócios Imobiliários,10.0,0.1724137931034483,meia praia|apartamento|1 quarto,segmento correspondente,exploratório,False,bairro normalizado + tipo residencial + quartos
Meia Praia · apartamento · 2 quartos,Meia Praia,apartamento,2.0,126,448.0,350.0,550.0,112.0,0.0555555555555555,Meia Praia · apartamento · 2 quartos,Meia Praia,meia praia,apartamento,2.0,243,1080000.0,912850.0,1290000.0,2.0,241.0,1070000.0,243.0,1.0,85.0,13032.608695652174,132.0,0.5432098765432098,500.0,principal,115.0,0.4732510288065844,68.0,Scheeren & Silveira Imobiliaria LTDA,19.0,0.07818930041152264,meia praia|apartamento|2 quartos,segmento correspondente,principal,False,bairro normalizado + tipo residencial + quartos
Meia Praia · apartamento · 3 quartos,Meia Praia,apartamento,3.0,284,650.0,500.0,816.499975,235.0,0.0422535211267605,Meia Praia · apartamento · 3 quartos,MEIA PRAIA | Meia Praia | Meia praia | meia praia,meia praia,apartamento,3.0,1697,1885000.0,1579800.0,2399240.0,33.0,1664.0,1871827.5,1684.0,0.9923394225103123,128.0,15000.0,799.0,0.47083087802003537,600.0,principal,668.0,0.3936358279316441,192.0,Imobille Negócios Imobiliários,149.0,0.08780200353565115,meia praia|apartamento|3 quartos,segmento correspondente,principal,False,bairro normalizado + tipo residencial + quartos
Meia Praia · apartamento · 4 quartos,Meia Praia,apartamento,4.0,43,899.0,735.0,1537.0,38.0,0.0465116279069767,Meia Praia · apartamento · 4 quartos,Meia Praia | Meia praia | meia praia,meia praia,apartamento,4.0,1322,3600000.0,2754250.0,4987500.0,21.0,1301.0,3560000.0,1314.0,0.9939485627836612,188.0,18604.490537795362,536.0,0.405446293494705,923.0,principal,434.0,0.32829046898638425,175.0,Imobille Negócios Imobiliários,100.0,0.07564296520423601,meia praia|apartamento|4 quartos,segmento correspondente,principal,False,bairro normalizado + tipo residencial + quartos
Meia Praia · apartamento · 5 quartos,Meia Praia,apartamento,5.0,1,900.0,900.0,900.0,1.0,1.0,Meia Praia · apartamento · 5 quartos,Meia Praia,meia praia,apartamento,5.0,73,8000000.0,5007000.0,9750000.0,2.0,71.0,7600000.0,73.0,1.0,343.0,20933.47142857143,22.0,0.3013698630136986,1500.0,principal,23.0,0.3150684931506849,39.0,Imobille Negócios Imobiliários,8.0,0.1095890410958904,meia praia|apartamento|5 quartos,segmento correspondente,evidência insuficiente,False,bairro normalizado + tipo residencial + quartos
,,,,0,,,,,,Meia Praia · apartamento · 6 quartos,Meia Praia,meia praia,apartamento,6.0,4,15412820.0,9792250.0,19348730.0,0.0,4.0,15412820.0,4.0,1.0,421.0,35248.188405797104,1.0,0.25,1.0,exploratório,1.0,0.25,2.0,Airton Investimentos Imobiliários Itapema,2.0,0.5,meia praia|apartamento|6 quartos,exclusivo VivaReal,evidência insuficiente,False,bairro normalizado + tipo residencial + quartos
,,,,0,,,,,,Meia Praia · apartamento · 7 quartos,Meia Praia,meia praia,apartamento,7.0,3,6300000.0,4400500.0,25150000.0,0.0,3.0,6300000.0,3.0,1.0,315.0,20000.0,2.0,0.6666666666666666,1684.0,exploratório,2.0,0.6666666666666666,3.0,Crédito Real | Itapema,1.0,0.3333333333333333,meia praia|apartamento|7 quartos,exclusivo VivaReal,evidência insuficiente,False,bairro normalizado + tipo residencial + quartos
,,,,0,,,,,,Meia Praia · apartamento · 8 quartos,Meia Praia,meia praia,apartamento,8.0,1,2750000.0,2750000.0,2750000.0,0.0,1.0,2750000.0,1.0,1.0,287.0,9581.881533101045,1.0,1.0,650.0,exploratório,1.0,1.0,1.0,Gold Invest Imóveis,1.0,1.0,meia praia|apartamento|8 quartos,exclusivo VivaReal,evidência insuficiente,False,bairro normalizado + tipo residencial + quartos
Meia Praia · casa · 1 quarto,Meia Praia,casa,1.0,1,195.0,195.0,195.0,1.0,1.0,,,,,,0,,,,,,,,,,,,,,,,,,,,,meia praia|casa|1 quarto,exclusivo Airbnb,evidência insuficiente,False,bairro normalizado + tipo residencial + quartos
,,,,0,,,,,,Meia Praia · casa · 3 quartos,Meia Praia,meia praia,casa,3.0,11,1800000.0,1308258.5,2280000.0,0.0,11.0,1800000.0,11.0,1.0,152.0,12934.782608695652,4.0,0.36363636363636365,1641.0,exploratório,6.0,0.5454545454545454,8.0,INEZ JESUS NUNES LIMA,2.0,0.18181818181818182,meia praia|casa|3 quartos,exclusivo VivaReal,evidência insuficiente,False,bairro normalizado + tipo residencial + quartos
Meia Praia · casa · 4 quartos,Meia Praia,casa,4.0,1,500.0,500.0,500.0,1.0,1.0,Meia Praia · casa · 4 quartos,Meia Praia,meia praia,casa,4.0,6,5620000.0,3991250.0,6645000.0,0.0,6.0,5620000.0,6.0,1.0,219.5,24132.555232558138,1.0,0.16666666666666666,1150.0,exploratório,2.0,0.3333333333333333,2.0,INEZ JESUS NUNES LIMA,3.0,0.5,meia praia|casa|4 quartos,segmento correspondente,evidência insuficiente,False,bairro normalizado + tipo residencial + quartos
,,,,0,,,,,,Meia Praia · casa · 5 quartos,Meia Praia,meia praia,casa,5.0,1,1590000.0,1590000.0,1590000.0,0.0,1.0,1590000.0,1.0,1.0,260.0,6115.384615384615,1.0,1.0,10.0,exploratório,1.0,1.0,1.0,Airton Investimentos Imobiliários BC,1.0,1.0,meia praia|casa|5 quartos,exclusivo VivaReal,evidência insuficiente,False,bairro normalizado + tipo residencial + quartos
,,,,0,,,,,,Meia Praia · casa · 6 quartos,Meia Praia,meia praia,casa,6.0,1,18835640.0,18835640.0,18835640.0,0.0,1.0,18835640.0,1.0,1.0,381.0,49437.37532808399,0.0,0.0,,sem dado válido,0.0,0.0,1.0,Duo Imóveis,1.0,1.0,meia praia|casa|6 quartos,exclusivo VivaReal,evidência insuficiente,False,bairro normalizado + tipo residencial + quartos
Morretes · apartamento · 1 quarto,Morretes,apartamento,1.0,3,400.0,375.0,440.0,3.0,0.3333333333333333,Morretes · apartamento · 1 quarto,Morretes,morretes,apartamento,1.0,50,624500.0,446750.0,750000.0,0.0,50.0,624500.0,50.0,1.0,43.0,12893.978260869566,13.0,0.26,350.0,exploratório,16.0,0.32,20.0,Nei Costa,9.0,0.18,morretes|apartamento|1 quarto,segmento correspondente,evidência insuficiente,False,bairro normalizado + tipo residencial + quartos
Morretes · apartamento · 2 quartos,Morretes,apartamento,2.0,43,453.5,351.5,553.75,34.0,0.1627906976744186,Morretes · apartamento · 2 quartos,Morretes,morretes,apartamento,2.0,1037,790000.0,680000.0,879740.0,1.0,1036.0,790000.0,1037.0,1.0,69.0,11550.942028985508,487.0,0.46962391513982643,350.0,principal,477.0,0.45998071359691417,121.0,Nei Costa,202.0,0.19479267116682739,morretes|apartamento|2 quartos,segmento correspondente,principal,False,bairro normalizado + tipo residencial + quartos
Morretes · apartamento · 3 quartos,Morretes,apartamento,3.0,9,650.0,550.0,1010.5,9.0,0.1111111111111111,Morretes · apartamento · 3 quartos,Morretes,morretes,apartamento,3.0,155,845000.0,705324.5,999000.0,20.0,135.0,814300.0,155.0,1.0,70.0,11449.27536231884,68.0,0.43870967741935485,400.0,principal,75.0,0.4838709677419355,61.0,USUÁRIO NEWCORE,19.0,0.12258064516129032,morretes|apartamento|3 quartos,segmento correspondente,evidência insuficiente,False,bairro normalizado + tipo residencial + quartos
Morretes · apartamento · 4 quartos,Morretes,apartamento,4.0,1,590.0,590.0,590.0,1.0,1.0,Morretes · apartamento · 4 quartos,Morretes,morretes,apartamento,4.0,57,6101328.0,4517000.0,6700000.0,0.0,57.0,6101328.0,57.0,1.0,187.0,26744.924623115578,28.0,0.49122807017543857,1200.0,principal,30.0,0.5263157894736842,31.0,Airton Investimentos Imobiliários Itapema,6.0,0.10526315789473684,morretes|apartamento|4 quartos,segmento correspondente,evidência insuficiente,False,bairro normalizado + tipo residencial + quartos
,,,,0,,,,,,Morretes · apartamento · 5 quartos,Morretes,morretes,apartamento,5.0,1,7900000.0,7900000.0,7900000.0,0.0,1.0,7900000.0,1.0,1.0,236.0,33474.57627118644,1.0,1.0,2798.0,exploratório,1.0,1.0,1.0,Imobille Negócios Imobiliários,1.0,1.0,morretes|apartamento|5 quartos,exclusivo VivaReal,evidência insuficiente,False,bairro normalizado + tipo residencial + quartos
Morretes · casa · 2 quartos,Morretes,casa,2.0,8,323.5,298.8125,380.75,7.0,0.25,Morretes · casa · 2 quartos,Morretes,morretes,casa,2.0,205,570000.0,540000.0,620000.0,6.0,199.0,560000.0,205.0,1.0,80.0,7236.8421052631575,6.0,0.02926829268292683,1.0,exploratório,171.0,0.8341463414634146,19.0,Nei Costa,169.0,0.824390243902439,morretes|casa|2 quartos,segmento correspondente,evidência insuficiente,False,bairro normalizado + tipo residencial + quartos
,,,,0,,,,,,Morretes · casa · 3 quartos,Morretes,morretes,casa,3.0,151,750000.0,720000.0,849000.0,14.0,137.0,750000.0,151.0,1.0,109.0,7065.048780487805,14.0,0.09271523178807947,1.0,exploratório,104.0,0.6887417218543046,26.0,Nei Costa,94.0,0.6225165562913907,morretes|casa|3 quartos,exclusivo VivaReal,evidência insuficiente,False,bairro normalizado + tipo residencial + quartos
Morretes · casa · 4 quartos,Morretes,casa,4.0,2,1100.0,1050.0,1150.0,2.0,0.5,Morretes · casa · 4 quartos,Morretes,morretes,casa,4.0,10,1190000.0,912500.0,1190000.75,0.0,10.0,1190000.0,10.0,1.0,150.0,7557.575757575758,1.0,0.1,2170.0,exploratório,6.0,0.6,6.0,Nei Costa,4.0,0.4,morretes|casa|4 quartos,segmento correspondente,evidência insuficiente,False,bairro normalizado + tipo residencial + quartos
,,,,0,,,,,,Morretes · casa · 5 quartos,Morretes,morretes,casa,5.0,1,24990000.0,24990000.0,24990000.0,0.0,1.0,24990000.0,1.0,1.0,331.0,75498.48942598187,0.0,0.0,,sem dado válido,0.0,0.0,1.0,Duo Imóveis,1.0,1.0,morretes|casa|5 quartos,exclusivo VivaReal,evidência insuficiente,False,bairro normalizado + tipo residencial + quartos
,,,,0,,,,,,Ocean Tower · apartamento · 4 quartos,Ocean Tower,ocean tower,apartamento,4.0,1,4500000.0,4500000.0,4500000.0,0.0,1.0,4500000.0,1.0,1.0,226.0,19911.504424778763,1.0,1.0,2100.0,exploratório,1.0,1.0,1.0,My Broker Florianópolis,1.0,1.0,ocean tower|apartamento|4 quartos,exclusivo VivaReal,evidência insuficiente,False,bairro normalizado + tipo residencial + quartos
,,,,0,,,,,,Sertao Do Trombudo · apartamento · 1 quarto,Sertão do Trombudo,sertao do trombudo,apartamento,1.0,2,950000.0,950000.0,950000.0,0.0,2.0,950000.0,2.0,1.0,77.5,12258.57475857476,2.0,1.0,510.0,exploratório,0.0,0.0,2.0,Crédito Real | Balneário Camboriú Centro,1.0,0.5,sertao do trombudo|apartamento|1 quarto,exclusivo VivaReal,evidência insuficiente,False,bairro normalizado + tipo residencial + quartos
,,,,0,,,,,,Sertao Do Trombudo · apartamento · 2 quartos,Sertão Do Trombudo | Sertão do Trombudo,sertao do trombudo,apartamento,2.0,7,680000.0,680000.0,766000.0,0.0,7.0,680000.0,7.0,1.0,62.0,11147.540983606557,5.0,0.7142857142857143,350.0,exploratório,3.0,0.42857142857142855,5.0,Primme Imoveis,2.0,0.2857142857142857,sertao do trombudo|apartamento|2 quartos,exclusivo VivaReal,evidência insuficiente,False,bairro normalizado + tipo residencial + quartos
,,,,0,,,,,,Sertao Do Trombudo · apartamento · 3 quartos,Sertão do Trombudo,sertao do trombudo,apartamento,3.0,2,2225000.0,1837500.0,2612500.0,0.0,2.0,2225000.0,2.0,1.0,129.5,17204.83005366726,1.0,0.5,1284.0,exploratório,0.0,0.0,2.0,Primme Imoveis,1.0,0.5,sertao do trombudo|apartamento|3 quartos,exclusivo VivaReal,evidência insuficiente,False,bairro normalizado + tipo residencial + quartos
,,,,0,,,,,,Sertao Do Trombudo · apartamento · 4 quartos,Sertão do Trombudo,sertao do trombudo,apartamento,4.0,1,3675000.0,3675000.0,3675000.0,0.0,1.0,3675000.0,1.0,1.0,213.0,17253.521126760563,0.0,0.0,,sem dado válido,0.0,0.0,1.0,Primme Imoveis,1.0,1.0,sertao do trombudo|apartamento|4 quartos,exclusivo VivaReal,evidência insuficiente,False,bairro normalizado + tipo residencial + quartos
Sertao do Trombudo · casa · 1 quarto,Sertao do Trombudo,casa,1.0,2,380.0,375.0,385.0,1.0,1.0,Sertao Do Trombudo · casa · 1 quarto,Sertão do Trombudo,sertao do trombudo,casa,1.0,1,290000.0,290000.0,290000.0,0.0,1.0,290000.0,1.0,1.0,60.0,4833.333333333333,0.0,0.0,,sem dado válido,1.0,1.0,1.0,Nei Costa,1.0,1.0,sertao do trombudo|casa|1 quarto,segmento correspondente,evidência insuficiente,False,bairro normalizado + tipo residencial + quartos
,,,,0,,,,,,Sertao Do Trombudo · casa · 2 quartos,Sertão do Trombudo,sertao do trombudo,casa,2.0,4,553500.0,550000.0,557000.0,0.0,4.0,553500.0,4.0,1.0,103.5,5435.897435897436,0.0,0.0,,sem dado válido,4.0,1.0,1.0,Nei Costa,4.0,1.0,sertao do trombudo|casa|2 quartos,exclusivo VivaReal,evidência insuficiente,False,bairro normalizado + tipo residencial + quartos
,,,,0,,,,,,Sertao Do Trombudo · casa · 3 quartos,Sertão do Trombudo,sertao do trombudo,casa,3.0,1,2680000.0,2680000.0,2680000.0,0.0,1.0,2680000.0,1.0,1.0,270.0,9925.925925925925,0.0,0.0,,sem dado válido,0.0,0.0,1.0,Imobiliária Morada do Sol,1.0,1.0,sertao do trombudo|casa|3 quartos,exclusivo VivaReal,evidência insuficiente,False,bairro normalizado + tipo residencial + quartos
Sertao do Trombudo · casa · 4 quartos,Sertao do Trombudo,casa,4.0,1,1000.0,1000.0,1000.0,1.0,1.0,Sertao Do Trombudo · casa · 4 quartos,Sertão do Trombudo,sertao do trombudo,casa,4.0,2,6500000.0,6500000.0,6500000.0,0.0,2.0,6500000.0,2.0,1.0,300.0,21666.666666666668,0.0,0.0,,sem dado válido,2.0,1.0,1.0,Nei Costa,2.0,1.0,sertao do trombudo|casa|4 quartos,segmento correspondente,evidência insuficiente,False,bairro normalizado + tipo residencial + quartos
,,,,0,,,,,,Sertaozinho · apartamento · 2 quartos,Sertãozinho,sertaozinho,apartamento,2.0,1,529360.0,529360.0,529360.0,0.0,1.0,529360.0,1.0,1.0,55.0,9624.727272727272,1.0,1.0,400.0,exploratório,1.0,1.0,1.0,Airton Investimentos Imobiliários Itapema,1.0,1.0,sertaozinho|apartamento|2 quartos,exclusivo VivaReal,evidência insuficiente,False,bairro normalizado + tipo residencial + quartos
Sertaozinho · casa · 2 quartos,Sertaozinho,casa,2.0,1,500.0,500.0,500.0,1.0,1.0,,,,,,0,,,,,,,,,,,,,,,,,,,,,sertaozinho|casa|2 quartos,exclusivo Airbnb,evidência insuficiente,False,bairro normalizado + tipo residencial + quartos
Sertaozinho · casa · 6 quartos,Sertaozinho,casa,6.0,2,2581.25,2121.875,3040.625,2.0,0.5,,,,,,0,,,,,,,,,,,,,,,,,,,,,sertaozinho|casa|6 quartos,exclusivo Airbnb,evidência insuficiente,False,bairro normalizado + tipo residencial + quartos
,,,,0,,,,,,Taboleiro · apartamento · 2 quartos,Taboleiro,taboleiro,apartamento,2.0,1,850000.0,850000.0,850000.0,0.0,1.0,850000.0,1.0,1.0,53.0,16037.735849056604,0.0,0.0,,sem dado válido,0.0,0.0,1.0,GROLA CORRETORA DE SEGUROS E NEGOCIOS IMOBILIARIOS LTDA,1.0,1.0,taboleiro|apartamento|2 quartos,exclusivo VivaReal,evidência insuficiente,False,bairro normalizado + tipo residencial + quartos
,,,,0,,,,,,Tabuleiro Dos Oliveiras · apartamento · 1 quarto,Tabuleiro dos Oliveiras,tabuleiro dos oliveiras,apartamento,1.0,1,820000.0,820000.0,820000.0,0.0,1.0,820000.0,1.0,1.0,68.0,12058.823529411764,0.0,0.0,,sem dado válido,0.0,0.0,1.0,SOLLO48 LITORAL,1.0,1.0,tabuleiro dos oliveiras|apartamento|1 quarto,exclusivo VivaReal,evidência insuficiente,False,bairro normalizado + tipo residencial + quartos
Tabuleiro dos Oliveiras · apartamento · 2 quartos,Tabuleiro dos Oliveiras,apartamento,2.0,12,399.5,380.0,553.25,11.0,0.1666666666666666,Tabuleiro Dos Oliveiras · apartamento · 2 quartos,Tabuleiro dos Oliveiras,tabuleiro dos oliveiras,apartamento,2.0,105,782900.0,695000.0,848000.0,1.0,104.0,781919.5,105.0,1.0,69.0,11575.797101449276,48.0,0.45714285714285713,350.0,principal,38.0,0.3619047619047619,40.0,USUÁRIO NEWCORE,17.0,0.1619047619047619,tabuleiro dos oliveiras|apartamento|2 quartos,segmento correspondente,exploratório,False,bairro normalizado + tipo residencial + quartos
Tabuleiro dos Oliveiras · apartamento · 3 quartos,Tabuleiro dos Oliveiras,apartamento,3.0,3,640.0,585.0,655.0,3.0,0.3333333333333333,Tabuleiro Dos Oliveiras · apartamento · 3 quartos,Tabuleiro dos Oliveiras,tabuleiro dos oliveiras,apartamento,3.0,14,830000.0,766250.0,979790.0,0.0,14.0,830000.0,14.0,1.0,70.0,11945.134575569358,7.0,0.5,350.0,exploratório,9.0,0.6428571428571429,10.0,HRM Imóveis,3.0,0.21428571428571427,tabuleiro dos oliveiras|apartamento|3 quartos,segmento correspondente,evidência insuficiente,False,bairro normalizado + tipo residencial + quartos
,,,,0,,,,,,Tabuleiro Dos Oliveiras · apartamento · 6 quartos,Tabuleiro dos Oliveiras,tabuleiro dos oliveiras,apartamento,6.0,1,4085460.0,4085460.0,4085460.0,0.0,1.0,4085460.0,1.0,1.0,226.0,18077.256637168142,0.0,0.0,,sem dado válido,0.0,0.0,1.0,Ismael Fernandes,1.0,1.0,tabuleiro dos oliveiras|apartamento|6 quartos,exclusivo VivaReal,evidência insuficiente,False,bairro normalizado + tipo residencial + quartos
,,,,0,,,,,,Tabuleiro Dos Oliveiras · casa · 2 quartos,Tabuleiro dos Oliveiras,tabuleiro dos oliveiras,casa,2.0,1,850000.0,850000.0,850000.0,0.0,1.0,850000.0,1.0,1.0,13.0,65384.61538461538,0.0,0.0,,sem dado válido,1.0,1.0,1.0,Scheeren & Silveira Imobiliaria LTDA,1.0,1.0,tabuleiro dos oliveiras|casa|2 quartos,exclusivo VivaReal,evidência insuficiente,False,bairro normalizado + tipo residencial + quartos
,,,,0,,,,,,Tabuleiro Dos Oliveiras · casa · 3 quartos,Tabuleiro dos Oliveiras,tabuleiro dos oliveiras,casa,3.0,3,900000.0,897500.0,945000.0,0.0,3.0,900000.0,3.0,1.0,135.0,6629.62962962963,0.0,0.0,,sem dado válido,0.0,0.0,2.0,Scheeren & Silveira Imobiliaria LTDA,2.0,0.6666666666666666,tabuleiro dos oliveiras|casa|3 quartos,exclusivo VivaReal,evidência insuficiente,False,bairro normalizado + tipo residencial + quartos
Tabuleiro dos Oliveiras · casa · 4 quartos,Tabuleiro dos Oliveiras,casa,4.0,1,1700.0,1700.0,1700.0,1.0,1.0,Tabuleiro Dos Oliveiras · casa · 4 quartos,Tabuleiro dos Oliveiras,tabuleiro dos oliveiras,casa,4.0,1,999000.0,999000.0,999000.0,0.0,1.0,999000.0,1.0,1.0,320.0,3121.875,0.0,0.0,,sem dado válido,0.0,0.0,1.0,Imóveis Santa Catarina,1.0,1.0,tabuleiro dos oliveiras|casa|4 quartos,segmento correspondente,evidência insuficiente,False,bairro normalizado + tipo residencial + quartos
,,,,0,,,,,,Tabuleiro · apartamento · 1 quarto,Tabuleiro,tabuleiro,apartamento,1.0,2,699000.0,699000.0,699000.0,0.0,2.0,699000.0,2.0,1.0,53.5,13066.561844863732,0.0,0.0,,sem dado válido,0.0,0.0,2.0,Crédito Real | Balneário Camboriú Centro,1.0,0.5,tabuleiro|apartamento|1 quarto,exclusivo VivaReal,evidência insuficiente,False,bairro normalizado + tipo residencial + quartos
,,,,0,,,,,,Tabuleiro · apartamento · 2 quartos,Tabuleiro,tabuleiro,apartamento,2.0,4,724500.0,699000.0,750000.0,0.0,4.0,724500.0,4.0,1.0,60.0,12154.040404040405,0.0,0.0,,sem dado válido,0.0,0.0,2.0,Crédito Real | Balneário Camboriú Centro,2.0,0.5,tabuleiro|apartamento|2 quartos,exclusivo VivaReal,evidência insuficiente,False,bairro normalizado + tipo residencial + quartos
,,,,0,,,,,,Varzea · apartamento · 2 quartos,Varzea,varzea,apartamento,2.0,29,649800.0,620000.0,680088.0,1.0,28.0,644900.0,29.0,1.0,70.0,9457.142857142857,5.0,0.1724137931034483,300.0,exploratório,8.0,0.27586206896551724,15.0,SOLLO48 LITORAL,7.0,0.2413793103448276,varzea|apartamento|2 quartos,exclusivo VivaReal,evidência insuficiente,False,bairro normalizado + tipo residencial + quartos
,,,,0,,,,,,Varzea · apartamento · 3 quartos,Varzea,varzea,apartamento,3.0,3,795000.0,741500.0,862500.0,0.0,3.0,795000.0,3.0,1.0,70.0,9937.5,1.0,0.3333333333333333,300.0,exploratório,0.0,0.0,3.0,VR NEGOCIOS IMOBILIARIOS,1.0,0.3333333333333333,varzea|apartamento|3 quartos,exclusivo VivaReal,evidência insuficiente,False,bairro normalizado + tipo residencial + quartos
Varzea · casa · 1 quarto,Varzea,casa,1.0,1,450.0,450.0,450.0,1.0,1.0,,,,,,0,,,,,,,,,,,,,,,,,,,,,varzea|casa|1 quarto,exclusivo Airbnb,evidência insuficiente,False,bairro normalizado + tipo residencial + quartos
Varzea · casa · 3 quartos,Varzea,casa,3.0,1,700.0,700.0,700.0,1.0,1.0,Varzea · casa · 3 quartos,Varzea,varzea,casa,3.0,3,585000.0,585000.0,802500.0,0.0,3.0,585000.0,3.0,1.0,121.0,4875.0,0.0,0.0,,sem dado válido,3.0,1.0,3.0,Crédito Real | Itapema,1.0,0.3333333333333333,varzea|casa|3 quartos,segmento correspondente,evidência insuficiente,False,bairro normalizado + tipo residencial + quartos
Varzea · casa · 5 quartos,Varzea,casa,5.0,1,1500.0,1500.0,1500.0,1.0,1.0,Varzea · casa · 5 quartos,Varzea,varzea,casa,5.0,1,899000.0,899000.0,899000.0,0.0,1.0,899000.0,1.0,1.0,235.0,3825.531914893617,0.0,0.0,,sem dado válido,0.0,0.0,1.0,J.V Imóveis,1.0,1.0,varzea|casa|5 quartos,segmento correspondente,evidência insuficiente,False,bairro normalizado + tipo residencial + quartos
