segment_key,segmento_imoveis,listings_comparaveis,listings_com_alguma_mudanca,mudanca_mediana_rs,mudanca_mediana_pct,p25_mudanca_pct,p75_mudanca_pct,mediana_abs_mudanca_pct_condicional,pares_comuns,pares_alterados,pares_aumentaram,pares_diminuiram,pares_referencia_20_01,listings_referencia_20_01,captura_anterior,captura_referencia,cobertura_pares_comuns,proporcao_listings_com_alguma_mudanca,proporcao_pares_alterados,proporcao_pares_aumentaram,proporcao_pares_diminuiram,peso
centro|apartamento|1 quarto,Centro · apartamento · 1 quarto,69,68,0.0,0.0,-0.1428571428571429,0.0,0.09351828297382303,3469,2290,545,1745,4794,75,2025-01-06,2025-01-20,0.7236128493950772,0.9855072463768116,0.6601326030556356,0.15710579417699624,0.5030268088786394,igual por listing
centro|apartamento|2 quartos,Centro · apartamento · 2 quartos,50,44,0.0,0.0,-0.00814333374863295,0.0,0.08597904720082805,2309,1445,639,806,3467,59,2025-01-06,2025-01-20,0.6659936544563023,0.88,0.6258120398440884,0.27674317886530964,0.3490688609787787,igual por listing
centro|apartamento|3 quartos,Centro · apartamento · 3 quartos,33,29,0.0,0.0,0.0,0.0,0.09999999999999998,1234,525,213,312,1957,38,2025-01-06,2025-01-20,0.6305569749616761,0.8787878787878788,0.42544570502431117,0.17260940032414912,0.25283630470016205,igual por listing
meia praia|apartamento|2 quartos,Meia Praia · apartamento · 2 quartos,98,77,0.0,0.0,0.0,0.0,0.10000000000000009,3658,1424,432,992,6257,126,2025-01-06,2025-01-20,0.5846252197538757,0.7857142857142857,0.3892837616183707,0.1180973209404046,0.2711864406779661,igual por listing
meia praia|apartamento|3 quartos,Meia Praia · apartamento · 3 quartos,253,228,0.0,0.0,0.0,0.0,0.09128443810524739,10468,4294,1185,3109,14654,284,2025-01-06,2025-01-20,0.7143442063600383,0.9011857707509882,0.41020252197172336,0.11320213985479556,0.29700038211692775,igual por listing
meia praia|apartamento|4 quartos,Meia Praia · apartamento · 4 quartos,32,25,0.0,0.0,0.0,0.0,0.10537407797681775,1327,595,170,425,2247,43,2025-01-06,2025-01-20,0.5905651980418336,0.78125,0.4483798040693293,0.1281085154483798,0.3202712886209495,igual por listing
morretes|apartamento|2 quartos,Morretes · apartamento · 2 quartos,33,30,0.0,0.0,-0.042025862068965525,0.0,0.10376344086021505,1530,789,158,631,2471,43,2025-01-06,2025-01-20,0.6191825171995143,0.9090909090909091,0.515686274509804,0.10326797385620914,0.41241830065359475,igual por listing
centro|apartamento|1 quarto,Centro · apartamento · 1 quarto,70,69,0.0,0.0,-0.12216072911579605,0.0,0.06650700073691967,3546,2375,694,1681,4794,75,2025-01-07,2025-01-20,0.7396745932415519,0.9857142857142858,0.6697687535250987,0.19571347997743938,0.47405527354765936,igual por listing
centro|apartamento|2 quartos,Centro · apartamento · 2 quartos,51,42,0.0,0.0,0.0,0.013548466920142888,0.08513436864340479,2378,1388,669,719,3467,59,2025-01-07,2025-01-20,0.6858955869627921,0.8235294117647058,0.5836837678721615,0.28132884777123635,0.30235492010092513,igual por listing
centro|apartamento|3 quartos,Centro · apartamento · 3 quartos,37,32,0.0,0.0,0.0,0.0,0.0853571428571428,1443,643,236,407,1957,38,2025-01-07,2025-01-20,0.7373530914665304,0.8648648648648649,0.4455994455994456,0.16354816354816354,0.28205128205128205,igual por listing
meia praia|apartamento|2 quartos,Meia Praia · apartamento · 2 quartos,104,88,0.0,0.0,0.0,0.0,0.09078745798582147,4032,1559,508,1051,6257,126,2025-01-07,2025-01-20,0.6443982739331948,0.8461538461538461,0.38665674603174605,0.1259920634920635,0.26066468253968256,igual por listing
meia praia|apartamento|3 quartos,Meia Praia · apartamento · 3 quartos,264,231,0.0,0.0,0.0,0.0,0.09090909090909083,11136,4170,1255,2915,14654,284,2025-01-07,2025-01-20,0.759929029616487,0.875,0.3744612068965517,0.11269755747126436,0.26176364942528735,igual por listing
meia praia|apartamento|4 quartos,Meia Praia · apartamento · 4 quartos,33,26,0.0,0.0,0.0,0.0,0.09887218045112789,1382,502,161,341,2247,43,2025-01-07,2025-01-20,0.6150422785936804,0.7878787878787878,0.36324167872648333,0.11649782923299566,0.2467438494934877,igual por listing
morretes|apartamento|2 quartos,Morretes · apartamento · 2 quartos,34,32,0.0,0.0,-0.03992971293934927,0.0,0.09971319311663479,1610,830,172,658,2471,43,2025-01-07,2025-01-20,0.6515580736543909,0.9411764705882353,0.515527950310559,0.10683229813664596,0.40869565217391307,igual por listing
