categoria,total_listings,listings_com_algum_preco,listings_com_preco_20_01,listings_sem_preco,perda_ao_usar_20_01,cobertura_algum_preco,cobertura_20_01,retencao_20_01_entre_precificados,participacao_entre_precificados,participacao_entre_nao_precificados,diferenca_representacao_pp,dimensao
Alto Sao Bento,62,5,3,57,2,0.08064516129032258,0.04838709677419355,0.6,0.005005005005005005,0.01656013945380593,-1.1555134448800923,bairro
Areal,5,1,1,4,0,0.2,0.2,1.0,0.001001001001001001,0.0011621150493898896,-0.016111404838888857,bairro
Canto da Praia,28,9,5,19,4,0.32142857142857145,0.17857142857142858,0.5555555555555556,0.009009009009009009,0.0055200464846019755,0.3488962524407033,bairro
Casa Branca,88,15,7,73,8,0.17045454545454544,0.07954545454545454,0.4666666666666667,0.015015015015015015,0.021208599651365484,-0.6193584636350469,bairro
Centro,657,205,180,452,25,0.3120243531202435,0.273972602739726,0.8780487804878049,0.20520520520520522,0.13131900058105753,7.388620462414769,bairro
Desconhecido,5,3,0,2,3,0.6,0.0,0.0,0.003003003003003003,0.0005810575246949448,0.2421945478308058,bairro
Ilhota,56,10,7,46,3,0.17857142857142858,0.125,0.7,0.01001001001001001,0.01336432306798373,-0.33543130579737207,bairro
Jardim Praiamar,5,1,0,4,1,0.2,0.0,0.0,0.001001001001001001,0.0011621150493898896,-0.016111404838888857,bairro
Lameiro,1,0,0,1,0,0.0,0.0,,0.0,0.0002905287623474724,-0.029052876234747237,bairro
Leopoldo Zarling,18,1,0,17,1,0.05555555555555555,0.0,0.0,0.001001001001001001,0.004938988959907031,-0.39379879589060296,bairro
Meia Praia,2860,632,483,2228,149,0.22097902097902097,0.16888111888111887,0.7642405063291139,0.6326326326326326,0.6472980825101685,-1.466544987753593,bairro
Morretes,441,83,66,358,17,0.18820861678004536,0.14965986394557823,0.7951807228915663,0.08308308308308308,0.10400929692039512,-2.092621383731204,bairro
Sertao do Trombudo,22,3,3,19,0,0.13636363636363635,0.13636363636363635,1.0,0.003003003003003003,0.0055200464846019755,-0.2517043481598973,bairro
Sertaozinho,21,6,3,15,3,0.2857142857142857,0.14285714285714285,0.5,0.006006006006006006,0.004357931435212086,0.164807457079392,bairro
Tabuleiro dos Oliveiras,129,20,16,109,4,0.15503875968992248,0.12403100775193798,0.8,0.02002002002002002,0.03166763509587449,-1.164761507585447,bairro
Varzea,43,5,3,38,2,0.11627906976744186,0.06976744186046512,0.6,0.005005005005005005,0.011040092969203951,-0.6035087964198946,bairro
apartamento,3710,911,737,2799,174,0.24555256064690026,0.19865229110512128,0.8090010976948409,0.9119119119119119,0.8131900058105752,9.872190610133668,tipo de imóvel
casa,443,70,33,373,37,0.1580135440180587,0.0744920993227991,0.4714285714285714,0.07007007007007007,0.1083672283556072,-3.8297158285537134,tipo de imóvel
hotel,43,1,0,42,1,0.023255813953488372,0.0,0.0,0.001001001001001001,0.01220220801859384,-1.120120701759284,tipo de imóvel
outros,245,17,7,228,10,0.06938775510204082,0.02857142857142857,0.4117647058823529,0.01701701701701702,0.06624055781522371,-4.9223540798206695,tipo de imóvel
0 quartos,56,8,7,48,1,0.14285714285714285,0.125,0.875,0.008008008008008008,0.013945380592678676,-0.5937372584670667,número de quartos
1 quarto,549,144,110,405,34,0.26229508196721313,0.20036429872495445,0.7638888888888888,0.14414414414414414,0.11766414875072632,2.647999539341782,número de quartos
10 quartos,2,0,0,2,0,0.0,0.0,,0.0,0.0005810575246949448,-0.058105752469494475,número de quartos
11 quartos,1,0,0,1,0,0.0,0.0,,0.0,0.0002905287623474724,-0.029052876234747237,número de quartos
12 quartos,4,1,1,3,0,0.25,0.25,1.0,0.001001001001001001,0.0008715862870424172,0.012941471395858377,número de quartos
16 quartos,1,0,0,1,0,0.0,0.0,,0.0,0.0002905287623474724,-0.029052876234747237,número de quartos
2 quartos,1482,351,262,1131,89,0.23684210526315788,0.1767881241565452,0.7464387464387464,0.35135135135135137,0.3285880302149913,2.276332113636009,número de quartos
3 quartos,1922,404,340,1518,64,0.21019771071800208,0.1768990634755463,0.8415841584158416,0.4044044044044044,0.4410226612434631,-3.6618256839058727,número de quartos
4 quartos,371,80,53,291,27,0.215633423180593,0.14285714285714285,0.6625,0.08008008008008008,0.08454386984311447,-0.44637897630343953,número de quartos
5 quartos,41,7,2,34,5,0.17073170731707318,0.04878048780487805,0.2857142857142857,0.007007007007007007,0.009877977919814061,-0.28709709128070543,número de quartos
6 quartos,6,2,2,4,0,0.3333333333333333,0.3333333333333333,1.0,0.002002002002002002,0.0011621150493898896,0.08398869526121125,número de quartos
7 quartos,5,2,0,3,2,0.4,0.0,0.0,0.002002002002002002,0.0008715862870424172,0.11304157149595846,número de quartos
8 quartos,1,0,0,1,0,0.0,0.0,,0.0,0.0002905287623474724,-0.029052876234747237,número de quartos
Alto Sao Bento · apartamento · 1 quarto,5,2,1,3,1,0.4,0.2,0.5,0.002002002002002002,0.0008715862870424172,0.11304157149595846,segmento de imóveis
Alto Sao Bento · apartamento · 2 quartos,21,1,1,20,0,0.047619047619047616,0.047619047619047616,1.0,0.001001001001001001,0.005810575246949448,-0.4809574245948447,segmento de imóveis
Alto Sao Bento · apartamento · 3 quartos,3,0,0,3,0,0.0,0.0,,0.0,0.0008715862870424172,-0.08715862870424172,segmento de imóveis
Alto Sao Bento · casa · 0 quartos,1,0,0,1,0,0.0,0.0,,0.0,0.0002905287623474724,-0.029052876234747237,segmento de imóveis
Alto Sao Bento · casa · 1 quarto,3,1,0,2,1,0.3333333333333333,0.0,0.0,0.001001001001001001,0.0005810575246949448,0.041994347630605625,segmento de imóveis
Alto Sao Bento · casa · 12 quartos,1,1,1,0,0,1.0,1.0,1.0,0.001001001001001001,0.0,0.10010010010010009,segmento de imóveis
Alto Sao Bento · casa · 2 quartos,14,0,0,14,0,0.0,0.0,,0.0,0.004067402672864613,-0.40674026728646134,segmento de imóveis
Alto Sao Bento · casa · 3 quartos,5,0,0,5,0,0.0,0.0,,0.0,0.001452643811737362,-0.1452643811737362,segmento de imóveis
Alto Sao Bento · outros · 0 quartos,1,0,0,1,0,0.0,0.0,,0.0,0.0002905287623474724,-0.029052876234747237,segmento de imóveis
Alto Sao Bento · outros · 1 quarto,7,0,0,7,0,0.0,0.0,,0.0,0.0020337013364323067,-0.20337013364323067,segmento de imóveis
Alto Sao Bento · outros · 3 quartos,1,0,0,1,0,0.0,0.0,,0.0,0.0002905287623474724,-0.029052876234747237,segmento de imóveis
Areal · casa · 1 quarto,2,1,1,1,0,0.5,0.5,1.0,0.001001001001001001,0.0002905287623474724,0.07104722386535285,segmento de imóveis
Areal · casa · 3 quartos,2,0,0,2,0,0.0,0.0,,0.0,0.0005810575246949448,-0.058105752469494475,segmento de imóveis
Areal · outros · 1 quarto,1,0,0,1,0,0.0,0.0,,0.0,0.0002905287623474724,-0.029052876234747237,segmento de imóveis
Canto da Praia · apartamento · 1 quarto,1,0,0,1,0,0.0,0.0,,0.0,0.0002905287623474724,-0.029052876234747237,segmento de imóveis
Canto da Praia · apartamento · 2 quartos,7,4,4,3,0,0.5714285714285714,0.5714285714285714,1.0,0.004004004004004004,0.0008715862870424172,0.3132417716961587,segmento de imóveis
Canto da Praia · apartamento · 3 quartos,1,1,1,0,0,1.0,1.0,1.0,0.001001001001001001,0.0,0.10010010010010009,segmento de imóveis
Canto da Praia · casa · 1 quarto,4,1,0,3,1,0.25,0.0,0.0,0.001001001001001001,0.0008715862870424172,0.012941471395858377,segmento de imóveis
Canto da Praia · casa · 2 quartos,2,0,0,2,0,0.0,0.0,,0.0,0.0005810575246949448,-0.058105752469494475,segmento de imóveis
Canto da Praia · casa · 3 quartos,7,2,0,5,2,0.2857142857142857,0.0,0.0,0.002002002002002002,0.001452643811737362,0.054935819026464,segmento de imóveis
Canto da Praia · casa · 4 quartos,1,1,0,0,1,1.0,0.0,0.0,0.001001001001001001,0.0,0.10010010010010009,segmento de imóveis
Canto da Praia · casa · 5 quartos,3,0,0,3,0,0.0,0.0,,0.0,0.0008715862870424172,-0.08715862870424172,segmento de imóveis
Canto da Praia · outros · 1 quarto,2,0,0,2,0,0.0,0.0,,0.0,0.0005810575246949448,-0.058105752469494475,segmento de imóveis
Casa Branca · apartamento · 1 quarto,5,0,0,5,0,0.0,0.0,,0.0,0.001452643811737362,-0.1452643811737362,segmento de imóveis
Casa Branca · apartamento · 2 quartos,53,11,4,42,7,0.20754716981132076,0.07547169811320754,0.36363636363636365,0.011011011011011011,0.01220220801859384,-0.11911970075828299,segmento de imóveis
Casa Branca · apartamento · 3 quartos,5,2,2,3,0,0.4,0.4,1.0,0.002002002002002002,0.0008715862870424172,0.11304157149595846,segmento de imóveis
Casa Branca · casa · 0 quartos,2,0,0,2,0,0.0,0.0,,0.0,0.0005810575246949448,-0.058105752469494475,segmento de imóveis
Casa Branca · casa · 1 quarto,5,2,1,3,1,0.4,0.2,0.5,0.002002002002002002,0.0008715862870424172,0.11304157149595846,segmento de imóveis
Casa Branca · casa · 2 quartos,6,0,0,6,0,0.0,0.0,,0.0,0.0017431725740848344,-0.17431725740848344,segmento de imóveis
Casa Branca · casa · 3 quartos,6,0,0,6,0,0.0,0.0,,0.0,0.0017431725740848344,-0.17431725740848344,segmento de imóveis
Casa Branca · outros · 1 quarto,6,0,0,6,0,0.0,0.0,,0.0,0.0017431725740848344,-0.17431725740848344,segmento de imóveis
Centro · apartamento · 0 quartos,2,0,0,2,0,0.0,0.0,,0.0,0.0005810575246949448,-0.058105752469494475,segmento de imóveis
Centro · apartamento · 1 quarto,116,78,75,38,3,0.6724137931034483,0.646551724137931,0.9615384615384616,0.07807807807807808,0.011040092969203951,6.703798510887412,segmento de imóveis
Centro · apartamento · 2 quartos,183,65,59,118,6,0.3551912568306011,0.3224043715846995,0.9076923076923077,0.06506506506506507,0.03428239395700174,3.078267110806333,segmento de imóveis
Centro · apartamento · 3 quartos,211,45,38,166,7,0.2132701421800948,0.18009478672985782,0.8444444444444444,0.04504504504504504,0.04822777454968042,-0.31827295046353776,segmento de imóveis
Centro · apartamento · 4 quartos,32,4,1,28,3,0.125,0.03125,0.25,0.004004004004004004,0.008134805345729227,-0.41308013417252226,segmento de imóveis
Centro · apartamento · 5 quartos,4,1,0,3,1,0.25,0.0,0.0,0.001001001001001001,0.0008715862870424172,0.012941471395858377,segmento de imóveis
Centro · casa · 1 quarto,13,1,1,12,0,0.07692307692307693,0.07692307692307693,1.0,0.001001001001001001,0.003486345148169669,-0.2485344147168668,segmento de imóveis
Centro · casa · 2 quartos,16,2,1,14,1,0.125,0.0625,0.5,0.002002002002002002,0.004067402672864613,-0.20654006708626113,segmento de imóveis
Centro · casa · 3 quartos,24,2,0,22,2,0.08333333333333333,0.0,0.0,0.002002002002002002,0.006391632771644393,-0.4389630769642391,segmento de imóveis
Centro · casa · 4 quartos,8,4,2,4,2,0.5,0.25,0.5,0.004004004004004004,0.0011621150493898896,0.2841888954614114,segmento de imóveis
Centro · casa · 7 quartos,1,0,0,1,0,0.0,0.0,,0.0,0.0002905287623474724,-0.029052876234747237,segmento de imóveis
Centro · hotel · 1 quarto,6,0,0,6,0,0.0,0.0,,0.0,0.0017431725740848344,-0.17431725740848344,segmento de imóveis
Centro · hotel · 2 quartos,3,0,0,3,0,0.0,0.0,,0.0,0.0008715862870424172,-0.08715862870424172,segmento de imóveis
Centro · hotel · 3 quartos,2,0,0,2,0,0.0,0.0,,0.0,0.0005810575246949448,-0.058105752469494475,segmento de imóveis
Centro · outros · 0 quartos,1,0,0,1,0,0.0,0.0,,0.0,0.0002905287623474724,-0.029052876234747237,segmento de imóveis
Centro · outros · 1 quarto,30,3,3,27,0,0.1,0.1,1.0,0.003003003003003003,0.007844276583381755,-0.4841273580378752,segmento de imóveis
Centro · outros · 2 quartos,3,0,0,3,0,0.0,0.0,,0.0,0.0008715862870424172,-0.08715862870424172,segmento de imóveis
Centro · outros · 3 quartos,2,0,0,2,0,0.0,0.0,,0.0,0.0005810575246949448,-0.058105752469494475,segmento de imóveis
Desconhecido · casa · 1 quarto,4,3,0,1,3,0.75,0.0,0.0,0.003003003003003003,0.0002905287623474724,0.2712474240655531,segmento de imóveis
Desconhecido · casa · 12 quartos,1,0,0,1,0,0.0,0.0,,0.0,0.0002905287623474724,-0.029052876234747237,segmento de imóveis
Ilhota · apartamento · 0 quartos,1,0,0,1,0,0.0,0.0,,0.0,0.0002905287623474724,-0.029052876234747237,segmento de imóveis
Ilhota · apartamento · 1 quarto,6,2,2,4,0,0.3333333333333333,0.3333333333333333,1.0,0.002002002002002002,0.0011621150493898896,0.08398869526121125,segmento de imóveis
Ilhota · apartamento · 2 quartos,8,2,1,6,1,0.25,0.125,0.5,0.002002002002002002,0.0017431725740848344,0.025882942791716754,segmento de imóveis
Ilhota · apartamento · 3 quartos,7,1,0,6,1,0.14285714285714285,0.0,0.0,0.001001001001001001,0.0017431725740848344,-0.07421715730838334,segmento de imóveis
Ilhota · casa · 1 quarto,3,0,0,3,0,0.0,0.0,,0.0,0.0008715862870424172,-0.08715862870424172,segmento de imóveis
Ilhota · casa · 2 quartos,8,2,1,6,1,0.25,0.125,0.5,0.002002002002002002,0.0017431725740848344,0.025882942791716754,segmento de imóveis
Ilhota · casa · 3 quartos,7,2,2,5,0,0.2857142857142857,0.2857142857142857,1.0,0.002002002002002002,0.001452643811737362,0.054935819026464,segmento de imóveis
Ilhota · casa · 4 quartos,4,1,1,3,0,0.25,0.25,1.0,0.001001001001001001,0.0008715862870424172,0.012941471395858377,segmento de imóveis
Ilhota · casa · 5 quartos,1,0,0,1,0,0.0,0.0,,0.0,0.0002905287623474724,-0.029052876234747237,segmento de imóveis
Ilhota · hotel · 1 quarto,9,0,0,9,0,0.0,0.0,,0.0,0.0026147588611272515,-0.26147588611272515,segmento de imóveis
Ilhota · hotel · 11 quartos,1,0,0,1,0,0.0,0.0,,0.0,0.0002905287623474724,-0.029052876234747237,segmento de imóveis
Ilhota · outros · 1 quarto,1,0,0,1,0,0.0,0.0,,0.0,0.0002905287623474724,-0.029052876234747237,segmento de imóveis
Jardim Praiamar · apartamento · 1 quarto,1,0,0,1,0,0.0,0.0,,0.0,0.0002905287623474724,-0.029052876234747237,segmento de imóveis
Jardim Praiamar · apartamento · 2 quartos,3,0,0,3,0,0.0,0.0,,0.0,0.0008715862870424172,-0.08715862870424172,segmento de imóveis
Jardim Praiamar · casa · 1 quarto,1,1,0,0,1,1.0,0.0,0.0,0.001001001001001001,0.0,0.10010010010010009,segmento de imóveis
Lameiro · outros · 2 quartos,1,0,0,1,0,0.0,0.0,,0.0,0.0002905287623474724,-0.029052876234747237,segmento de imóveis
Leopoldo Zarling · apartamento · 1 quarto,1,0,0,1,0,0.0,0.0,,0.0,0.0002905287623474724,-0.029052876234747237,segmento de imóveis
Leopoldo Zarling · apartamento · 2 quartos,7,0,0,7,0,0.0,0.0,,0.0,0.0020337013364323067,-0.20337013364323067,segmento de imóveis
Leopoldo Zarling · casa · 0 quartos,1,0,0,1,0,0.0,0.0,,0.0,0.0002905287623474724,-0.029052876234747237,segmento de imóveis
Leopoldo Zarling · casa · 1 quarto,4,1,0,3,1,0.25,0.0,0.0,0.001001001001001001,0.0008715862870424172,0.012941471395858377,segmento de imóveis
Leopoldo Zarling · casa · 2 quartos,2,0,0,2,0,0.0,0.0,,0.0,0.0005810575246949448,-0.058105752469494475,segmento de imóveis
Leopoldo Zarling · casa · 3 quartos,1,0,0,1,0,0.0,0.0,,0.0,0.0002905287623474724,-0.029052876234747237,segmento de imóveis
Leopoldo Zarling · casa · 4 quartos,1,0,0,1,0,0.0,0.0,,0.0,0.0002905287623474724,-0.029052876234747237,segmento de imóveis
Leopoldo Zarling · outros · 1 quarto,1,0,0,1,0,0.0,0.0,,0.0,0.0002905287623474724,-0.029052876234747237,segmento de imóveis
Meia Praia · apartamento · 0 quartos,29,8,7,21,1,0.27586206896551724,0.2413793103448276,0.875,0.008008008008008008,0.00610110400929692,0.19069039987110875,segmento de imóveis
Meia Praia · apartamento · 1 quarto,81,20,16,61,4,0.24691358024691357,0.19753086419753085,0.8,0.02002002002002002,0.017722254503195815,0.2297765516824205,segmento de imóveis
Meia Praia · apartamento · 2 quartos,723,187,126,536,61,0.25864453665283543,0.17427385892116182,0.6737967914438503,0.1871871871871872,0.1557234166182452,3.146377056894198,segmento de imóveis
Meia Praia · apartamento · 3 quartos,1451,327,284,1124,43,0.2253618194348725,0.19572708476912473,0.8685015290519877,0.32732732732732733,0.32655432887855895,0.07729984487683805,segmento de imóveis
Meia Praia · apartamento · 4 quartos,286,60,43,226,17,0.2097902097902098,0.15034965034965034,0.7166666666666667,0.06006006006006006,0.06565950029052876,-0.5599440230468704,segmento de imóveis
Meia Praia · apartamento · 5 quartos,27,5,1,22,4,0.18518518518518517,0.037037037037037035,0.2,0.005005005005005005,0.006391632771644393,-0.13866277666393878,segmento de imóveis
Meia Praia · apartamento · 6 quartos,3,0,0,3,0,0.0,0.0,,0.0,0.0008715862870424172,-0.08715862870424172,segmento de imóveis
Meia Praia · apartamento · 7 quartos,1,0,0,1,0,0.0,0.0,,0.0,0.0002905287623474724,-0.029052876234747237,segmento de imóveis
Meia Praia · apartamento · 8 quartos,1,0,0,1,0,0.0,0.0,,0.0,0.0002905287623474724,-0.029052876234747237,segmento de imóveis
Meia Praia · casa · 1 quarto,7,1,1,6,0,0.14285714285714285,0.14285714285714285,1.0,0.001001001001001001,0.0017431725740848344,-0.07421715730838334,segmento de imóveis
Meia Praia · casa · 10 quartos,1,0,0,1,0,0.0,0.0,,0.0,0.0002905287623474724,-0.029052876234747237,segmento de imóveis
Meia Praia · casa · 12 quartos,1,0,0,1,0,0.0,0.0,,0.0,0.0002905287623474724,-0.029052876234747237,segmento de imóveis
Meia Praia · casa · 16 quartos,1,0,0,1,0,0.0,0.0,,0.0,0.0002905287623474724,-0.029052876234747237,segmento de imóveis
Meia Praia · casa · 2 quartos,18,3,0,15,3,0.16666666666666666,0.0,0.0,0.003003003003003003,0.004357931435212086,-0.13549284322090827,segmento de imóveis
Meia Praia · casa · 3 quartos,45,5,0,40,5,0.1111111111111111,0.0,0.0,0.005005005005005005,0.011621150493898896,-0.6616145488893891,segmento de imóveis
Meia Praia · casa · 4 quartos,11,2,1,9,1,0.18181818181818182,0.09090909090909091,0.5,0.002002002002002002,0.0026147588611272515,-0.061275685912524955,segmento de imóveis
Meia Praia · casa · 5 quartos,3,0,0,3,0,0.0,0.0,,0.0,0.0008715862870424172,-0.08715862870424172,segmento de imóveis
Meia Praia · casa · 6 quartos,1,0,0,1,0,0.0,0.0,,0.0,0.0002905287623474724,-0.029052876234747237,segmento de imóveis
Meia Praia · casa · 7 quartos,2,1,0,1,1,0.5,0.0,0.0,0.001001001001001001,0.0002905287623474724,0.07104722386535285,segmento de imóveis
Meia Praia · hotel · 1 quarto,6,1,0,5,1,0.16666666666666666,0.0,0.0,0.001001001001001001,0.001452643811737362,-0.0451642810736361,segmento de imóveis
Meia Praia · hotel · 2 quartos,10,0,0,10,0,0.0,0.0,,0.0,0.002905287623474724,-0.2905287623474724,segmento de imóveis
Meia Praia · hotel · 3 quartos,5,0,0,5,0,0.0,0.0,,0.0,0.001452643811737362,-0.1452643811737362,segmento de imóveis
Meia Praia · outros · 0 quartos,5,0,0,5,0,0.0,0.0,,0.0,0.001452643811737362,-0.1452643811737362,segmento de imóveis
Meia Praia · outros · 1 quarto,122,11,3,111,8,0.09016393442622951,0.02459016393442623,0.2727272727272727,0.011011011011011011,0.03224869262056944,-2.1237681609558425,segmento de imóveis
Meia Praia · outros · 10 quartos,1,0,0,1,0,0.0,0.0,,0.0,0.0002905287623474724,-0.029052876234747237,segmento de imóveis
Meia Praia · outros · 12 quartos,1,0,0,1,0,0.0,0.0,,0.0,0.0002905287623474724,-0.029052876234747237,segmento de imóveis
Meia Praia · outros · 2 quartos,12,1,1,11,0,0.08333333333333333,0.08333333333333333,1.0,0.001001001001001001,0.0031958163858221964,-0.21948153848211954,segmento de imóveis
Meia Praia · outros · 3 quartos,6,0,0,6,0,0.0,0.0,,0.0,0.0017431725740848344,-0.17431725740848344,segmento de imóveis
Morretes · apartamento · 0 quartos,4,0,0,4,0,0.0,0.0,,0.0,0.0011621150493898896,-0.11621150493898895,segmento de imóveis
Morretes · apartamento · 1 quarto,13,4,3,9,1,0.3076923076923077,0.23076923076923078,0.75,0.004004004004004004,0.0026147588611272515,0.13892451428767524,segmento de imóveis
Morretes · apartamento · 2 quartos,229,51,43,178,8,0.22270742358078602,0.18777292576419213,0.8431372549019608,0.05105105105105105,0.051714119697850086,-0.06630686467990338,segmento de imóveis
Morretes · apartamento · 3 quartos,59,10,9,49,1,0.1694915254237288,0.15254237288135594,0.9,0.01001001001001001,0.014235909355026147,-0.4225899345016137,segmento de imóveis
Morretes · apartamento · 4 quartos,12,3,1,9,2,0.25,0.08333333333333333,0.3333333333333333,0.003003003003003003,0.0026147588611272515,0.038824414187575144,segmento de imóveis
Morretes · apartamento · 5 quartos,1,0,0,1,0,0.0,0.0,,0.0,0.0002905287623474724,-0.029052876234747237,segmento de imóveis
Morretes · casa · 0 quartos,1,0,0,1,0,0.0,0.0,,0.0,0.0002905287623474724,-0.029052876234747237,segmento de imóveis
Morretes · casa · 1 quarto,17,2,0,15,2,0.11764705882352941,0.0,0.0,0.002002002002002002,0.004357931435212086,-0.23559294332100839,segmento de imóveis
Morretes · casa · 2 quartos,40,9,8,31,1,0.225,0.2,0.8888888888888888,0.009009009009009009,0.009006391632771645,0.00026173762373640774,segmento de imóveis
Morretes · casa · 3 quartos,29,1,0,28,1,0.034482758620689655,0.0,0.0,0.001001001001001001,0.008134805345729227,-0.7133804344728225,segmento de imóveis
Morretes · casa · 4 quartos,12,2,2,10,0,0.16666666666666666,0.16666666666666666,1.0,0.002002002002002002,0.002905287623474724,-0.0903285621472722,segmento de imóveis
Morretes · hotel · 2 quartos,1,0,0,1,0,0.0,0.0,,0.0,0.0002905287623474724,-0.029052876234747237,segmento de imóveis
Morretes · outros · 0 quartos,1,0,0,1,0,0.0,0.0,,0.0,0.0002905287623474724,-0.029052876234747237,segmento de imóveis
Morretes · outros · 1 quarto,19,1,0,18,1,0.05263157894736842,0.0,0.0,0.001001001001001001,0.005229517722254503,-0.4228516721253502,segmento de imóveis
Morretes · outros · 2 quartos,3,0,0,3,0,0.0,0.0,,0.0,0.0008715862870424172,-0.08715862870424172,segmento de imóveis
Sertao do Trombudo · casa · 0 quartos,1,0,0,1,0,0.0,0.0,,0.0,0.0002905287623474724,-0.029052876234747237,segmento de imóveis
Sertao do Trombudo · casa · 1 quarto,6,2,2,4,0,0.3333333333333333,0.3333333333333333,1.0,0.002002002002002002,0.0011621150493898896,0.08398869526121125,segmento de imóveis
Sertao do Trombudo · casa · 2 quartos,8,0,0,8,0,0.0,0.0,,0.0,0.002324230098779779,-0.2324230098779779,segmento de imóveis
Sertao do Trombudo · casa · 3 quartos,4,0,0,4,0,0.0,0.0,,0.0,0.0011621150493898896,-0.11621150493898895,segmento de imóveis
Sertao do Trombudo · casa · 4 quartos,1,1,1,0,0,1.0,1.0,1.0,0.001001001001001001,0.0,0.10010010010010009,segmento de imóveis
Sertao do Trombudo · casa · 5 quartos,1,0,0,1,0,0.0,0.0,,0.0,0.0002905287623474724,-0.029052876234747237,segmento de imóveis
Sertao do Trombudo · outros · 1 quarto,1,0,0,1,0,0.0,0.0,,0.0,0.0002905287623474724,-0.029052876234747237,segmento de imóveis
Sertaozinho · apartamento · 2 quartos,1,0,0,1,0,0.0,0.0,,0.0,0.0002905287623474724,-0.029052876234747237,segmento de imóveis
Sertaozinho · apartamento · 3 quartos,1,0,0,1,0,0.0,0.0,,0.0,0.0002905287623474724,-0.029052876234747237,segmento de imóveis
Sertaozinho · casa · 0 quartos,2,0,0,2,0,0.0,0.0,,0.0,0.0005810575246949448,-0.058105752469494475,segmento de imóveis
Sertaozinho · casa · 1 quarto,4,2,0,2,2,0.5,0.0,0.0,0.002002002002002002,0.0005810575246949448,0.1420944477307057,segmento de imóveis
Sertaozinho · casa · 2 quartos,3,1,1,2,0,0.3333333333333333,0.3333333333333333,1.0,0.001001001001001001,0.0005810575246949448,0.041994347630605625,segmento de imóveis
Sertaozinho · casa · 3 quartos,3,1,0,2,1,0.3333333333333333,0.0,0.0,0.001001001001001001,0.0005810575246949448,0.041994347630605625,segmento de imóveis
Sertaozinho · casa · 6 quartos,2,2,2,0,0,1.0,1.0,1.0,0.002002002002002002,0.0,0.20020020020020018,segmento de imóveis
Sertaozinho · outros · 1 quarto,5,0,0,5,0,0.0,0.0,,0.0,0.001452643811737362,-0.1452643811737362,segmento de imóveis
Tabuleiro dos Oliveiras · apartamento · 0 quartos,2,0,0,2,0,0.0,0.0,,0.0,0.0005810575246949448,-0.058105752469494475,segmento de imóveis
Tabuleiro dos Oliveiras · apartamento · 1 quarto,3,0,0,3,0,0.0,0.0,,0.0,0.0008715862870424172,-0.08715862870424172,segmento de imóveis
Tabuleiro dos Oliveiras · apartamento · 2 quartos,74,12,12,62,0,0.16216216216216217,0.16216216216216217,1.0,0.012012012012012012,0.01801278326554329,-0.6000771253531277,segmento de imóveis
Tabuleiro dos Oliveiras · apartamento · 3 quartos,19,4,3,15,1,0.21052631578947367,0.15789473684210525,0.75,0.004004004004004004,0.004357931435212086,-0.03539274312080818,segmento de imóveis
Tabuleiro dos Oliveiras · apartamento · 4 quartos,1,1,0,0,1,1.0,0.0,0.0,0.001001001001001001,0.0,0.10010010010010009,segmento de imóveis
Tabuleiro dos Oliveiras · casa · 0 quartos,1,0,0,1,0,0.0,0.0,,0.0,0.0002905287623474724,-0.029052876234747237,segmento de imóveis
Tabuleiro dos Oliveiras · casa · 1 quarto,9,0,0,9,0,0.0,0.0,,0.0,0.0026147588611272515,-0.26147588611272515,segmento de imóveis
Tabuleiro dos Oliveiras · casa · 2 quartos,9,0,0,9,0,0.0,0.0,,0.0,0.0026147588611272515,-0.26147588611272515,segmento de imóveis
Tabuleiro dos Oliveiras · casa · 3 quartos,2,0,0,2,0,0.0,0.0,,0.0,0.0005810575246949448,-0.058105752469494475,segmento de imóveis
Tabuleiro dos Oliveiras · casa · 4 quartos,2,1,1,1,0,0.5,0.5,1.0,0.001001001001001001,0.0002905287623474724,0.07104722386535285,segmento de imóveis
Tabuleiro dos Oliveiras · casa · 7 quartos,1,1,0,0,1,1.0,0.0,0.0,0.001001001001001001,0.0,0.10010010010010009,segmento de imóveis
Tabuleiro dos Oliveiras · outros · 1 quarto,5,1,0,4,1,0.2,0.0,0.0,0.001001001001001001,0.0011621150493898896,-0.016111404838888857,segmento de imóveis
Tabuleiro dos Oliveiras · outros · 2 quartos,1,0,0,1,0,0.0,0.0,,0.0,0.0002905287623474724,-0.029052876234747237,segmento de imóveis
Varzea · apartamento · 1 quarto,1,0,0,1,0,0.0,0.0,,0.0,0.0002905287623474724,-0.029052876234747237,segmento de imóveis
Varzea · apartamento · 2 quartos,3,0,0,3,0,0.0,0.0,,0.0,0.0008715862870424172,-0.08715862870424172,segmento de imóveis
Varzea · apartamento · 3 quartos,2,0,0,2,0,0.0,0.0,,0.0,0.0005810575246949448,-0.058105752469494475,segmento de imóveis
Varzea · casa · 0 quartos,1,0,0,1,0,0.0,0.0,,0.0,0.0002905287623474724,-0.029052876234747237,segmento de imóveis
Varzea · casa · 1 quarto,8,3,1,5,2,0.375,0.125,0.3333333333333333,0.003003003003003003,0.001452643811737362,0.1550359191265641,segmento de imóveis
Varzea · casa · 2 quartos,9,0,0,9,0,0.0,0.0,,0.0,0.0026147588611272515,-0.26147588611272515,segmento de imóveis
Varzea · casa · 3 quartos,12,1,1,11,0,0.08333333333333333,0.08333333333333333,1.0,0.001001001001001001,0.0031958163858221964,-0.21948153848211954,segmento de imóveis
Varzea · casa · 5 quartos,1,1,1,0,0,1.0,1.0,1.0,0.001001001001001001,0.0,0.10010010010010009,segmento de imóveis
Varzea · outros · 1 quarto,5,0,0,5,0,0.0,0.0,,0.0,0.001452643811737362,-0.1452643811737362,segmento de imóveis
Varzea · outros · 2 quartos,1,0,0,1,0,0.0,0.0,,0.0,0.0002905287623474724,-0.029052876234747237,segmento de imóveis
