segment_key_a,segmento_a,segment_key_b,segmento_b,familia_comparacao,escopo_comparacao,metrica,metrica_label,n_listings_a,n_listings_b,n_hosts_a,n_hosts_b,hosts_nos_dois_segmentos,mediana_a,p25_a,p75_a,mediana_b,p25_b,p75_b,diferenca_rs,diferenca_pct_sobre_b,bootstrap_host_ic95_inferior_rs,bootstrap_host_ic95_superior_rs,evidencia_estatistica,suporte_comparacao,relevancia_economica
centro|apartamento|2 quartos,Centro · apartamento · 2 quartos,meia praia|apartamento|2 quartos,Meia Praia · apartamento · 2 quartos,localização dentro do mesmo perfil,exploratória,preco_total,Preço anunciado total,59,126,37,112,1,600.0,399.0,682.0,448.0,350.0,550.0,152.0,0.3392857142857143,-49.025,225.02499999999998,evidência inconclusiva,principal,não avaliada neste ciclo
centro|apartamento|2 quartos,Centro · apartamento · 2 quartos,meia praia|apartamento|2 quartos,Meia Praia · apartamento · 2 quartos,localização dentro do mesmo perfil,exploratória,preco_por_hospede,Preço anunciado por hóspede comportado,59,126,37,112,1,100.8125,71.58333333333334,137.08333333333331,75.0,59.53125,99.54166666666667,25.8125,0.3441666666666667,-3.0041666666666664,34.51041666666666,evidência inconclusiva,principal,não avaliada neste ciclo
centro|apartamento|2 quartos,Centro · apartamento · 2 quartos,meia praia|apartamento|2 quartos,Meia Praia · apartamento · 2 quartos,localização dentro do mesmo perfil,exploratória,preco_por_quarto,Preço anunciado por quarto,59,126,37,112,1,300.0,199.5,341.0,224.0,175.0,275.0,76.0,0.3392857142857143,-25.25,113.5,evidência inconclusiva,principal,não avaliada neste ciclo
centro|apartamento|2 quartos,Centro · apartamento · 2 quartos,morretes|apartamento|2 quartos,Morretes · apartamento · 2 quartos,localização dentro do mesmo perfil,exploratória,preco_total,Preço anunciado total,59,43,37,34,1,600.0,399.0,682.0,453.5,351.5,553.75,146.5,0.3230429988974642,-59.25625,207.0,evidência inconclusiva,principal,não avaliada neste ciclo
centro|apartamento|2 quartos,Centro · apartamento · 2 quartos,morretes|apartamento|2 quartos,Morretes · apartamento · 2 quartos,localização dentro do mesmo perfil,exploratória,preco_por_hospede,Preço anunciado por hóspede comportado,59,43,37,34,1,100.8125,71.58333333333334,137.08333333333331,90.0,61.66666666666667,117.75,10.8125,0.12013888888888889,-19.004166666666666,25.66666666666667,evidência inconclusiva,principal,não avaliada neste ciclo
centro|apartamento|2 quartos,Centro · apartamento · 2 quartos,morretes|apartamento|2 quartos,Morretes · apartamento · 2 quartos,localização dentro do mesmo perfil,exploratória,preco_por_quarto,Preço anunciado por quarto,59,43,37,34,1,300.0,199.5,341.0,226.75,175.75,276.875,73.25,0.3230429988974642,-28.284374999999997,103.5,evidência inconclusiva,principal,não avaliada neste ciclo
centro|apartamento|2 quartos,Centro · apartamento · 2 quartos,tabuleiro dos oliveiras|apartamento|2 quartos,Tabuleiro dos Oliveiras · apartamento · 2 quartos,localização dentro do mesmo perfil,exploratória,preco_total,Preço anunciado total,59,12,37,11,1,600.0,399.0,682.0,399.5,380.0,553.25,200.5,0.5018773466833542,-47.0,230.75,evidência inconclusiva,exploratório,não avaliada neste ciclo
centro|apartamento|2 quartos,Centro · apartamento · 2 quartos,tabuleiro dos oliveiras|apartamento|2 quartos,Tabuleiro dos Oliveiras · apartamento · 2 quartos,localização dentro do mesmo perfil,exploratória,preco_por_hospede,Preço anunciado por hóspede comportado,59,12,37,11,1,100.8125,71.58333333333334,137.08333333333331,79.6,63.333333333333336,126.325,21.212500000000006,0.2664886934673368,-24.31203125000001,38.66666666666666,evidência inconclusiva,exploratório,não avaliada neste ciclo
centro|apartamento|2 quartos,Centro · apartamento · 2 quartos,tabuleiro dos oliveiras|apartamento|2 quartos,Tabuleiro dos Oliveiras · apartamento · 2 quartos,localização dentro do mesmo perfil,exploratória,preco_por_quarto,Preço anunciado por quarto,59,12,37,11,1,300.0,199.5,341.0,199.75,190.0,276.625,100.25,0.5018773466833542,-22.75625,116.75,evidência inconclusiva,exploratório,não avaliada neste ciclo
centro|apartamento|3 quartos,Centro · apartamento · 3 quartos,meia praia|apartamento|3 quartos,Meia Praia · apartamento · 3 quartos,localização dentro do mesmo perfil,exploratória,preco_total,Preço anunciado total,38,284,34,235,2,664.0,500.0,832.75,650.0,500.0,816.499975,14.0,0.021538461538461538,-143.0175,160.05312499999997,evidência inconclusiva,principal,não avaliada neste ciclo
centro|apartamento|3 quartos,Centro · apartamento · 3 quartos,meia praia|apartamento|3 quartos,Meia Praia · apartamento · 3 quartos,localização dentro do mesmo perfil,exploratória,preco_por_hospede,Preço anunciado por hóspede comportado,38,284,34,235,2,98.765625,63.0625,115.5,87.625,65.0,113.88392857142857,11.140625,0.1271398002853067,-10.721819196428566,19.377455357142853,evidência inconclusiva,principal,não avaliada neste ciclo
centro|apartamento|3 quartos,Centro · apartamento · 3 quartos,meia praia|apartamento|3 quartos,Meia Praia · apartamento · 3 quartos,localização dentro do mesmo perfil,exploratória,preco_por_quarto,Preço anunciado por quarto,38,284,34,235,2,221.33333333333331,166.66666666666666,277.58333333333337,216.66666666666666,166.66666666666666,272.1666583333333,4.666666666666657,0.021538461538461496,-45.66338937499999,53.717708333333306,evidência inconclusiva,principal,não avaliada neste ciclo
meia praia|apartamento|2 quartos,Meia Praia · apartamento · 2 quartos,morretes|apartamento|2 quartos,Morretes · apartamento · 2 quartos,localização dentro do mesmo perfil,exploratória,preco_total,Preço anunciado total,126,43,112,34,3,448.0,350.0,550.0,453.5,351.5,553.75,-5.5,-0.012127894156560088,-71.0,42.5,evidência inconclusiva,principal,não avaliada neste ciclo
meia praia|apartamento|2 quartos,Meia Praia · apartamento · 2 quartos,morretes|apartamento|2 quartos,Morretes · apartamento · 2 quartos,localização dentro do mesmo perfil,exploratória,preco_por_hospede,Preço anunciado por hóspede comportado,126,43,112,34,3,75.0,59.53125,99.54166666666667,90.0,61.66666666666667,117.75,-15.0,-0.16666666666666666,-36.68958333333334,6.260416666666643,evidência inconclusiva,principal,não avaliada neste ciclo
meia praia|apartamento|2 quartos,Meia Praia · apartamento · 2 quartos,morretes|apartamento|2 quartos,Morretes · apartamento · 2 quartos,localização dentro do mesmo perfil,exploratória,preco_por_quarto,Preço anunciado por quarto,126,43,112,34,3,224.0,175.0,275.0,226.75,175.75,276.875,-2.75,-0.012127894156560088,-35.75,25.5,evidência inconclusiva,principal,não avaliada neste ciclo
meia praia|apartamento|2 quartos,Meia Praia · apartamento · 2 quartos,tabuleiro dos oliveiras|apartamento|2 quartos,Tabuleiro dos Oliveiras · apartamento · 2 quartos,localização dentro do mesmo perfil,exploratória,preco_total,Preço anunciado total,126,12,112,11,1,448.0,350.0,550.0,399.5,380.0,553.25,48.5,0.1214017521902378,-124.025,75.01249999999999,evidência inconclusiva,exploratório,não avaliada neste ciclo
meia praia|apartamento|2 quartos,Meia Praia · apartamento · 2 quartos,tabuleiro dos oliveiras|apartamento|2 quartos,Tabuleiro dos Oliveiras · apartamento · 2 quartos,localização dentro do mesmo perfil,exploratória,preco_por_hospede,Preço anunciado por hóspede comportado,126,12,112,11,1,75.0,59.53125,99.54166666666667,79.6,63.333333333333336,126.325,-4.599999999999994,-0.05778894472361802,-52.898125,14.166666666666664,evidência inconclusiva,exploratório,não avaliada neste ciclo
meia praia|apartamento|2 quartos,Meia Praia · apartamento · 2 quartos,tabuleiro dos oliveiras|apartamento|2 quartos,Tabuleiro dos Oliveiras · apartamento · 2 quartos,localização dentro do mesmo perfil,exploratória,preco_por_quarto,Preço anunciado por quarto,126,12,112,11,1,224.0,175.0,275.0,199.75,190.0,276.625,24.25,0.1214017521902378,-66.775,40.5,evidência inconclusiva,exploratório,não avaliada neste ciclo
morretes|apartamento|2 quartos,Morretes · apartamento · 2 quartos,tabuleiro dos oliveiras|apartamento|2 quartos,Tabuleiro dos Oliveiras · apartamento · 2 quartos,localização dentro do mesmo perfil,exploratória,preco_total,Preço anunciado total,43,12,34,11,1,453.5,351.5,553.75,399.5,380.0,553.25,54.0,0.13516896120150187,-112.5,103.53749999999997,evidência inconclusiva,exploratório,não avaliada neste ciclo
morretes|apartamento|2 quartos,Morretes · apartamento · 2 quartos,tabuleiro dos oliveiras|apartamento|2 quartos,Tabuleiro dos Oliveiras · apartamento · 2 quartos,localização dentro do mesmo perfil,exploratória,preco_por_hospede,Preço anunciado por hóspede comportado,43,12,34,11,1,90.0,61.66666666666667,117.75,79.6,63.333333333333336,126.325,10.400000000000006,0.13065326633165839,-35.50375,38.4375,evidência inconclusiva,exploratório,não avaliada neste ciclo
morretes|apartamento|2 quartos,Morretes · apartamento · 2 quartos,tabuleiro dos oliveiras|apartamento|2 quartos,Tabuleiro dos Oliveiras · apartamento · 2 quartos,localização dentro do mesmo perfil,exploratória,preco_por_quarto,Preço anunciado por quarto,43,12,34,11,1,226.75,175.75,276.875,199.75,190.0,276.625,27.0,0.13516896120150187,-55.0125,50.0,evidência inconclusiva,exploratório,não avaliada neste ciclo
centro|apartamento|2 quartos,Centro · apartamento · 2 quartos,centro|apartamento|3 quartos,Centro · apartamento · 3 quartos,quartos dentro do mesmo bairro e tipo,exploratória,preco_total,Preço anunciado total,59,38,37,34,6,600.0,399.0,682.0,664.0,500.0,832.75,-64.0,-0.0963855421686747,-348.903125,41.537499999999966,evidência inconclusiva,principal,não avaliada neste ciclo
centro|apartamento|2 quartos,Centro · apartamento · 2 quartos,centro|apartamento|3 quartos,Centro · apartamento · 3 quartos,quartos dentro do mesmo bairro e tipo,exploratória,preco_por_hospede,Preço anunciado por hóspede comportado,59,38,37,34,6,100.8125,71.58333333333334,137.08333333333331,98.765625,63.0625,115.5,2.046875,0.02072456889732637,-25.16666666666667,21.16666666666667,evidência inconclusiva,principal,não avaliada neste ciclo
centro|apartamento|2 quartos,Centro · apartamento · 2 quartos,centro|apartamento|3 quartos,Centro · apartamento · 3 quartos,quartos dentro do mesmo bairro e tipo,exploratória,preco_por_quarto,Preço anunciado por quarto,59,38,37,34,6,300.0,199.5,341.0,221.33333333333331,166.66666666666666,277.58333333333337,78.66666666666669,0.35542168674698804,-40.52916666666667,120.67604166666668,evidência inconclusiva,principal,não avaliada neste ciclo
meia praia|apartamento|1 quarto,Meia Praia · apartamento · 1 quarto,meia praia|apartamento|2 quartos,Meia Praia · apartamento · 2 quartos,quartos dentro do mesmo bairro e tipo,exploratória,preco_total,Preço anunciado total,16,126,14,112,2,440.0,382.875,510.75,448.0,350.0,550.0,-8.0,-0.017857142857142856,-65.0,90.0,evidência inconclusiva,exploratório,não avaliada neste ciclo
meia praia|apartamento|1 quarto,Meia Praia · apartamento · 1 quarto,meia praia|apartamento|2 quartos,Meia Praia · apartamento · 2 quartos,quartos dentro do mesmo bairro e tipo,exploratória,preco_por_hospede,Preço anunciado por hóspede comportado,16,126,14,112,2,123.75,99.0625,201.1875,75.0,59.53125,99.54166666666667,48.75,0.65,21.742708333333333,165.0,diferença estatisticamente sustentada,exploratório,não avaliada neste ciclo
meia praia|apartamento|1 quarto,Meia Praia · apartamento · 1 quarto,meia praia|apartamento|2 quartos,Meia Praia · apartamento · 2 quartos,quartos dentro do mesmo bairro e tipo,exploratória,preco_por_quarto,Preço anunciado por quarto,16,126,14,112,2,440.0,382.875,510.75,224.0,175.0,275.0,216.0,0.9642857142857143,162.23125,300.0,diferença estatisticamente sustentada,exploratório,não avaliada neste ciclo
meia praia|apartamento|1 quarto,Meia Praia · apartamento · 1 quarto,meia praia|apartamento|3 quartos,Meia Praia · apartamento · 3 quartos,quartos dentro do mesmo bairro e tipo,exploratória,preco_total,Preço anunciado total,16,284,14,235,1,440.0,382.875,510.75,650.0,500.0,816.499975,-210.0,-0.3230769230769231,-307.5,-114.0,diferença estatisticamente sustentada,exploratório,não avaliada neste ciclo
meia praia|apartamento|1 quarto,Meia Praia · apartamento · 1 quarto,meia praia|apartamento|3 quartos,Meia Praia · apartamento · 3 quartos,quartos dentro do mesmo bairro e tipo,exploratória,preco_por_hospede,Preço anunciado por hóspede comportado,16,284,14,235,1,123.75,99.0625,201.1875,87.625,65.0,113.88392857142857,36.125,0.4122681883024251,8.924107142857146,151.674998984375,diferença estatisticamente sustentada,exploratório,não avaliada neste ciclo
meia praia|apartamento|1 quarto,Meia Praia · apartamento · 1 quarto,meia praia|apartamento|3 quartos,Meia Praia · apartamento · 3 quartos,quartos dentro do mesmo bairro e tipo,exploratória,preco_por_quarto,Preço anunciado por quarto,16,284,14,235,1,440.0,382.875,510.75,216.66666666666666,166.66666666666666,272.1666583333333,223.33333333333334,1.0307692307692309,151.66583333333332,298.00625,diferença estatisticamente sustentada,exploratório,não avaliada neste ciclo
meia praia|apartamento|1 quarto,Meia Praia · apartamento · 1 quarto,meia praia|apartamento|4 quartos,Meia Praia · apartamento · 4 quartos,quartos dentro do mesmo bairro e tipo,exploratória,preco_total,Preço anunciado total,16,43,14,38,1,440.0,382.875,510.75,899.0,735.0,1537.0,-459.0,-0.5105672969966629,-910.125,-341.0,diferença estatisticamente sustentada,exploratório,não avaliada neste ciclo
meia praia|apartamento|1 quarto,Meia Praia · apartamento · 1 quarto,meia praia|apartamento|4 quartos,Meia Praia · apartamento · 4 quartos,quartos dentro do mesmo bairro e tipo,exploratória,preco_por_hospede,Preço anunciado por hóspede comportado,16,43,14,38,1,123.75,99.0625,201.1875,100.0,75.19791562500001,149.86363636363637,23.75,0.2375,-21.255208333333332,133.8140625,evidência inconclusiva,exploratório,não avaliada neste ciclo
meia praia|apartamento|1 quarto,Meia Praia · apartamento · 1 quarto,meia praia|apartamento|4 quartos,Meia Praia · apartamento · 4 quartos,quartos dentro do mesmo bairro e tipo,exploratória,preco_por_quarto,Preço anunciado por quarto,16,43,14,38,1,440.0,382.875,510.75,224.75,183.75,384.25,215.25,0.9577308120133482,76.5,294.33333749999997,diferença estatisticamente sustentada,exploratório,não avaliada neste ciclo
meia praia|apartamento|2 quartos,Meia Praia · apartamento · 2 quartos,meia praia|apartamento|3 quartos,Meia Praia · apartamento · 3 quartos,quartos dentro do mesmo bairro e tipo,exploratória,preco_total,Preço anunciado total,126,284,112,235,9,448.0,350.0,550.0,650.0,500.0,816.499975,-202.0,-0.31076923076923074,-295.0,-155.73810000000003,diferença estatisticamente sustentada,principal,não avaliada neste ciclo
meia praia|apartamento|2 quartos,Meia Praia · apartamento · 2 quartos,meia praia|apartamento|3 quartos,Meia Praia · apartamento · 3 quartos,quartos dentro do mesmo bairro e tipo,exploratória,preco_por_hospede,Preço anunciado por hóspede comportado,126,284,112,235,9,75.0,59.53125,99.54166666666667,87.625,65.0,113.88392857142857,-12.625,-0.14407988587731813,-20.960321969696963,-5.582291718749996,diferença estatisticamente sustentada,principal,não avaliada neste ciclo
meia praia|apartamento|2 quartos,Meia Praia · apartamento · 2 quartos,meia praia|apartamento|3 quartos,Meia Praia · apartamento · 3 quartos,quartos dentro do mesmo bairro e tipo,exploratória,preco_por_quarto,Preço anunciado por quarto,126,284,112,235,9,224.0,175.0,275.0,216.66666666666666,166.66666666666666,272.1666583333333,7.333333333333343,0.033846153846153894,-33.33333333333334,24.666666666666657,evidência inconclusiva,principal,não avaliada neste ciclo
meia praia|apartamento|2 quartos,Meia Praia · apartamento · 2 quartos,meia praia|apartamento|4 quartos,Meia Praia · apartamento · 4 quartos,quartos dentro do mesmo bairro e tipo,exploratória,preco_total,Preço anunciado total,126,43,112,38,3,448.0,350.0,550.0,899.0,735.0,1537.0,-451.0,-0.5016685205784205,-952.3125,-378.96250000000003,diferença estatisticamente sustentada,principal,não avaliada neste ciclo
meia praia|apartamento|2 quartos,Meia Praia · apartamento · 2 quartos,meia praia|apartamento|4 quartos,Meia Praia · apartamento · 4 quartos,quartos dentro do mesmo bairro e tipo,exploratória,preco_por_hospede,Preço anunciado por hóspede comportado,126,43,112,38,3,75.0,59.53125,99.54166666666667,100.0,75.19791562500001,149.86363636363637,-25.0,-0.25,-57.24359654761905,-7.555555555555557,diferença estatisticamente sustentada,principal,não avaliada neste ciclo
meia praia|apartamento|2 quartos,Meia Praia · apartamento · 2 quartos,meia praia|apartamento|4 quartos,Meia Praia · apartamento · 4 quartos,quartos dentro do mesmo bairro e tipo,exploratória,preco_por_quarto,Preço anunciado por quarto,126,43,112,38,3,224.0,175.0,275.0,224.75,183.75,384.25,-0.75,-0.0033370411568409346,-125.025,18.02187499999998,evidência inconclusiva,principal,não avaliada neste ciclo
meia praia|apartamento|3 quartos,Meia Praia · apartamento · 3 quartos,meia praia|apartamento|4 quartos,Meia Praia · apartamento · 4 quartos,quartos dentro do mesmo bairro e tipo,exploratória,preco_total,Preço anunciado total,284,43,235,38,9,650.0,500.0,816.499975,899.0,735.0,1537.0,-249.0,-0.27697441601779754,-712.6875,-150.0,diferença estatisticamente sustentada,principal,não avaliada neste ciclo
meia praia|apartamento|3 quartos,Meia Praia · apartamento · 3 quartos,meia praia|apartamento|4 quartos,Meia Praia · apartamento · 4 quartos,quartos dentro do mesmo bairro e tipo,exploratória,preco_por_hospede,Preço anunciado por hóspede comportado,284,43,235,38,9,87.625,65.0,113.88392857142857,100.0,75.19791562500001,149.86363636363637,-12.375,-0.12375,-45.10915178571429,3.0556944444444363,evidência inconclusiva,principal,não avaliada neste ciclo
meia praia|apartamento|3 quartos,Meia Praia · apartamento · 3 quartos,meia praia|apartamento|4 quartos,Meia Praia · apartamento · 4 quartos,quartos dentro do mesmo bairro e tipo,exploratória,preco_por_quarto,Preço anunciado por quarto,284,43,235,38,9,216.66666666666666,166.66666666666666,272.1666583333333,224.75,183.75,384.25,-8.083333333333343,-0.03596588802373011,-133.33333333333334,18.34166666666664,evidência inconclusiva,principal,não avaliada neste ciclo
centro|apartamento|1 quarto,Centro · apartamento · 1 quarto,meia praia|apartamento|1 quarto,Meia Praia · apartamento · 1 quarto,tese: vantagem de localização,principal pré-definida,preco_total,Preço anunciado total,75,16,17,14,3,450.0,378.25,497.0,440.0,382.875,510.75,10.0,0.022727272727272728,-82.0,100.0,evidência inconclusiva,exploratório,não avaliada neste ciclo
centro|apartamento|1 quarto,Centro · apartamento · 1 quarto,meia praia|apartamento|1 quarto,Meia Praia · apartamento · 1 quarto,tese: vantagem de localização,principal pré-definida,preco_por_hospede,Preço anunciado por hóspede comportado,75,16,17,14,3,136.5,118.34375,189.125,123.75,99.0625,201.1875,12.75,0.10303030303030303,-109.75,43.631249999999994,evidência inconclusiva,exploratório,não avaliada neste ciclo
centro|apartamento|1 quarto,Centro · apartamento · 1 quarto,meia praia|apartamento|1 quarto,Meia Praia · apartamento · 1 quarto,tese: vantagem de localização,principal pré-definida,preco_por_quarto,Preço anunciado por quarto,75,16,17,14,3,450.0,378.25,497.0,440.0,382.875,510.75,10.0,0.022727272727272728,-82.0,100.0,evidência inconclusiva,exploratório,não avaliada neste ciclo
centro|apartamento|1 quarto,Centro · apartamento · 1 quarto,centro|apartamento|2 quartos,Centro · apartamento · 2 quartos,tese: vantagem do compacto,principal pré-definida,preco_total,Preço anunciado total,75,59,17,37,4,450.0,378.25,497.0,600.0,399.0,682.0,-150.0,-0.25,-200.0,71.77812499999997,evidência inconclusiva,principal,não avaliada neste ciclo
centro|apartamento|1 quarto,Centro · apartamento · 1 quarto,centro|apartamento|2 quartos,Centro · apartamento · 2 quartos,tese: vantagem do compacto,principal pré-definida,preco_por_hospede,Preço anunciado por hóspede comportado,75,59,17,37,4,136.5,118.34375,189.125,100.8125,71.58333333333334,137.08333333333331,35.6875,0.3539987600743955,15.016666666666666,61.922916666666666,diferença estatisticamente sustentada,principal,não avaliada neste ciclo
centro|apartamento|1 quarto,Centro · apartamento · 1 quarto,centro|apartamento|2 quartos,Centro · apartamento · 2 quartos,tese: vantagem do compacto,principal pré-definida,preco_por_quarto,Preço anunciado por quarto,75,59,17,37,4,450.0,378.25,497.0,300.0,199.5,341.0,150.0,0.5,113.125,284.0,diferença estatisticamente sustentada,principal,não avaliada neste ciclo
centro|apartamento|1 quarto,Centro · apartamento · 1 quarto,centro|apartamento|3 quartos,Centro · apartamento · 3 quartos,tese: vantagem do compacto,principal pré-definida,preco_total,Preço anunciado total,75,38,17,34,3,450.0,378.25,497.0,664.0,500.0,832.75,-214.0,-0.32228915662650603,-353.328125,-62.19375000000005,diferença estatisticamente sustentada,principal,não avaliada neste ciclo
centro|apartamento|1 quarto,Centro · apartamento · 1 quarto,centro|apartamento|3 quartos,Centro · apartamento · 3 quartos,tese: vantagem do compacto,principal pré-definida,preco_por_hospede,Preço anunciado por hóspede comportado,75,38,17,34,3,136.5,118.34375,189.125,98.765625,63.0625,115.5,37.734375,0.38205980066445183,8.257409843749995,58.53854166666663,diferença estatisticamente sustentada,principal,não avaliada neste ciclo
centro|apartamento|1 quarto,Centro · apartamento · 1 quarto,centro|apartamento|3 quartos,Centro · apartamento · 3 quartos,tese: vantagem do compacto,principal pré-definida,preco_por_quarto,Preço anunciado por quarto,75,38,17,34,3,450.0,378.25,497.0,221.33333333333331,166.66666666666666,277.58333333333337,228.66666666666669,1.0331325301204821,169.0,294.29166666666663,diferença estatisticamente sustentada,principal,não avaliada neste ciclo
