segmento_a,segmento_b,n_listings_a,n_listings_b,n_hosts_a,n_hosts_b,hosts_presentes_nos_dois_segmentos,preco_mediano_a,preco_mediano_b,diferenca_rs,diferenca_pct_sobre_b,bootstrap_listing_ic95_inferior_rs,bootstrap_listing_ic95_superior_rs,bootstrap_host_ic95_inferior_rs,bootstrap_host_ic95_superior_rs,evidencia_estatistica,relevancia_economica
Meia Praia · apartamento · 4 quartos,Centro · apartamento · 3 quartos,43,38,38,34,2,899.0,664.0,235.0,0.3539156626506024,59.853125,610.0,69.75,643.0,diferença sustentada,não avaliada nesta etapa
Meia Praia · apartamento · 4 quartos,Meia Praia · apartamento · 3 quartos,43,284,38,235,9,899.0,650.0,249.0,0.3830769230769231,152.5,598.0125,150.975,738.0074999999999,diferença sustentada,não avaliada nesta etapa
Meia Praia · apartamento · 4 quartos,Centro · apartamento · 2 quartos,43,59,38,37,1,899.0,600.0,299.0,0.49833333333333335,222.25,701.4749999999996,220.5,825.1499999999999,diferença sustentada,não avaliada nesta etapa
Meia Praia · apartamento · 4 quartos,Morretes · apartamento · 2 quartos,43,43,38,34,2,899.0,453.5,445.5,0.9823594266813671,350.0,782.0374999999999,350.73125,929.025,diferença sustentada,não avaliada nesta etapa
Meia Praia · apartamento · 4 quartos,Centro · apartamento · 1 quarto,43,75,38,17,1,899.0,450.0,449.0,0.9977777777777778,379.0,815.0,351.0,950.0,diferença sustentada,não avaliada nesta etapa
Meia Praia · apartamento · 4 quartos,Meia Praia · apartamento · 2 quartos,43,126,38,112,3,899.0,448.0,451.0,1.0066964285714286,391.4625,800.0,374.4875,950.0,diferença sustentada,não avaliada nesta etapa
Centro · apartamento · 3 quartos,Meia Praia · apartamento · 3 quartos,38,284,34,235,2,664.0,650.0,14.0,0.021538461538461538,-133.53125,158.64404749999997,-143.0,170.0,inconclusiva,não avaliada nesta etapa
Centro · apartamento · 3 quartos,Centro · apartamento · 2 quartos,38,59,34,37,6,664.0,600.0,64.0,0.10666666666666667,-70.0,265.15,-53.51875,347.51874999999995,inconclusiva,não avaliada nesta etapa
Centro · apartamento · 3 quartos,Morretes · apartamento · 2 quartos,38,43,34,34,1,664.0,453.5,210.5,0.46416758544652703,71.9625,357.7468749999999,80.86875,365.125,diferença sustentada,não avaliada nesta etapa
Centro · apartamento · 3 quartos,Centro · apartamento · 1 quarto,38,75,34,17,3,664.0,450.0,214.0,0.47555555555555556,80.5,363.136875,67.9375,358.6,diferença sustentada,não avaliada nesta etapa
Centro · apartamento · 3 quartos,Meia Praia · apartamento · 2 quartos,38,126,34,112,3,664.0,448.0,216.0,0.48214285714285715,73.0,377.54374999999993,79.975,380.25,diferença sustentada,não avaliada nesta etapa
Meia Praia · apartamento · 3 quartos,Centro · apartamento · 2 quartos,284,59,235,37,2,650.0,600.0,50.0,0.08333333333333333,-16.13020875,200.23391812500003,-19.857099999999946,295.04374999999993,inconclusiva,não avaliada nesta etapa
Meia Praia · apartamento · 3 quartos,Morretes · apartamento · 2 quartos,284,43,235,34,2,650.0,453.5,196.5,0.43329658213891953,134.44645000000003,275.04625,135.0,291.01874999999995,diferença sustentada,não avaliada nesta etapa
Meia Praia · apartamento · 3 quartos,Centro · apartamento · 1 quarto,284,75,235,17,1,650.0,450.0,200.0,0.4444444444444444,141.0,273.0,136.13932750000006,268.655,diferença sustentada,não avaliada nesta etapa
Meia Praia · apartamento · 3 quartos,Meia Praia · apartamento · 2 quartos,284,126,235,112,9,650.0,448.0,202.0,0.45089285714285715,153.99166625,282.53125,154.3333,300.0,diferença sustentada,não avaliada nesta etapa
Centro · apartamento · 2 quartos,Morretes · apartamento · 2 quartos,59,43,37,34,1,600.0,453.5,146.5,0.3230429988974642,22.0,219.5,-68.0125,207.0,inconclusiva,não avaliada nesta etapa
Centro · apartamento · 2 quartos,Centro · apartamento · 1 quarto,59,75,37,17,4,600.0,450.0,150.0,0.3333333333333333,9.0,201.76874999999998,-80.07499999999999,200.375,inconclusiva,não avaliada nesta etapa
Centro · apartamento · 2 quartos,Meia Praia · apartamento · 2 quartos,59,126,37,112,1,600.0,448.0,152.0,0.3392857142857143,30.0,227.0,-50.0,225.75625,inconclusiva,não avaliada nesta etapa
Morretes · apartamento · 2 quartos,Centro · apartamento · 1 quarto,43,75,34,17,1,453.5,450.0,3.5,0.0077777777777777776,-54.5,63.56249999999994,-92.58125,55.0,inconclusiva,não avaliada nesta etapa
Morretes · apartamento · 2 quartos,Meia Praia · apartamento · 2 quartos,43,126,34,112,3,453.5,448.0,5.5,0.012276785714285714,-42.5,71.0,-51.0,71.0,inconclusiva,não avaliada nesta etapa
Centro · apartamento · 1 quarto,Meia Praia · apartamento · 2 quartos,75,126,17,112,1,450.0,448.0,2.0,0.004464285714285714,-46.05,71.0,-32.51458325,98.0,inconclusiva,não avaliada nesta etapa
