file,column,pandas_dtype,rows,missing_count,missing_share,distinct_non_null,examples,numeric_summary
Details_Itapema.csv,airbnb_listing_id,string,4441,0,0.0,4441,"[""1018938592594574382"", ""991407580891691701"", ""41074064""]",{}
Details_Itapema.csv,url,object,4441,0,0.0,4441,"[""https://www.airbnb.com.br/rooms/1018938592594574382"", ""https://www.airbnb.com.br/rooms/991407580891691701"", ""https://www.airbnb.com.br/rooms/41074064""]",{}
Details_Itapema.csv,ad_name,object,4441,0,0.0,4209,"[""Apartamento em centro itapema"", ""Apto em otima localização em Meia Praia EIO6031"", ""Paraíso do lazer, descanso e segurança""]",{}
Details_Itapema.csv,ad_description,object,4441,54,0.012159423553253772,3982,"[""Aconchegante, bem iluminado, poucos metros do mar,  lugar tranquilo e bem-localizado"", ""Este espaçoso apto é perfeito para família ou grupos de amigos que desejam desfrutar de uma estadia confortável em uma ótima região na Meia Praia.<br /><br />Com localização privilegiada, você vai ficar a poucos metros da praia e também de restaurantes, mercados e bares.<br /><br />A sala de estar é ampla, varanda com churrasqueira, cozinha completa e bem equipada e os três quartos são confortáveis e perfeitos para repor o sono após a agitação do dia. Venha relaxar e curtir momentos inesquecíveis pertinho da praia.<br /><br />"", ""Linda e aconchegante casa em condomínio fechado na praia mais charmosa e familiar de Santa Catarina. Local totalmente seguro, com área verde, estrutura, conforto e diversão para toda a família. Em 10 minutos caminhando você esta no mar. Ar condicionado em todos os ambientes da casa. Perfeito para as férias mais incríveis da sua vida. Encante-se com as belezas de Santa Catarina!<br /><br />""]",{}
Details_Itapema.csv,space,object,4441,2527,0.5690159873902274,1853,"[""<br />Para o conforto de nossos hóspedes, o imóvel possui:<br /><br />- Ambientes integrados, espaçosos e bem iluminados;<br />- 1 suíte com cama casal, ar-condicionado e armário;<br />- 1 demi-suíte com cama de casal, cômoda; ( nesse quarto tem uma porta para acesso ao banheiro social )<br />- 1 quarto com cama de casal, armário, cômoda e ar-condicionado;<br />- Sala de estar com sofá, poltrona, rack, TV, mesa de jantar com 6 lugares;<br /><br />- Varanda com churrasqueira e mesa;<br />- Cozinha completa com geladeira, fogão, micro-ondas, sanduicheira, liquidificador, chaleira elétrica, e demais utensílios;<br />- 1 banheiro social;<br />- Área de serviço com máquina de lavar e varal;<br />- Wi-fi 30mb disponível;<br />- 1 vaga de garagem coberta. (comporta caminhonete, tamanho 3x2)<br /><br /><br /><br />OBS: Informamos que há uma obra em andamento no prédio, sem previsão de término.<br /><br />* São disponibilizadas uma toalha de banho por hóspede e uma toalha de rosto por banheiro, além de lençóis para a quantidade de hóspedes indicada, trocas de enxoval podem ser solicitadas ao valor de meia taxa de limpeza.<br /><br />* A limpeza inclusa no valor é realizada somente no checkout. Se o hóspede desejar uma limpeza extra durante a estadia, será cobrada uma nova taxa de limpeza.<br /><br />IMPORTANTE: Para check-in após as 20h há cobrança adicional de taxa de conveniência, consulte valores e formas de pagamento com o anfitrião :)<br /><br />Venha, relaxe, divirta-se e não se preocupe com mais nada :)<br /><br />"", ""<br />O hóspede pode usar todas as áreas do condomínio fechado: cancha de vôlei, futebol, churrasqueira, bocha, parque, deve apenas respeitar as regras de convivência do condomínio"", ""<br />Condomínio restringe o barulho a partir as 22:00h às 07:00h, permitido somente 6 pessoas por apartamento.<br /><br />Não será aceito em hipótese alguma o aluguel do apartamento para o intuito de promover festas.<br /><br />""]",{}
Details_Itapema.csv,house_rules,object,4441,0,0.0,587,"[""[\""Máximo de 4 hóspedes\"", \""Não é permitido animais de estimação\"", \""Horário de silêncio\"", \""Não são permitidas festas ou eventos\"", \""Proibido fumar\""]"", ""[\""Máximo de 6 hóspedes\"", \""Não é permitido animais de estimação\"", \""Horário de silêncio\"", \""Não são permitidas festas ou eventos\"", \""Não é permitido fotografia comercial\"", \""Proibido fumar\""]"", ""[\""Máximo de 7 hóspedes\"", \""Permitido animais de estimação\"", \""Não são permitidas festas ou eventos\"", \""Proibido fumar\""]""]",{}
Details_Itapema.csv,amenities,object,4441,0,0.0,3878,"[""[\""Chuveiro externo\"", \""Máquina de lavar Gratuito\"", \""Roupa de cama\"", \""Varal para secar roupas\"", \""Local para guardar as roupas: guarda-roupa\"", \""HDTV\"", \""Ar-condicionado split\"", \""Ventilador de teto\"", \""Wi-Fi\"", \""Refrigerador\"", \""Microondas\"", \""Louças e talheres\"", \""Fogão a gás Other\"", \""Forno Normal\"", \""Liquidificador\"", \""Churrasqueira\"", \""Estacionamento incluído\"", \""O anfitrião recebe você\""]"", ""[\""Secador de cabelo\"", \""Água quente\"", \""Máquina de Lavar\"", \""Básico\"", \""Cabides\"", \""Roupa de cama\"", \""Ferro de passar\"", \""Varal para secar roupas\"", \""Local para guardar as roupas: guarda-roupa\"", \""TV\"", \""Ar-condicionado\"", \""Wi-Fi\"", \""Cozinha\"", \""Refrigerador\"", \""Microondas\"", \""Louças e talheres\"", \""Fogão\"", \""Forno\"", \""Cafeteira: cafeteira com coador\"", \""Taças de vinho\"", \""Torradeira\"", \""Assadeira\"", \""Liquidificador\"", \""Mesa de jantar\"", \""Acesso à praia compartilhado\"", \""Pátio ou varanda (Privativa)\"", \""Churrasqueira\"", \""Estacionamento incluído\"", \""Estacionamento gratuito na rua\"", \""Elevador\"", \""O anfitrião recebe você\""]"", ""[\""Secador de cabelo\"", \""Água quente\"", \""Máquina de Lavar\"", \""Básico\"", \""Cabides\"", \""Ferro de passar\"", \""TV\"", \""Ar-condicionado\"", \""Cozinha\"", \""Refrigerador\"", \""Microondas\"", \""Itens básicos de cozinha\"", \""Louças e talheres\"", \""Forno\"", \""Entrada privada\"", \""Estacionamento incluído\"", \""Permitido animais\""]""]",{}
Details_Itapema.csv,safety_features,object,4441,0,0.0,67,"[""[\""Alarme de monóxido de carbono não informado\"", \""Detector de fumaça não informado\""]"", ""[\""Não há alarme de monóxido de carbono\"", \""Não há alarme de fumaça\""]"", ""[\""Alarme de monóxido de carbono não informado\"", \""Detector de fumaça não informado\""]""]",{}
Details_Itapema.csv,number_of_bathrooms,float64,4441,0,0.0,15,"[1.0, 2.0, 2.0]","{""min"": 0.0, ""p01"": 0.0, ""p05"": 1.0, ""median"": 2.0, ""p95"": 4.0, ""p99"": 5.0, ""max"": 19.0, ""negative_count"": 0, ""zero_count"": 65}"
Details_Itapema.csv,number_of_bedrooms,int64,4441,0,0.0,13,"[1, 3, 3]","{""min"": 0.0, ""p01"": 0.0, ""p05"": 1.0, ""median"": 3.0, ""p95"": 4.0, ""p99"": 5.0, ""max"": 16.0, ""negative_count"": 0, ""zero_count"": 56}"
Details_Itapema.csv,number_of_beds,int64,4441,0,0.0,23,"[1, 3, 4]","{""min"": 0.0, ""p01"": 0.0, ""p05"": 1.0, ""median"": 3.0, ""p95"": 6.0, ""p99"": 9.0, ""max"": 50.0, ""negative_count"": 0, ""zero_count"": 64}"
Details_Itapema.csv,latitude,float64,4441,0,0.0,1,"[0.0, 0.0, 0.0]","{""min"": 0.0, ""p01"": 0.0, ""p05"": 0.0, ""median"": 0.0, ""p95"": 0.0, ""p99"": 0.0, ""max"": 0.0, ""negative_count"": 0, ""zero_count"": 4441}"
Details_Itapema.csv,longitude,float64,4441,0,0.0,1,"[0.0, 0.0, 0.0]","{""min"": 0.0, ""p01"": 0.0, ""p05"": 0.0, ""median"": 0.0, ""p95"": 0.0, ""p99"": 0.0, ""max"": 0.0, ""negative_count"": 0, ""zero_count"": 4441}"
Details_Itapema.csv,check_in,object,4441,446,0.10042783156946633,107,"[""Check-in: 14:00 - 20:00"", ""Check-in: 15:00 - 20:00"", ""Check-in após 14:00""]",{}
Details_Itapema.csv,check_out,object,4441,842,0.18959693762666066,19,"[""Checkout antes das 09:00"", ""Checkout antes das 11:00"", ""Checkout antes das 12:00""]",{}
Details_Itapema.csv,number_of_guests,int64,4441,0,0.0,16,"[4, 6, 7]","{""min"": 1.0, ""p01"": 2.0, ""p05"": 2.0, ""median"": 6.0, ""p95"": 10.0, ""p99"": 15.0, ""max"": 16.0, ""negative_count"": 0, ""zero_count"": 0}"
Details_Itapema.csv,number_of_reviews,int64,4441,0,0.0,132,"[0, 11, 6]","{""min"": 0.0, ""p01"": 0.0, ""p05"": 0.0, ""median"": 2.0, ""p95"": 40.0, ""p99"": 106.0, ""max"": 504.0, ""negative_count"": 0, ""zero_count"": 1540}"
Details_Itapema.csv,cleaning_fee,float64,4441,0,0.0,139,"[200.0, 439.0, 180.0]","{""min"": 0.0, ""p01"": 0.0, ""p05"": 0.0, ""median"": 250.0, ""p95"": 400.0, ""p99"": 550.0, ""max"": 1200.0, ""negative_count"": 0, ""zero_count"": 939}"
Details_Itapema.csv,owner_id,string,4441,0,0.0,3057,"[""545255849"", ""227777128"", ""321172190""]",{}
Details_Itapema.csv,aquisition_date,object,4441,0,0.0,2624,"[""2025-01-13 02:58:38.000"", ""2025-01-13 02:58:40.000"", ""2025-01-13 02:58:44.000""]",{}
Details_Itapema.csv,star_rating,float64,4441,0,0.0,83,"[0.0, 4.550000190734863, 5.0]","{""min"": 0.0, ""p01"": 0.0, ""p05"": 0.0, ""median"": 4.820000171661377, ""p95"": 5.0, ""p99"": 5.0, ""max"": 5.0, ""negative_count"": 0, ""zero_count"": 1540}"
Details_Itapema.csv,picture_count,int64,4441,0,0.0,97,"[0, 29, 23]","{""min"": 0.0, ""p01"": 0.0, ""p05"": 0.0, ""median"": 12.0, ""p95"": 41.0, ""p99"": 66.0, ""max"": 195.0, ""negative_count"": 0, ""zero_count"": 1729}"
Details_Itapema.csv,min_nights,int64,4441,0,0.0,1,"[0, 0, 0]","{""min"": 0.0, ""p01"": 0.0, ""p05"": 0.0, ""median"": 0.0, ""p95"": 0.0, ""p99"": 0.0, ""max"": 0.0, ""negative_count"": 0, ""zero_count"": 4441}"
Details_Itapema.csv,guest_satisfaction_overall,int64,4441,0,0.0,6,"[0, 4, 5]","{""min"": 0.0, ""p01"": 0.0, ""p05"": 0.0, ""median"": 4.0, ""p95"": 5.0, ""p99"": 5.0, ""max"": 5.0, ""negative_count"": 0, ""zero_count"": 1540}"
Details_Itapema.csv,listing_type,object,4441,0,0.0,4,"[""apartamento"", ""apartamento"", ""casa""]",{}
Details_Itapema.csv,can_instant_book,object,4441,355,0.07993695113713127,2,"[false, true, true]",{}
Details_Itapema.csv,is_professional,object,4441,355,0.07993695113713127,2,"[false, true, false]",{}
Details_Itapema.csv,accuracy_rating,float64,4441,0,0.0,76,"[0.0, 4.909999847412109, 4.829999923706055]","{""min"": 0.0, ""p01"": 0.0, ""p05"": 0.0, ""median"": 4.829999923706055, ""p95"": 5.0, ""p99"": 5.0, ""max"": 5.0, ""negative_count"": 0, ""zero_count"": 1540}"
Details_Itapema.csv,checkin_rating,float64,4441,0,0.0,65,"[0.0, 5.0, 4.5]","{""min"": 0.0, ""p01"": 0.0, ""p05"": 0.0, ""median"": 4.929999828338623, ""p95"": 5.0, ""p99"": 5.0, ""max"": 5.0, ""negative_count"": 0, ""zero_count"": 1540}"
Details_Itapema.csv,cleanliness_rating,float64,4441,0,0.0,93,"[0.0, 4.639999866485596, 5.0]","{""min"": 0.0, ""p01"": 0.0, ""p05"": 0.0, ""median"": 4.769999980926514, ""p95"": 5.0, ""p99"": 5.0, ""max"": 5.0, ""negative_count"": 0, ""zero_count"": 1540}"
Details_Itapema.csv,communication_rating,float64,4441,0,0.0,67,"[0.0, 4.820000171661377, 5.0]","{""min"": 0.0, ""p01"": 0.0, ""p05"": 0.0, ""median"": 4.940000057220459, ""p95"": 5.0, ""p99"": 5.0, ""max"": 5.0, ""negative_count"": 0, ""zero_count"": 1540}"
Details_Itapema.csv,location_rating,float64,4441,0,0.0,80,"[0.0, 4.909999847412109, 4.829999923706055]","{""min"": 0.0, ""p01"": 0.0, ""p05"": 0.0, ""median"": 4.860000133514404, ""p95"": 5.0, ""p99"": 5.0, ""max"": 5.0, ""negative_count"": 0, ""zero_count"": 1540}"
Details_Itapema.csv,value_rating,float64,4441,0,0.0,90,"[0.0, 4.449999809265137, 5.0]","{""min"": 0.0, ""p01"": 0.0, ""p05"": 0.0, ""median"": 4.71999979019165, ""p95"": 5.0, ""p99"": 5.0, ""max"": 5.0, ""negative_count"": 0, ""zero_count"": 1540}"
Details_Itapema.csv,is_new_listing,object,4441,874,0.19680252195451475,2,"[false, false, false]",{}
Details_Itapema.csv,is_guest_favorite,bool,4441,0,0.0,2,"[false, false, false]",{}
Hosts_ids_Itapema.csv,owner_id,string,4440,0,0.0,3057,"[""167418369"", ""433162432"", ""156933100""]",{}
Hosts_ids_Itapema.csv,owner,object,4440,0,0.0,1726,"[""Cristiane"", ""Adriana"", ""Carla""]",{}
Hosts_ids_Itapema.csv,is_superhost,bool,4440,0,0.0,2,"[false, false, false]",{}
Hosts_ids_Itapema.csv,number_of_reviews_host,float64,4440,0,0.0,223,"[1.0, 28.0, 0.0]","{""min"": 0.0, ""p01"": 0.0, ""p05"": 0.0, ""median"": 7.0, ""p95"": 507.0, ""p99"": 41299.0, ""max"": 41299.0, ""negative_count"": 0, ""zero_count"": 854}"
Hosts_ids_Itapema.csv,is_verified,bool,4440,0,0.0,2,"[true, true, true]",{}
Hosts_ids_Itapema.csv,star_rating_host,float64,4440,0,0.0,93,"[5.0, 4.889999866485596, 0.0]","{""min"": 0.0, ""p01"": 0.0, ""p05"": 0.0, ""median"": 4.860000133514404, ""p95"": 5.0, ""p99"": 5.0, ""max"": 5.0, ""negative_count"": 0, ""zero_count"": 854}"
Hosts_ids_Itapema.csv,years_host,int64,4440,0,0.0,14,"[0, 3, 7]","{""min"": 0.0, ""p01"": 0.0, ""p05"": 0.0, ""median"": 3.0, ""p95"": 8.0, ""p99"": 9.0, ""max"": 13.0, ""negative_count"": 0, ""zero_count"": 921}"
Hosts_ids_Itapema.csv,months_host,int64,4440,0,0.0,12,"[10, 1, 1]","{""min"": 0.0, ""p01"": 0.0, ""p05"": 0.0, ""median"": 2.0, ""p95"": 11.0, ""p99"": 11.0, ""max"": 11.0, ""negative_count"": 0, ""zero_count"": 917}"
Hosts_ids_Itapema.csv,response_rate_shown,float64,4440,4440,1.0,0,[],{}
Hosts_ids_Itapema.csv,response_time_shown,float64,4440,4440,1.0,0,[],{}
Hosts_ids_Itapema.csv,host_snapshot_date,object,4440,0,0.0,2624,"[""2025-01-13 02:25:40.000"", ""2025-01-13 02:25:41.000"", ""2025-01-13 02:58:06.000""]",{}
Mesh_Ids_Data_Itapema.csv,airbnb_listing_id,string,4441,0,0.0,4441,"[""1207992119242235910"", ""794092172388379022"", ""768031350632379804""]",{}
Mesh_Ids_Data_Itapema.csv,latitude,float64,4441,0,0.0,3349,"[-27.09306, -27.0940494537, -27.1359996796]","{""min"": -27.1490001678, ""p01"": -27.144297466576685, ""p05"": -27.14163912147, ""median"": -27.12794359520252, ""p95"": -27.08966, ""p99"": -27.066507666839296, ""max"": -27.05589395136928, ""negative_count"": 4441, ""zero_count"": 0}"
Mesh_Ids_Data_Itapema.csv,longitude,float64,4441,0,0.0,3142,"[-48.61326, -48.6120910645, -48.5989990234]","{""min"": -48.66191482543945, ""p01"": -48.63067242724, ""p05"": -48.617825704346814, ""median"": -48.60499954223633, ""p95"": -48.59157388270077, ""p99"": -48.587958, ""max"": -48.58594772482967, ""negative_count"": 4441, ""zero_count"": 0}"
Mesh_Ids_Data_Itapema.csv,suburb,object,4441,0,0.0,16,"[""Centro"", ""Centro"", ""Meia Praia""]",{}
Mesh_Ids_Data_Itapema.csv,country,object,4441,0,0.0,1,"[""Brasil"", ""Brasil"", ""Brasil""]",{}
Mesh_Ids_Data_Itapema.csv,state,object,4441,0,0.0,1,"[""Santa Catarina"", ""Santa Catarina"", ""Santa Catarina""]",{}
Mesh_Ids_Data_Itapema.csv,city,object,4441,0,0.0,1,"[""Itapema"", ""Itapema"", ""Itapema""]",{}
Mesh_Ids_Data_Itapema.csv,aquisition_date,object,4441,0,0.0,2362,"[""2025-11-03 19:00:38.406"", ""2023-06-26 19:14:29.000"", ""2022-12-06 12:43:34.000""]",{}
Price_AV_Itapema.csv,airbnb_listing_id,string,118839,0,0.0,1005,"[""1002785860497857801"", ""1002785860497857801"", ""1002785860497857801""]",{}
Price_AV_Itapema.csv,date,object,118839,0,0.0,105,"[""2025-01-23"", ""2025-02-15"", ""2025-02-20""]",{}
Price_AV_Itapema.csv,price,float64,118839,0,0.0,4396,"[800.0, 700.0, 700.0]","{""min"": 63.0, ""p01"": 192.3800000000001, ""p05"": 299.0, ""median"": 607.0, ""p95"": 1500.0, ""p99"": 2250.0, ""max"": 29000.0, ""negative_count"": 0, ""zero_count"": 0}"
Price_AV_Itapema.csv,aquisition_date,object,118839,0,0.0,4172,"[""2025-01-07 13:25:06.000"", ""2025-01-07 13:25:06.000"", ""2025-01-07 13:25:06.000""]",{}
VivaReal_Itapema.csv,listing_id,string,8329,0,0.0,8293,"[""2687011752"", ""2697432835"", ""2612161501""]",{}
VivaReal_Itapema.csv,link_url,object,8329,0,0.0,8293,"[""https://www.vivareal.com.br/imovel/apartamento-3-quartos-meia-praia-bairros-itapema-com-garagem-131m2-venda-RS1598122-id-2687011752/"", ""https://www.vivareal.com.br/imovel/apartamento-3-quartos-castelo-branco-bairros-itapema-com-garagem-118m2-venda-RS1450000-id-2697432835/"", ""https://www.vivareal.com.br/imovel/apartamento-3-quartos-meia-praia-bairros-itapema-com-garagem-125m2-venda-RS1500000-id-2612161501/""]",{}
VivaReal_Itapema.csv,listing_title,object,8329,0,0.0,5874,"[""ITAPEMA - Apartamento Padrão - Meia Praia"", ""Apartamento com 118 m² 3 suítes em Itapema - SC - REF. 9076"", ""Apartamento 03 Suítes e 03 Vagas na Meia Praia""]",{}
VivaReal_Itapema.csv,business_types,object,8329,0,0.0,2,"[""Venda"", ""Venda"", ""Venda""]",{}
VivaReal_Itapema.csv,listing_type,object,8329,0,0.0,5,"[""apartamento"", ""apartamento"", ""apartamento""]",{}
VivaReal_Itapema.csv,property_type,object,8329,0,0.0,1,"[""UNIT"", ""UNIT"", ""UNIT""]",{}
VivaReal_Itapema.csv,sale_price,float64,8329,0,0.0,2748,"[1598122.0, 1450000.0, 1500000.0]","{""min"": 10000.0, ""p01"": 450000.0, ""p05"": 590000.0, ""median"": 1750000.0, ""p95"": 6999000.0, ""p99"": 12990735.999999981, ""max"": 44000000.0, ""negative_count"": 0, ""zero_count"": 0}"
VivaReal_Itapema.csv,rental_price,float64,8329,8327,0.9997598751350703,1,"[15000.0, 15000.0]","{""min"": 15000.0, ""p01"": 15000.0, ""p05"": 15000.0, ""median"": 15000.0, ""p95"": 15000.0, ""p99"": 15000.0, ""max"": 15000.0, ""negative_count"": 0, ""zero_count"": 0}"
VivaReal_Itapema.csv,rental_period,object,8329,8327,0.9997598751350703,1,"[""MONTHLY"", ""MONTHLY""]",{}
VivaReal_Itapema.csv,yearly_iptu,float64,8329,2714,0.32584944170968905,507,"[0.0, 800.0, 4500.0]","{""min"": 0.0, ""p01"": 0.0, ""p05"": 0.0, ""median"": 150.0, ""p95"": 4165.000000000009, ""p99"": 10753.09999999989, ""max"": 2800000.0, ""negative_count"": 0, ""zero_count"": 2231}"
VivaReal_Itapema.csv,monthly_condo_fee,float64,8329,2490,0.29895545683755553,409,"[350.0, 1750.0, 590.0]","{""min"": 0.0, ""p01"": 0.0, ""p05"": 0.0, ""median"": 290.0, ""p95"": 1350.9999999999945, ""p99"": 2461.999999999989, ""max"": 3150000.0, ""negative_count"": 0, ""zero_count"": 2364}"
VivaReal_Itapema.csv,amenities,object,8329,0,0.0,5037,"[""[\""POOL\"", \""ELEVATOR\"", \""PLAYGROUND\"", \""PARTY_HALL\""]"", ""[]"", ""[\""FURNISHED\"", \""KITCHEN\""]""]",{}
VivaReal_Itapema.csv,usable_area,int64,8329,0,0.0,445,"[131, 118, 125]","{""min"": 0.0, ""p01"": 38.56, ""p05"": 61.0, ""median"": 128.0, ""p95"": 300.0, ""p99"": 811.0, ""max"": 188000.0, ""negative_count"": 0, ""zero_count"": 11}"
VivaReal_Itapema.csv,bathrooms,int64,8329,0,0.0,13,"[4, 4, 4]","{""min"": 0.0, ""p01"": 0.0, ""p05"": 1.0, ""median"": 3.0, ""p95"": 5.0, ""p99"": 6.0, ""max"": 17.0, ""negative_count"": 0, ""zero_count"": 172}"
VivaReal_Itapema.csv,bedrooms,int64,8329,0,0.0,10,"[3, 3, 3]","{""min"": 0.0, ""p01"": 0.0, ""p05"": 2.0, ""median"": 3.0, ""p95"": 4.0, ""p99"": 5.0, ""max"": 11.0, ""negative_count"": 0, ""zero_count"": 230}"
VivaReal_Itapema.csv,parking_spaces,int64,8329,0,0.0,14,"[2, 2, 3]","{""min"": 0.0, ""p01"": 0.0, ""p05"": 1.0, ""median"": 2.0, ""p95"": 4.0, ""p99"": 5.0, ""max"": 30.0, ""negative_count"": 0, ""zero_count"": 309}"
VivaReal_Itapema.csv,state,object,8329,2,0.00024012486492976348,1,"[""SC"", ""SC"", ""SC""]",{}
VivaReal_Itapema.csv,city,object,8329,0,0.0,1,"[""Itapema"", ""Itapema"", ""Itapema""]",{}
VivaReal_Itapema.csv,suburb,object,8329,98,0.01176611838155841,25,"[""Meia Praia"", ""Meia Praia"", ""Castelo Branco""]",{}
VivaReal_Itapema.csv,advertiser_name,object,8329,0,0.0,471,"[""Leonardo Batista"", ""JMARINHO IMÓVEIS"", ""CONFIARI INVESTIMENTOS IMOBILIÁRIOS""]",{}
VivaReal_Itapema.csv,portal,object,8329,0,0.0,1,"[""GRUPOZAP"", ""GRUPOZAP"", ""GRUPOZAP""]",{}
VivaReal_Itapema.csv,aquisition_date,object,8329,0,0.0,1,"[""2025-01-11 00:00:00.000"", ""2025-01-11 00:00:00.000"", ""2025-01-11 00:00:00.000""]",{}
