segment_key,segmento_imoveis,suporte_investimento,n_airbnb,n_vivareal,preco_airbnb_mediano_20_01,preco_pedido_mediano,n_preco_compra_suspeito,area_util_mediana_m2,preco_pedido_mediano_m2,n_advertisers,participacao_maior_advertiser,ocupacao_assumida,fator_sazonalidade_assumido,cenario,preco_anualizado_no_cenario,gross_yield_proxy,n_condominio_valido,cobertura_condominio_valido,suporte_condominio,condominio_mensal_mediano_valido,yield_apos_condominio_observado,rank_gross_yield_principal,rank_yield_apos_condominio_principal
alto sao bento|apartamento|2 quartos,Alto Sao Bento · apartamento · 2 quartos,evidência insuficiente,1,35,199.0,618710.0,0,65.0,9384.057971014492,23,0.14285714285714285,0.3,0.6,ocupacao_30pct__sazonalidade_60pct,13074.3,0.021131547898045933,13,0.37142857142857144,exploratório,300.0,0.015312989930662184,,
alto sao bento|apartamento|2 quartos,Alto Sao Bento · apartamento · 2 quartos,evidência insuficiente,1,35,199.0,618710.0,0,65.0,9384.057971014492,23,0.14285714285714285,0.3,0.8,ocupacao_30pct__sazonalidade_80pct,17432.4,0.02817539719739458,13,0.37142857142857144,exploratório,300.0,0.02235683923001083,,
alto sao bento|apartamento|2 quartos,Alto Sao Bento · apartamento · 2 quartos,evidência insuficiente,1,35,199.0,618710.0,0,65.0,9384.057971014492,23,0.14285714285714285,0.3,1.0,ocupacao_30pct__sazonalidade_100pct,21790.5,0.035219246496743226,13,0.37142857142857144,exploratório,300.0,0.029400688529359474,,
alto sao bento|apartamento|2 quartos,Alto Sao Bento · apartamento · 2 quartos,evidência insuficiente,1,35,199.0,618710.0,0,65.0,9384.057971014492,23,0.14285714285714285,0.45,0.6,ocupacao_45pct__sazonalidade_60pct,19611.45,0.0316973218470689,13,0.37142857142857144,exploratório,300.0,0.025878763879685154,,
alto sao bento|apartamento|2 quartos,Alto Sao Bento · apartamento · 2 quartos,evidência insuficiente,1,35,199.0,618710.0,0,65.0,9384.057971014492,23,0.14285714285714285,0.45,0.8,ocupacao_45pct__sazonalidade_80pct,26148.600000000002,0.042263095796091874,13,0.37142857142857144,exploratório,300.0,0.03644453782870812,,
alto sao bento|apartamento|2 quartos,Alto Sao Bento · apartamento · 2 quartos,evidência insuficiente,1,35,199.0,618710.0,0,65.0,9384.057971014492,23,0.14285714285714285,0.45,1.0,ocupacao_45pct__sazonalidade_100pct,32685.75,0.05282886974511484,13,0.37142857142857144,exploratório,300.0,0.04701031177773109,,
alto sao bento|apartamento|2 quartos,Alto Sao Bento · apartamento · 2 quartos,evidência insuficiente,1,35,199.0,618710.0,0,65.0,9384.057971014492,23,0.14285714285714285,0.6,0.6,ocupacao_60pct__sazonalidade_60pct,26148.6,0.04226309579609187,13,0.37142857142857144,exploratório,300.0,0.036444537828708115,,
alto sao bento|apartamento|2 quartos,Alto Sao Bento · apartamento · 2 quartos,evidência insuficiente,1,35,199.0,618710.0,0,65.0,9384.057971014492,23,0.14285714285714285,0.6,0.8,ocupacao_60pct__sazonalidade_80pct,34864.8,0.05635079439478916,13,0.37142857142857144,exploratório,300.0,0.05053223642740541,,
alto sao bento|apartamento|2 quartos,Alto Sao Bento · apartamento · 2 quartos,evidência insuficiente,1,35,199.0,618710.0,0,65.0,9384.057971014492,23,0.14285714285714285,0.6,1.0,ocupacao_60pct__sazonalidade_100pct,43581.0,0.07043849299348645,13,0.37142857142857144,exploratório,300.0,0.06461993502610269,,
canto da praia|apartamento|2 quartos,Canto da Praia · apartamento · 2 quartos,evidência insuficiente,4,14,509.0,1221806.5,0,87.5,14270.114942528737,11,0.21428571428571427,0.3,0.6,ocupacao_30pct__sazonalidade_60pct,33441.299999999996,0.02737037329560777,8,0.5714285714285714,exploratório,1.0,0.02736055177313265,,
canto da praia|apartamento|2 quartos,Canto da Praia · apartamento · 2 quartos,evidência insuficiente,4,14,509.0,1221806.5,0,87.5,14270.114942528737,11,0.21428571428571427,0.3,0.8,ocupacao_30pct__sazonalidade_80pct,44588.40000000001,0.036493831060810375,8,0.5714285714285714,exploratório,1.0,0.03648400953833525,,
canto da praia|apartamento|2 quartos,Canto da Praia · apartamento · 2 quartos,evidência insuficiente,4,14,509.0,1221806.5,0,87.5,14270.114942528737,11,0.21428571428571427,0.3,1.0,ocupacao_30pct__sazonalidade_100pct,55735.5,0.04561728882601296,8,0.5714285714285714,exploratório,1.0,0.04560746730353783,,
canto da praia|apartamento|2 quartos,Canto da Praia · apartamento · 2 quartos,evidência insuficiente,4,14,509.0,1221806.5,0,87.5,14270.114942528737,11,0.21428571428571427,0.45,0.6,ocupacao_45pct__sazonalidade_60pct,50161.95,0.04105555994341166,8,0.5714285714285714,exploratório,1.0,0.041045738420936534,,
canto da praia|apartamento|2 quartos,Canto da Praia · apartamento · 2 quartos,evidência insuficiente,4,14,509.0,1221806.5,0,87.5,14270.114942528737,11,0.21428571428571427,0.45,0.8,ocupacao_45pct__sazonalidade_80pct,66882.60000000002,0.05474074659121556,8,0.5714285714285714,exploratório,1.0,0.054730925068740444,,
canto da praia|apartamento|2 quartos,Canto da Praia · apartamento · 2 quartos,evidência insuficiente,4,14,509.0,1221806.5,0,87.5,14270.114942528737,11,0.21428571428571427,0.45,1.0,ocupacao_45pct__sazonalidade_100pct,83603.25,0.06842593323901944,8,0.5714285714285714,exploratório,1.0,0.06841611171654431,,
canto da praia|apartamento|2 quartos,Canto da Praia · apartamento · 2 quartos,evidência insuficiente,4,14,509.0,1221806.5,0,87.5,14270.114942528737,11,0.21428571428571427,0.6,0.6,ocupacao_60pct__sazonalidade_60pct,66882.59999999999,0.05474074659121554,8,0.5714285714285714,exploratório,1.0,0.05473092506874042,,
canto da praia|apartamento|2 quartos,Canto da Praia · apartamento · 2 quartos,evidência insuficiente,4,14,509.0,1221806.5,0,87.5,14270.114942528737,11,0.21428571428571427,0.6,0.8,ocupacao_60pct__sazonalidade_80pct,89176.80000000002,0.07298766212162075,8,0.5714285714285714,exploratório,1.0,0.07297784059914562,,
canto da praia|apartamento|2 quartos,Canto da Praia · apartamento · 2 quartos,evidência insuficiente,4,14,509.0,1221806.5,0,87.5,14270.114942528737,11,0.21428571428571427,0.6,1.0,ocupacao_60pct__sazonalidade_100pct,111471.0,0.09123457765202592,8,0.5714285714285714,exploratório,1.0,0.09122475612955079,,
canto da praia|apartamento|3 quartos,Canto da Praia · apartamento · 3 quartos,evidência insuficiente,1,66,307.625,1769930.0,1,116.0,15050.505050505051,34,0.16666666666666666,0.3,0.6,ocupacao_30pct__sazonalidade_60pct,20210.962499999998,0.01141907448317165,17,0.25757575757575757,exploratório,700.0,0.00667312407835338,,
canto da praia|apartamento|3 quartos,Canto da Praia · apartamento · 3 quartos,evidência insuficiente,1,66,307.625,1769930.0,1,116.0,15050.505050505051,34,0.16666666666666666,0.3,0.8,ocupacao_30pct__sazonalidade_80pct,26947.950000000004,0.01522543264422887,17,0.25757575757575757,exploratório,700.0,0.0104794822394106,,
canto da praia|apartamento|3 quartos,Canto da Praia · apartamento · 3 quartos,evidência insuficiente,1,66,307.625,1769930.0,1,116.0,15050.505050505051,34,0.16666666666666666,0.3,1.0,ocupacao_30pct__sazonalidade_100pct,33684.9375,0.019031790805286084,17,0.25757575757575757,exploratório,700.0,0.014285840400467814,,
canto da praia|apartamento|3 quartos,Canto da Praia · apartamento · 3 quartos,evidência insuficiente,1,66,307.625,1769930.0,1,116.0,15050.505050505051,34,0.16666666666666666,0.45,0.6,ocupacao_45pct__sazonalidade_60pct,30316.443750000002,0.017128611724757478,17,0.25757575757575757,exploratório,700.0,0.012382661319939208,,
canto da praia|apartamento|3 quartos,Canto da Praia · apartamento · 3 quartos,evidência insuficiente,1,66,307.625,1769930.0,1,116.0,15050.505050505051,34,0.16666666666666666,0.45,0.8,ocupacao_45pct__sazonalidade_80pct,40421.92500000001,0.022838148966343307,17,0.25757575757575757,exploratório,700.0,0.01809219856152504,,
canto da praia|apartamento|3 quartos,Canto da Praia · apartamento · 3 quartos,evidência insuficiente,1,66,307.625,1769930.0,1,116.0,15050.505050505051,34,0.16666666666666666,0.45,1.0,ocupacao_45pct__sazonalidade_100pct,50527.40625,0.028547686207929128,17,0.25757575757575757,exploratório,700.0,0.023801735803110857,,
canto da praia|apartamento|3 quartos,Canto da Praia · apartamento · 3 quartos,evidência insuficiente,1,66,307.625,1769930.0,1,116.0,15050.505050505051,34,0.16666666666666666,0.6,0.6,ocupacao_60pct__sazonalidade_60pct,40421.924999999996,0.0228381489663433,17,0.25757575757575757,exploratório,700.0,0.018092198561525028,,
canto da praia|apartamento|3 quartos,Canto da Praia · apartamento · 3 quartos,evidência insuficiente,1,66,307.625,1769930.0,1,116.0,15050.505050505051,34,0.16666666666666666,0.6,0.8,ocupacao_60pct__sazonalidade_80pct,53895.90000000001,0.03045086528845774,17,0.25757575757575757,exploratório,700.0,0.02570491488363947,,
canto da praia|apartamento|3 quartos,Canto da Praia · apartamento · 3 quartos,evidência insuficiente,1,66,307.625,1769930.0,1,116.0,15050.505050505051,34,0.16666666666666666,0.6,1.0,ocupacao_60pct__sazonalidade_100pct,67369.875,0.03806358161057217,17,0.25757575757575757,exploratório,700.0,0.0333176312057539,,
casa branca|apartamento|2 quartos,Casa Branca · apartamento · 2 quartos,evidência insuficiente,4,20,260.0,655000.0,0,69.5,9714.285714285714,18,0.1,0.3,0.6,ocupacao_30pct__sazonalidade_60pct,17082.0,0.0260793893129771,9,0.45,exploratório,350.0,0.019667175572519083,,
casa branca|apartamento|2 quartos,Casa Branca · apartamento · 2 quartos,evidência insuficiente,4,20,260.0,655000.0,0,69.5,9714.285714285714,18,0.1,0.3,0.8,ocupacao_30pct__sazonalidade_80pct,22776.0,0.034772519083969465,9,0.45,exploratório,350.0,0.02836030534351145,,
casa branca|apartamento|2 quartos,Casa Branca · apartamento · 2 quartos,evidência insuficiente,4,20,260.0,655000.0,0,69.5,9714.285714285714,18,0.1,0.3,1.0,ocupacao_30pct__sazonalidade_100pct,28470.0,0.04346564885496183,9,0.45,exploratório,350.0,0.03705343511450382,,
casa branca|apartamento|2 quartos,Casa Branca · apartamento · 2 quartos,evidência insuficiente,4,20,260.0,655000.0,0,69.5,9714.285714285714,18,0.1,0.45,0.6,ocupacao_45pct__sazonalidade_60pct,25623.0,0.039119083969465646,9,0.45,exploratório,350.0,0.03270687022900763,,
casa branca|apartamento|2 quartos,Casa Branca · apartamento · 2 quartos,evidência insuficiente,4,20,260.0,655000.0,0,69.5,9714.285714285714,18,0.1,0.45,0.8,ocupacao_45pct__sazonalidade_80pct,34164.0,0.0521587786259542,9,0.45,exploratório,350.0,0.04574656488549618,,
casa branca|apartamento|2 quartos,Casa Branca · apartamento · 2 quartos,evidência insuficiente,4,20,260.0,655000.0,0,69.5,9714.285714285714,18,0.1,0.45,1.0,ocupacao_45pct__sazonalidade_100pct,42705.0,0.06519847328244274,9,0.45,exploratório,350.0,0.058786259541984735,,
casa branca|apartamento|2 quartos,Casa Branca · apartamento · 2 quartos,evidência insuficiente,4,20,260.0,655000.0,0,69.5,9714.285714285714,18,0.1,0.6,0.6,ocupacao_60pct__sazonalidade_60pct,34164.0,0.0521587786259542,9,0.45,exploratório,350.0,0.04574656488549618,,
casa branca|apartamento|2 quartos,Casa Branca · apartamento · 2 quartos,evidência insuficiente,4,20,260.0,655000.0,0,69.5,9714.285714285714,18,0.1,0.6,0.8,ocupacao_60pct__sazonalidade_80pct,45552.0,0.06954503816793893,9,0.45,exploratório,350.0,0.06313282442748092,,
casa branca|apartamento|2 quartos,Casa Branca · apartamento · 2 quartos,evidência insuficiente,4,20,260.0,655000.0,0,69.5,9714.285714285714,18,0.1,0.6,1.0,ocupacao_60pct__sazonalidade_100pct,56940.0,0.08693129770992367,9,0.45,exploratório,350.0,0.08051908396946565,,
casa branca|apartamento|3 quartos,Casa Branca · apartamento · 3 quartos,evidência insuficiente,2,7,403.0,778000.0,0,70.0,10658.771428571428,7,0.14285714285714285,0.3,0.6,ocupacao_30pct__sazonalidade_60pct,26477.1,0.034032262210796915,0,0.0,sem dado válido,,,,
casa branca|apartamento|3 quartos,Casa Branca · apartamento · 3 quartos,evidência insuficiente,2,7,403.0,778000.0,0,70.0,10658.771428571428,7,0.14285714285714285,0.3,0.8,ocupacao_30pct__sazonalidade_80pct,35302.8,0.04537634961439589,0,0.0,sem dado válido,,,,
casa branca|apartamento|3 quartos,Casa Branca · apartamento · 3 quartos,evidência insuficiente,2,7,403.0,778000.0,0,70.0,10658.771428571428,7,0.14285714285714285,0.3,1.0,ocupacao_30pct__sazonalidade_100pct,44128.5,0.05672043701799486,0,0.0,sem dado válido,,,,
casa branca|apartamento|3 quartos,Casa Branca · apartamento · 3 quartos,evidência insuficiente,2,7,403.0,778000.0,0,70.0,10658.771428571428,7,0.14285714285714285,0.45,0.6,ocupacao_45pct__sazonalidade_60pct,39715.65,0.05104839331619537,0,0.0,sem dado válido,,,,
casa branca|apartamento|3 quartos,Casa Branca · apartamento · 3 quartos,evidência insuficiente,2,7,403.0,778000.0,0,70.0,10658.771428571428,7,0.14285714285714285,0.45,0.8,ocupacao_45pct__sazonalidade_80pct,52954.200000000004,0.06806452442159383,0,0.0,sem dado válido,,,,
casa branca|apartamento|3 quartos,Casa Branca · apartamento · 3 quartos,evidência insuficiente,2,7,403.0,778000.0,0,70.0,10658.771428571428,7,0.14285714285714285,0.45,1.0,ocupacao_45pct__sazonalidade_100pct,66192.75,0.08508065552699229,0,0.0,sem dado válido,,,,
casa branca|apartamento|3 quartos,Casa Branca · apartamento · 3 quartos,evidência insuficiente,2,7,403.0,778000.0,0,70.0,10658.771428571428,7,0.14285714285714285,0.6,0.6,ocupacao_60pct__sazonalidade_60pct,52954.2,0.06806452442159383,0,0.0,sem dado válido,,,,
casa branca|apartamento|3 quartos,Casa Branca · apartamento · 3 quartos,evidência insuficiente,2,7,403.0,778000.0,0,70.0,10658.771428571428,7,0.14285714285714285,0.6,0.8,ocupacao_60pct__sazonalidade_80pct,70605.6,0.09075269922879178,0,0.0,sem dado válido,,,,
casa branca|apartamento|3 quartos,Casa Branca · apartamento · 3 quartos,evidência insuficiente,2,7,403.0,778000.0,0,70.0,10658.771428571428,7,0.14285714285714285,0.6,1.0,ocupacao_60pct__sazonalidade_100pct,88257.0,0.11344087403598972,0,0.0,sem dado válido,,,,
centro|apartamento|1 quarto,Centro · apartamento · 1 quarto,principal,75,22,450.0,890000.0,1,42.0,16250.0,16,0.13636363636363635,0.3,0.6,ocupacao_30pct__sazonalidade_60pct,29565.0,0.0332191011235955,10,0.45454545454545453,exploratório,500.0,0.02647752808988764,3.0,
centro|apartamento|1 quarto,Centro · apartamento · 1 quarto,principal,75,22,450.0,890000.0,1,42.0,16250.0,16,0.13636363636363635,0.3,0.8,ocupacao_30pct__sazonalidade_80pct,39420.0,0.044292134831460675,10,0.45454545454545453,exploratório,500.0,0.03755056179775281,3.0,
centro|apartamento|1 quarto,Centro · apartamento · 1 quarto,principal,75,22,450.0,890000.0,1,42.0,16250.0,16,0.13636363636363635,0.3,1.0,ocupacao_30pct__sazonalidade_100pct,49275.0,0.05536516853932584,10,0.45454545454545453,exploratório,500.0,0.04862359550561798,3.0,
centro|apartamento|1 quarto,Centro · apartamento · 1 quarto,principal,75,22,450.0,890000.0,1,42.0,16250.0,16,0.13636363636363635,0.45,0.6,ocupacao_45pct__sazonalidade_60pct,44347.5,0.04982865168539326,10,0.45454545454545453,exploratório,500.0,0.043087078651685394,3.0,
centro|apartamento|1 quarto,Centro · apartamento · 1 quarto,principal,75,22,450.0,890000.0,1,42.0,16250.0,16,0.13636363636363635,0.45,0.8,ocupacao_45pct__sazonalidade_80pct,59130.0,0.066438202247191,10,0.45454545454545453,exploratório,500.0,0.05969662921348315,3.0,
centro|apartamento|1 quarto,Centro · apartamento · 1 quarto,principal,75,22,450.0,890000.0,1,42.0,16250.0,16,0.13636363636363635,0.45,1.0,ocupacao_45pct__sazonalidade_100pct,73912.5,0.08304775280898877,10,0.45454545454545453,exploratório,500.0,0.0763061797752809,3.0,
centro|apartamento|1 quarto,Centro · apartamento · 1 quarto,principal,75,22,450.0,890000.0,1,42.0,16250.0,16,0.13636363636363635,0.6,0.6,ocupacao_60pct__sazonalidade_60pct,59130.0,0.066438202247191,10,0.45454545454545453,exploratório,500.0,0.05969662921348315,3.0,
centro|apartamento|1 quarto,Centro · apartamento · 1 quarto,principal,75,22,450.0,890000.0,1,42.0,16250.0,16,0.13636363636363635,0.6,0.8,ocupacao_60pct__sazonalidade_80pct,78840.0,0.08858426966292135,10,0.45454545454545453,exploratório,500.0,0.08184269662921348,3.0,
centro|apartamento|1 quarto,Centro · apartamento · 1 quarto,principal,75,22,450.0,890000.0,1,42.0,16250.0,16,0.13636363636363635,0.6,1.0,ocupacao_60pct__sazonalidade_100pct,98550.0,0.11073033707865168,10,0.45454545454545453,exploratório,500.0,0.10398876404494382,3.0,
centro|apartamento|2 quartos,Centro · apartamento · 2 quartos,principal,59,89,600.0,1150000.0,0,86.0,13088.778409090908,43,0.14606741573033707,0.3,0.6,ocupacao_30pct__sazonalidade_60pct,39420.0,0.034278260869565216,55,0.6179775280898876,principal,500.0,0.02906086956521739,2.0,2.0
centro|apartamento|2 quartos,Centro · apartamento · 2 quartos,principal,59,89,600.0,1150000.0,0,86.0,13088.778409090908,43,0.14606741573033707,0.3,0.8,ocupacao_30pct__sazonalidade_80pct,52560.0,0.045704347826086955,55,0.6179775280898876,principal,500.0,0.04048695652173913,2.0,2.0
centro|apartamento|2 quartos,Centro · apartamento · 2 quartos,principal,59,89,600.0,1150000.0,0,86.0,13088.778409090908,43,0.14606741573033707,0.3,1.0,ocupacao_30pct__sazonalidade_100pct,65700.0,0.057130434782608694,55,0.6179775280898876,principal,500.0,0.05191304347826087,2.0,2.0
centro|apartamento|2 quartos,Centro · apartamento · 2 quartos,principal,59,89,600.0,1150000.0,0,86.0,13088.778409090908,43,0.14606741573033707,0.45,0.6,ocupacao_45pct__sazonalidade_60pct,59130.0,0.051417391304347825,55,0.6179775280898876,principal,500.0,0.0462,2.0,2.0
centro|apartamento|2 quartos,Centro · apartamento · 2 quartos,principal,59,89,600.0,1150000.0,0,86.0,13088.778409090908,43,0.14606741573033707,0.45,0.8,ocupacao_45pct__sazonalidade_80pct,78840.0,0.06855652173913043,55,0.6179775280898876,principal,500.0,0.0633391304347826,2.0,2.0
centro|apartamento|2 quartos,Centro · apartamento · 2 quartos,principal,59,89,600.0,1150000.0,0,86.0,13088.778409090908,43,0.14606741573033707,0.45,1.0,ocupacao_45pct__sazonalidade_100pct,98550.0,0.08569565217391305,55,0.6179775280898876,principal,500.0,0.08047826086956522,2.0,2.0
centro|apartamento|2 quartos,Centro · apartamento · 2 quartos,principal,59,89,600.0,1150000.0,0,86.0,13088.778409090908,43,0.14606741573033707,0.6,0.6,ocupacao_60pct__sazonalidade_60pct,78840.0,0.06855652173913043,55,0.6179775280898876,principal,500.0,0.0633391304347826,2.0,2.0
centro|apartamento|2 quartos,Centro · apartamento · 2 quartos,principal,59,89,600.0,1150000.0,0,86.0,13088.778409090908,43,0.14606741573033707,0.6,0.8,ocupacao_60pct__sazonalidade_80pct,105120.0,0.09140869565217391,55,0.6179775280898876,principal,500.0,0.08619130434782608,2.0,2.0
centro|apartamento|2 quartos,Centro · apartamento · 2 quartos,principal,59,89,600.0,1150000.0,0,86.0,13088.778409090908,43,0.14606741573033707,0.6,1.0,ocupacao_60pct__sazonalidade_100pct,131400.0,0.11426086956521739,55,0.6179775280898876,principal,500.0,0.10904347826086956,2.0,2.0
centro|apartamento|3 quartos,Centro · apartamento · 3 quartos,principal,38,437,664.0,2100000.0,1,131.0,15789.473684210527,119,0.07322654462242563,0.3,0.6,ocupacao_30pct__sazonalidade_60pct,43624.799999999996,0.020773714285714284,179,0.4096109839816934,principal,617.0,0.017248,6.0,5.0
centro|apartamento|3 quartos,Centro · apartamento · 3 quartos,principal,38,437,664.0,2100000.0,1,131.0,15789.473684210527,119,0.07322654462242563,0.3,0.8,ocupacao_30pct__sazonalidade_80pct,58166.40000000001,0.027698285714285717,179,0.4096109839816934,principal,617.0,0.024172571428571432,6.0,5.0
centro|apartamento|3 quartos,Centro · apartamento · 3 quartos,principal,38,437,664.0,2100000.0,1,131.0,15789.473684210527,119,0.07322654462242563,0.3,1.0,ocupacao_30pct__sazonalidade_100pct,72708.0,0.03462285714285714,179,0.4096109839816934,principal,617.0,0.031097142857142858,6.0,5.0
centro|apartamento|3 quartos,Centro · apartamento · 3 quartos,principal,38,437,664.0,2100000.0,1,131.0,15789.473684210527,119,0.07322654462242563,0.45,0.6,ocupacao_45pct__sazonalidade_60pct,65437.200000000004,0.03116057142857143,179,0.4096109839816934,principal,617.0,0.027634857142857145,6.0,5.0
centro|apartamento|3 quartos,Centro · apartamento · 3 quartos,principal,38,437,664.0,2100000.0,1,131.0,15789.473684210527,119,0.07322654462242563,0.45,0.8,ocupacao_45pct__sazonalidade_80pct,87249.60000000002,0.04154742857142858,179,0.4096109839816934,principal,617.0,0.0380217142857143,6.0,5.0
centro|apartamento|3 quartos,Centro · apartamento · 3 quartos,principal,38,437,664.0,2100000.0,1,131.0,15789.473684210527,119,0.07322654462242563,0.45,1.0,ocupacao_45pct__sazonalidade_100pct,109062.0,0.05193428571428572,179,0.4096109839816934,principal,617.0,0.048408571428571426,6.0,5.0
centro|apartamento|3 quartos,Centro · apartamento · 3 quartos,principal,38,437,664.0,2100000.0,1,131.0,15789.473684210527,119,0.07322654462242563,0.6,0.6,ocupacao_60pct__sazonalidade_60pct,87249.59999999999,0.04154742857142857,179,0.4096109839816934,principal,617.0,0.038021714285714284,6.0,5.0
centro|apartamento|3 quartos,Centro · apartamento · 3 quartos,principal,38,437,664.0,2100000.0,1,131.0,15789.473684210527,119,0.07322654462242563,0.6,0.8,ocupacao_60pct__sazonalidade_80pct,116332.80000000002,0.055396571428571434,179,0.4096109839816934,principal,617.0,0.05187085714285715,6.0,5.0
centro|apartamento|3 quartos,Centro · apartamento · 3 quartos,principal,38,437,664.0,2100000.0,1,131.0,15789.473684210527,119,0.07322654462242563,0.6,1.0,ocupacao_60pct__sazonalidade_100pct,145416.0,0.06924571428571429,179,0.4096109839816934,principal,617.0,0.06572,6.0,5.0
centro|apartamento|4 quartos,Centro · apartamento · 4 quartos,evidência insuficiente,1,400,450.0,3700000.0,9,197.0,18446.601941747573,100,0.0825,0.3,0.6,ocupacao_30pct__sazonalidade_60pct,29565.0,0.00799054054054054,109,0.2725,principal,900.0,0.0050716216216216215,,
centro|apartamento|4 quartos,Centro · apartamento · 4 quartos,evidência insuficiente,1,400,450.0,3700000.0,9,197.0,18446.601941747573,100,0.0825,0.3,0.8,ocupacao_30pct__sazonalidade_80pct,39420.0,0.010654054054054054,109,0.2725,principal,900.0,0.0077351351351351355,,
centro|apartamento|4 quartos,Centro · apartamento · 4 quartos,evidência insuficiente,1,400,450.0,3700000.0,9,197.0,18446.601941747573,100,0.0825,0.3,1.0,ocupacao_30pct__sazonalidade_100pct,49275.0,0.013317567567567568,109,0.2725,principal,900.0,0.010398648648648649,,
centro|apartamento|4 quartos,Centro · apartamento · 4 quartos,evidência insuficiente,1,400,450.0,3700000.0,9,197.0,18446.601941747573,100,0.0825,0.45,0.6,ocupacao_45pct__sazonalidade_60pct,44347.5,0.01198581081081081,109,0.2725,principal,900.0,0.009066891891891892,,
centro|apartamento|4 quartos,Centro · apartamento · 4 quartos,evidência insuficiente,1,400,450.0,3700000.0,9,197.0,18446.601941747573,100,0.0825,0.45,0.8,ocupacao_45pct__sazonalidade_80pct,59130.0,0.01598108108108108,109,0.2725,principal,900.0,0.013062162162162163,,
centro|apartamento|4 quartos,Centro · apartamento · 4 quartos,evidência insuficiente,1,400,450.0,3700000.0,9,197.0,18446.601941747573,100,0.0825,0.45,1.0,ocupacao_45pct__sazonalidade_100pct,73912.5,0.01997635135135135,109,0.2725,principal,900.0,0.01705743243243243,,
centro|apartamento|4 quartos,Centro · apartamento · 4 quartos,evidência insuficiente,1,400,450.0,3700000.0,9,197.0,18446.601941747573,100,0.0825,0.6,0.6,ocupacao_60pct__sazonalidade_60pct,59130.0,0.01598108108108108,109,0.2725,principal,900.0,0.013062162162162163,,
centro|apartamento|4 quartos,Centro · apartamento · 4 quartos,evidência insuficiente,1,400,450.0,3700000.0,9,197.0,18446.601941747573,100,0.0825,0.6,0.8,ocupacao_60pct__sazonalidade_80pct,78840.0,0.02130810810810811,109,0.2725,principal,900.0,0.01838918918918919,,
centro|apartamento|4 quartos,Centro · apartamento · 4 quartos,evidência insuficiente,1,400,450.0,3700000.0,9,197.0,18446.601941747573,100,0.0825,0.6,1.0,ocupacao_60pct__sazonalidade_100pct,98550.0,0.026635135135135136,109,0.2725,principal,900.0,0.023716216216216217,,
centro|casa|2 quartos,Centro · casa · 2 quartos,evidência insuficiente,1,3,250.0,599000.0,0,78.0,7679.48717948718,2,0.6666666666666666,0.3,0.6,ocupacao_30pct__sazonalidade_60pct,16425.0,0.027420701168614357,0,0.0,sem dado válido,,,,
centro|casa|2 quartos,Centro · casa · 2 quartos,evidência insuficiente,1,3,250.0,599000.0,0,78.0,7679.48717948718,2,0.6666666666666666,0.3,0.8,ocupacao_30pct__sazonalidade_80pct,21900.0,0.03656093489148581,0,0.0,sem dado válido,,,,
centro|casa|2 quartos,Centro · casa · 2 quartos,evidência insuficiente,1,3,250.0,599000.0,0,78.0,7679.48717948718,2,0.6666666666666666,0.3,1.0,ocupacao_30pct__sazonalidade_100pct,27375.0,0.04570116861435726,0,0.0,sem dado válido,,,,
centro|casa|2 quartos,Centro · casa · 2 quartos,evidência insuficiente,1,3,250.0,599000.0,0,78.0,7679.48717948718,2,0.6666666666666666,0.45,0.6,ocupacao_45pct__sazonalidade_60pct,24637.5,0.04113105175292153,0,0.0,sem dado válido,,,,
centro|casa|2 quartos,Centro · casa · 2 quartos,evidência insuficiente,1,3,250.0,599000.0,0,78.0,7679.48717948718,2,0.6666666666666666,0.45,0.8,ocupacao_45pct__sazonalidade_80pct,32850.0,0.054841402337228715,0,0.0,sem dado válido,,,,
centro|casa|2 quartos,Centro · casa · 2 quartos,evidência insuficiente,1,3,250.0,599000.0,0,78.0,7679.48717948718,2,0.6666666666666666,0.45,1.0,ocupacao_45pct__sazonalidade_100pct,41062.5,0.0685517529215359,0,0.0,sem dado válido,,,,
centro|casa|2 quartos,Centro · casa · 2 quartos,evidência insuficiente,1,3,250.0,599000.0,0,78.0,7679.48717948718,2,0.6666666666666666,0.6,0.6,ocupacao_60pct__sazonalidade_60pct,32850.0,0.054841402337228715,0,0.0,sem dado válido,,,,
centro|casa|2 quartos,Centro · casa · 2 quartos,evidência insuficiente,1,3,250.0,599000.0,0,78.0,7679.48717948718,2,0.6666666666666666,0.6,0.8,ocupacao_60pct__sazonalidade_80pct,43800.0,0.07312186978297162,0,0.0,sem dado válido,,,,
centro|casa|2 quartos,Centro · casa · 2 quartos,evidência insuficiente,1,3,250.0,599000.0,0,78.0,7679.48717948718,2,0.6666666666666666,0.6,1.0,ocupacao_60pct__sazonalidade_100pct,54750.0,0.09140233722871452,0,0.0,sem dado válido,,,,
centro|casa|4 quartos,Centro · casa · 4 quartos,evidência insuficiente,2,7,1400.0,5198800.0,0,229.0,18567.14285714286,4,0.42857142857142855,0.3,0.6,ocupacao_30pct__sazonalidade_60pct,91980.0,0.017692544433330768,0,0.0,sem dado válido,,,,
centro|casa|4 quartos,Centro · casa · 4 quartos,evidência insuficiente,2,7,1400.0,5198800.0,0,229.0,18567.14285714286,4,0.42857142857142855,0.3,0.8,ocupacao_30pct__sazonalidade_80pct,122640.0,0.023590059244441026,0,0.0,sem dado válido,,,,
centro|casa|4 quartos,Centro · casa · 4 quartos,evidência insuficiente,2,7,1400.0,5198800.0,0,229.0,18567.14285714286,4,0.42857142857142855,0.3,1.0,ocupacao_30pct__sazonalidade_100pct,153300.0,0.02948757405555128,0,0.0,sem dado válido,,,,
centro|casa|4 quartos,Centro · casa · 4 quartos,evidência insuficiente,2,7,1400.0,5198800.0,0,229.0,18567.14285714286,4,0.42857142857142855,0.45,0.6,ocupacao_45pct__sazonalidade_60pct,137970.0,0.026538816649996154,0,0.0,sem dado válido,,,,
centro|casa|4 quartos,Centro · casa · 4 quartos,evidência insuficiente,2,7,1400.0,5198800.0,0,229.0,18567.14285714286,4,0.42857142857142855,0.45,0.8,ocupacao_45pct__sazonalidade_80pct,183960.0,0.035385088866661536,0,0.0,sem dado válido,,,,
centro|casa|4 quartos,Centro · casa · 4 quartos,evidência insuficiente,2,7,1400.0,5198800.0,0,229.0,18567.14285714286,4,0.42857142857142855,0.45,1.0,ocupacao_45pct__sazonalidade_100pct,229950.0,0.04423136108332692,0,0.0,sem dado válido,,,,
centro|casa|4 quartos,Centro · casa · 4 quartos,evidência insuficiente,2,7,1400.0,5198800.0,0,229.0,18567.14285714286,4,0.42857142857142855,0.6,0.6,ocupacao_60pct__sazonalidade_60pct,183960.0,0.035385088866661536,0,0.0,sem dado válido,,,,
centro|casa|4 quartos,Centro · casa · 4 quartos,evidência insuficiente,2,7,1400.0,5198800.0,0,229.0,18567.14285714286,4,0.42857142857142855,0.6,0.8,ocupacao_60pct__sazonalidade_80pct,245280.0,0.04718011848888205,0,0.0,sem dado válido,,,,
centro|casa|4 quartos,Centro · casa · 4 quartos,evidência insuficiente,2,7,1400.0,5198800.0,0,229.0,18567.14285714286,4,0.42857142857142855,0.6,1.0,ocupacao_60pct__sazonalidade_100pct,306600.0,0.05897514811110256,0,0.0,sem dado válido,,,,
ilhota|apartamento|1 quarto,Ilhota · apartamento · 1 quarto,evidência insuficiente,2,5,345.5,220000.0,0,38.0,5333.105263157895,4,0.4,0.3,0.6,ocupacao_30pct__sazonalidade_60pct,22699.35,0.10317886363636362,3,0.6,exploratório,250.0,0.0895425,,
ilhota|apartamento|1 quarto,Ilhota · apartamento · 1 quarto,evidência insuficiente,2,5,345.5,220000.0,0,38.0,5333.105263157895,4,0.4,0.3,0.8,ocupacao_30pct__sazonalidade_80pct,30265.800000000003,0.13757181818181818,3,0.6,exploratório,250.0,0.12393545454545456,,
ilhota|apartamento|1 quarto,Ilhota · apartamento · 1 quarto,evidência insuficiente,2,5,345.5,220000.0,0,38.0,5333.105263157895,4,0.4,0.3,1.0,ocupacao_30pct__sazonalidade_100pct,37832.25,0.17196477272727273,3,0.6,exploratório,250.0,0.1583284090909091,,
ilhota|apartamento|1 quarto,Ilhota · apartamento · 1 quarto,evidência insuficiente,2,5,345.5,220000.0,0,38.0,5333.105263157895,4,0.4,0.45,0.6,ocupacao_45pct__sazonalidade_60pct,34049.025,0.15476829545454546,3,0.6,exploratório,250.0,0.14113193181818182,,
ilhota|apartamento|1 quarto,Ilhota · apartamento · 1 quarto,evidência insuficiente,2,5,345.5,220000.0,0,38.0,5333.105263157895,4,0.4,0.45,0.8,ocupacao_45pct__sazonalidade_80pct,45398.700000000004,0.2063577272727273,3,0.6,exploratório,250.0,0.19272136363636366,,
ilhota|apartamento|1 quarto,Ilhota · apartamento · 1 quarto,evidência insuficiente,2,5,345.5,220000.0,0,38.0,5333.105263157895,4,0.4,0.45,1.0,ocupacao_45pct__sazonalidade_100pct,56748.375,0.2579471590909091,3,0.6,exploratório,250.0,0.24431079545454545,,
ilhota|apartamento|1 quarto,Ilhota · apartamento · 1 quarto,evidência insuficiente,2,5,345.5,220000.0,0,38.0,5333.105263157895,4,0.4,0.6,0.6,ocupacao_60pct__sazonalidade_60pct,45398.7,0.20635772727272725,3,0.6,exploratório,250.0,0.19272136363636364,,
ilhota|apartamento|1 quarto,Ilhota · apartamento · 1 quarto,evidência insuficiente,2,5,345.5,220000.0,0,38.0,5333.105263157895,4,0.4,0.6,0.8,ocupacao_60pct__sazonalidade_80pct,60531.600000000006,0.27514363636363637,3,0.6,exploratório,250.0,0.26150727272727275,,
ilhota|apartamento|1 quarto,Ilhota · apartamento · 1 quarto,evidência insuficiente,2,5,345.5,220000.0,0,38.0,5333.105263157895,4,0.4,0.6,1.0,ocupacao_60pct__sazonalidade_100pct,75664.5,0.34392954545454546,3,0.6,exploratório,250.0,0.3302931818181818,,
ilhota|casa|2 quartos,Ilhota · casa · 2 quartos,evidência insuficiente,1,1,210.0,500000.0,0,74.0,6756.756756756757,1,1.0,0.3,0.6,ocupacao_30pct__sazonalidade_60pct,13797.0,0.027594,0,0.0,sem dado válido,,,,
ilhota|casa|2 quartos,Ilhota · casa · 2 quartos,evidência insuficiente,1,1,210.0,500000.0,0,74.0,6756.756756756757,1,1.0,0.3,0.8,ocupacao_30pct__sazonalidade_80pct,18396.0,0.036792,0,0.0,sem dado válido,,,,
ilhota|casa|2 quartos,Ilhota · casa · 2 quartos,evidência insuficiente,1,1,210.0,500000.0,0,74.0,6756.756756756757,1,1.0,0.3,1.0,ocupacao_30pct__sazonalidade_100pct,22995.0,0.04599,0,0.0,sem dado válido,,,,
ilhota|casa|2 quartos,Ilhota · casa · 2 quartos,evidência insuficiente,1,1,210.0,500000.0,0,74.0,6756.756756756757,1,1.0,0.45,0.6,ocupacao_45pct__sazonalidade_60pct,20695.5,0.041391,0,0.0,sem dado válido,,,,
ilhota|casa|2 quartos,Ilhota · casa · 2 quartos,evidência insuficiente,1,1,210.0,500000.0,0,74.0,6756.756756756757,1,1.0,0.45,0.8,ocupacao_45pct__sazonalidade_80pct,27594.0,0.055188,0,0.0,sem dado válido,,,,
ilhota|casa|2 quartos,Ilhota · casa · 2 quartos,evidência insuficiente,1,1,210.0,500000.0,0,74.0,6756.756756756757,1,1.0,0.45,1.0,ocupacao_45pct__sazonalidade_100pct,34492.5,0.068985,0,0.0,sem dado válido,,,,
ilhota|casa|2 quartos,Ilhota · casa · 2 quartos,evidência insuficiente,1,1,210.0,500000.0,0,74.0,6756.756756756757,1,1.0,0.6,0.6,ocupacao_60pct__sazonalidade_60pct,27594.0,0.055188,0,0.0,sem dado válido,,,,
ilhota|casa|2 quartos,Ilhota · casa · 2 quartos,evidência insuficiente,1,1,210.0,500000.0,0,74.0,6756.756756756757,1,1.0,0.6,0.8,ocupacao_60pct__sazonalidade_80pct,36792.0,0.073584,0,0.0,sem dado válido,,,,
ilhota|casa|2 quartos,Ilhota · casa · 2 quartos,evidência insuficiente,1,1,210.0,500000.0,0,74.0,6756.756756756757,1,1.0,0.6,1.0,ocupacao_60pct__sazonalidade_100pct,45990.0,0.09198,0,0.0,sem dado válido,,,,
ilhota|casa|3 quartos,Ilhota · casa · 3 quartos,evidência insuficiente,2,3,595.0,5505000.0,0,362.0,15207.182320441989,3,0.3333333333333333,0.3,0.6,ocupacao_30pct__sazonalidade_60pct,39091.5,0.0071010899182561305,0,0.0,sem dado válido,,,,
ilhota|casa|3 quartos,Ilhota · casa · 3 quartos,evidência insuficiente,2,3,595.0,5505000.0,0,362.0,15207.182320441989,3,0.3333333333333333,0.3,0.8,ocupacao_30pct__sazonalidade_80pct,52122.0,0.009468119891008174,0,0.0,sem dado válido,,,,
ilhota|casa|3 quartos,Ilhota · casa · 3 quartos,evidência insuficiente,2,3,595.0,5505000.0,0,362.0,15207.182320441989,3,0.3333333333333333,0.3,1.0,ocupacao_30pct__sazonalidade_100pct,65152.5,0.011835149863760218,0,0.0,sem dado válido,,,,
ilhota|casa|3 quartos,Ilhota · casa · 3 quartos,evidência insuficiente,2,3,595.0,5505000.0,0,362.0,15207.182320441989,3,0.3333333333333333,0.45,0.6,ocupacao_45pct__sazonalidade_60pct,58637.25,0.010651634877384197,0,0.0,sem dado válido,,,,
ilhota|casa|3 quartos,Ilhota · casa · 3 quartos,evidência insuficiente,2,3,595.0,5505000.0,0,362.0,15207.182320441989,3,0.3333333333333333,0.45,0.8,ocupacao_45pct__sazonalidade_80pct,78183.0,0.014202179836512261,0,0.0,sem dado válido,,,,
ilhota|casa|3 quartos,Ilhota · casa · 3 quartos,evidência insuficiente,2,3,595.0,5505000.0,0,362.0,15207.182320441989,3,0.3333333333333333,0.45,1.0,ocupacao_45pct__sazonalidade_100pct,97728.75,0.017752724795640325,0,0.0,sem dado válido,,,,
ilhota|casa|3 quartos,Ilhota · casa · 3 quartos,evidência insuficiente,2,3,595.0,5505000.0,0,362.0,15207.182320441989,3,0.3333333333333333,0.6,0.6,ocupacao_60pct__sazonalidade_60pct,78183.0,0.014202179836512261,0,0.0,sem dado válido,,,,
ilhota|casa|3 quartos,Ilhota · casa · 3 quartos,evidência insuficiente,2,3,595.0,5505000.0,0,362.0,15207.182320441989,3,0.3333333333333333,0.6,0.8,ocupacao_60pct__sazonalidade_80pct,104244.0,0.018936239782016348,0,0.0,sem dado válido,,,,
ilhota|casa|3 quartos,Ilhota · casa · 3 quartos,evidência insuficiente,2,3,595.0,5505000.0,0,362.0,15207.182320441989,3,0.3333333333333333,0.6,1.0,ocupacao_60pct__sazonalidade_100pct,130305.0,0.023670299727520435,0,0.0,sem dado válido,,,,
ilhota|casa|4 quartos,Ilhota · casa · 4 quartos,evidência insuficiente,1,6,946.0,18370000.0,0,811.0,22651.048088779284,6,0.16666666666666666,0.3,0.6,ocupacao_30pct__sazonalidade_60pct,62152.2,0.0033833532934131735,5,0.8333333333333334,exploratório,905.0,0.0027921720195971693,,
ilhota|casa|4 quartos,Ilhota · casa · 4 quartos,evidência insuficiente,1,6,946.0,18370000.0,0,811.0,22651.048088779284,6,0.16666666666666666,0.3,0.8,ocupacao_30pct__sazonalidade_80pct,82869.59999999999,0.004511137724550898,5,0.8333333333333334,exploratório,905.0,0.0039199564507348935,,
ilhota|casa|4 quartos,Ilhota · casa · 4 quartos,evidência insuficiente,1,6,946.0,18370000.0,0,811.0,22651.048088779284,6,0.16666666666666666,0.3,1.0,ocupacao_30pct__sazonalidade_100pct,103587.0,0.005638922155688623,5,0.8333333333333334,exploratório,905.0,0.0050477408818726185,,
ilhota|casa|4 quartos,Ilhota · casa · 4 quartos,evidência insuficiente,1,6,946.0,18370000.0,0,811.0,22651.048088779284,6,0.16666666666666666,0.45,0.6,ocupacao_45pct__sazonalidade_60pct,93228.3,0.005075029940119761,5,0.8333333333333334,exploratório,905.0,0.0044838486663037564,,
ilhota|casa|4 quartos,Ilhota · casa · 4 quartos,evidência insuficiente,1,6,946.0,18370000.0,0,811.0,22651.048088779284,6,0.16666666666666666,0.45,0.8,ocupacao_45pct__sazonalidade_80pct,124304.40000000001,0.006766706586826348,5,0.8333333333333334,exploratório,905.0,0.006175525313010344,,
ilhota|casa|4 quartos,Ilhota · casa · 4 quartos,evidência insuficiente,1,6,946.0,18370000.0,0,811.0,22651.048088779284,6,0.16666666666666666,0.45,1.0,ocupacao_45pct__sazonalidade_100pct,155380.5,0.008458383233532934,5,0.8333333333333334,exploratório,905.0,0.00786720195971693,,
ilhota|casa|4 quartos,Ilhota · casa · 4 quartos,evidência insuficiente,1,6,946.0,18370000.0,0,811.0,22651.048088779284,6,0.16666666666666666,0.6,0.6,ocupacao_60pct__sazonalidade_60pct,124304.4,0.006766706586826347,5,0.8333333333333334,exploratório,905.0,0.006175525313010343,,
ilhota|casa|4 quartos,Ilhota · casa · 4 quartos,evidência insuficiente,1,6,946.0,18370000.0,0,811.0,22651.048088779284,6,0.16666666666666666,0.6,0.8,ocupacao_60pct__sazonalidade_80pct,165739.19999999998,0.009022275449101795,5,0.8333333333333334,exploratório,905.0,0.008431094175285791,,
ilhota|casa|4 quartos,Ilhota · casa · 4 quartos,evidência insuficiente,1,6,946.0,18370000.0,0,811.0,22651.048088779284,6,0.16666666666666666,0.6,1.0,ocupacao_60pct__sazonalidade_100pct,207174.0,0.011277844311377246,5,0.8333333333333334,exploratório,905.0,0.010686663037561241,,
meia praia|apartamento|1 quarto,Meia Praia · apartamento · 1 quarto,exploratório,16,58,440.0,877500.0,1,40.0,21250.0,31,0.1724137931034483,0.3,0.6,ocupacao_30pct__sazonalidade_60pct,28908.0,0.03294358974358974,18,0.3103448275862069,exploratório,727.5,0.022994871794871793,,
meia praia|apartamento|1 quarto,Meia Praia · apartamento · 1 quarto,exploratório,16,58,440.0,877500.0,1,40.0,21250.0,31,0.1724137931034483,0.3,0.8,ocupacao_30pct__sazonalidade_80pct,38544.0,0.04392478632478632,18,0.3103448275862069,exploratório,727.5,0.033976068376068376,,
meia praia|apartamento|1 quarto,Meia Praia · apartamento · 1 quarto,exploratório,16,58,440.0,877500.0,1,40.0,21250.0,31,0.1724137931034483,0.3,1.0,ocupacao_30pct__sazonalidade_100pct,48180.0,0.054905982905982906,18,0.3103448275862069,exploratório,727.5,0.04495726495726496,,
meia praia|apartamento|1 quarto,Meia Praia · apartamento · 1 quarto,exploratório,16,58,440.0,877500.0,1,40.0,21250.0,31,0.1724137931034483,0.45,0.6,ocupacao_45pct__sazonalidade_60pct,43362.0,0.04941538461538462,18,0.3103448275862069,exploratório,727.5,0.039466666666666664,,
meia praia|apartamento|1 quarto,Meia Praia · apartamento · 1 quarto,exploratório,16,58,440.0,877500.0,1,40.0,21250.0,31,0.1724137931034483,0.45,0.8,ocupacao_45pct__sazonalidade_80pct,57816.0,0.06588717948717948,18,0.3103448275862069,exploratório,727.5,0.05593846153846154,,
meia praia|apartamento|1 quarto,Meia Praia · apartamento · 1 quarto,exploratório,16,58,440.0,877500.0,1,40.0,21250.0,31,0.1724137931034483,0.45,1.0,ocupacao_45pct__sazonalidade_100pct,72270.0,0.08235897435897437,18,0.3103448275862069,exploratório,727.5,0.0724102564102564,,
meia praia|apartamento|1 quarto,Meia Praia · apartamento · 1 quarto,exploratório,16,58,440.0,877500.0,1,40.0,21250.0,31,0.1724137931034483,0.6,0.6,ocupacao_60pct__sazonalidade_60pct,57816.0,0.06588717948717948,18,0.3103448275862069,exploratório,727.5,0.05593846153846154,,
meia praia|apartamento|1 quarto,Meia Praia · apartamento · 1 quarto,exploratório,16,58,440.0,877500.0,1,40.0,21250.0,31,0.1724137931034483,0.6,0.8,ocupacao_60pct__sazonalidade_80pct,77088.0,0.08784957264957265,18,0.3103448275862069,exploratório,727.5,0.0779008547008547,,
meia praia|apartamento|1 quarto,Meia Praia · apartamento · 1 quarto,exploratório,16,58,440.0,877500.0,1,40.0,21250.0,31,0.1724137931034483,0.6,1.0,ocupacao_60pct__sazonalidade_100pct,96360.0,0.10981196581196581,18,0.3103448275862069,exploratório,727.5,0.09986324786324786,,
meia praia|apartamento|2 quartos,Meia Praia · apartamento · 2 quartos,principal,126,243,448.0,1080000.0,2,85.0,13032.608695652174,68,0.07818930041152264,0.3,0.6,ocupacao_30pct__sazonalidade_60pct,29433.6,0.02725333333333333,132,0.5432098765432098,principal,500.0,0.021697777777777778,4.0,3.0
meia praia|apartamento|2 quartos,Meia Praia · apartamento · 2 quartos,principal,126,243,448.0,1080000.0,2,85.0,13032.608695652174,68,0.07818930041152264,0.3,0.8,ocupacao_30pct__sazonalidade_80pct,39244.8,0.03633777777777778,132,0.5432098765432098,principal,500.0,0.030782222222222225,4.0,3.0
meia praia|apartamento|2 quartos,Meia Praia · apartamento · 2 quartos,principal,126,243,448.0,1080000.0,2,85.0,13032.608695652174,68,0.07818930041152264,0.3,1.0,ocupacao_30pct__sazonalidade_100pct,49056.0,0.045422222222222225,132,0.5432098765432098,principal,500.0,0.03986666666666667,4.0,3.0
meia praia|apartamento|2 quartos,Meia Praia · apartamento · 2 quartos,principal,126,243,448.0,1080000.0,2,85.0,13032.608695652174,68,0.07818930041152264,0.45,0.6,ocupacao_45pct__sazonalidade_60pct,44150.4,0.04088,132,0.5432098765432098,principal,500.0,0.03532444444444444,4.0,3.0
meia praia|apartamento|2 quartos,Meia Praia · apartamento · 2 quartos,principal,126,243,448.0,1080000.0,2,85.0,13032.608695652174,68,0.07818930041152264,0.45,0.8,ocupacao_45pct__sazonalidade_80pct,58867.200000000004,0.05450666666666667,132,0.5432098765432098,principal,500.0,0.04895111111111111,4.0,3.0
meia praia|apartamento|2 quartos,Meia Praia · apartamento · 2 quartos,principal,126,243,448.0,1080000.0,2,85.0,13032.608695652174,68,0.07818930041152264,0.45,1.0,ocupacao_45pct__sazonalidade_100pct,73584.0,0.06813333333333334,132,0.5432098765432098,principal,500.0,0.06257777777777777,4.0,3.0
meia praia|apartamento|2 quartos,Meia Praia · apartamento · 2 quartos,principal,126,243,448.0,1080000.0,2,85.0,13032.608695652174,68,0.07818930041152264,0.6,0.6,ocupacao_60pct__sazonalidade_60pct,58867.2,0.05450666666666666,132,0.5432098765432098,principal,500.0,0.048951111111111105,4.0,3.0
meia praia|apartamento|2 quartos,Meia Praia · apartamento · 2 quartos,principal,126,243,448.0,1080000.0,2,85.0,13032.608695652174,68,0.07818930041152264,0.6,0.8,ocupacao_60pct__sazonalidade_80pct,78489.6,0.07267555555555556,132,0.5432098765432098,principal,500.0,0.06712,4.0,3.0
meia praia|apartamento|2 quartos,Meia Praia · apartamento · 2 quartos,principal,126,243,448.0,1080000.0,2,85.0,13032.608695652174,68,0.07818930041152264,0.6,1.0,ocupacao_60pct__sazonalidade_100pct,98112.0,0.09084444444444445,132,0.5432098765432098,principal,500.0,0.08528888888888889,4.0,3.0
meia praia|apartamento|3 quartos,Meia Praia · apartamento · 3 quartos,principal,284,1697,650.0,1885000.0,33,128.0,15000.0,192,0.08780200353565115,0.3,0.6,ocupacao_30pct__sazonalidade_60pct,42705.0,0.022655172413793105,799,0.47083087802003537,principal,600.0,0.01883554376657825,5.0,4.0
meia praia|apartamento|3 quartos,Meia Praia · apartamento · 3 quartos,principal,284,1697,650.0,1885000.0,33,128.0,15000.0,192,0.08780200353565115,0.3,0.8,ocupacao_30pct__sazonalidade_80pct,56940.0,0.03020689655172414,799,0.47083087802003537,principal,600.0,0.026387267904509282,5.0,4.0
meia praia|apartamento|3 quartos,Meia Praia · apartamento · 3 quartos,principal,284,1697,650.0,1885000.0,33,128.0,15000.0,192,0.08780200353565115,0.3,1.0,ocupacao_30pct__sazonalidade_100pct,71175.0,0.03775862068965517,799,0.47083087802003537,principal,600.0,0.033938992042440316,5.0,4.0
meia praia|apartamento|3 quartos,Meia Praia · apartamento · 3 quartos,principal,284,1697,650.0,1885000.0,33,128.0,15000.0,192,0.08780200353565115,0.45,0.6,ocupacao_45pct__sazonalidade_60pct,64057.5,0.033982758620689654,799,0.47083087802003537,principal,600.0,0.0301631299734748,5.0,4.0
meia praia|apartamento|3 quartos,Meia Praia · apartamento · 3 quartos,principal,284,1697,650.0,1885000.0,33,128.0,15000.0,192,0.08780200353565115,0.45,0.8,ocupacao_45pct__sazonalidade_80pct,85410.0,0.04531034482758621,799,0.47083087802003537,principal,600.0,0.041490716180371354,5.0,4.0
meia praia|apartamento|3 quartos,Meia Praia · apartamento · 3 quartos,principal,284,1697,650.0,1885000.0,33,128.0,15000.0,192,0.08780200353565115,0.45,1.0,ocupacao_45pct__sazonalidade_100pct,106762.5,0.05663793103448276,799,0.47083087802003537,principal,600.0,0.0528183023872679,5.0,4.0
meia praia|apartamento|3 quartos,Meia Praia · apartamento · 3 quartos,principal,284,1697,650.0,1885000.0,33,128.0,15000.0,192,0.08780200353565115,0.6,0.6,ocupacao_60pct__sazonalidade_60pct,85410.0,0.04531034482758621,799,0.47083087802003537,principal,600.0,0.041490716180371354,5.0,4.0
meia praia|apartamento|3 quartos,Meia Praia · apartamento · 3 quartos,principal,284,1697,650.0,1885000.0,33,128.0,15000.0,192,0.08780200353565115,0.6,0.8,ocupacao_60pct__sazonalidade_80pct,113880.0,0.06041379310344828,799,0.47083087802003537,principal,600.0,0.05659416445623342,5.0,4.0
meia praia|apartamento|3 quartos,Meia Praia · apartamento · 3 quartos,principal,284,1697,650.0,1885000.0,33,128.0,15000.0,192,0.08780200353565115,0.6,1.0,ocupacao_60pct__sazonalidade_100pct,142350.0,0.07551724137931035,799,0.47083087802003537,principal,600.0,0.07169761273209549,5.0,4.0
meia praia|apartamento|4 quartos,Meia Praia · apartamento · 4 quartos,principal,43,1322,899.0,3600000.0,21,188.0,18604.490537795362,175,0.07564296520423601,0.3,0.6,ocupacao_30pct__sazonalidade_60pct,59064.299999999996,0.016406749999999998,536,0.405446293494705,principal,923.0,0.013330083333333333,7.0,6.0
meia praia|apartamento|4 quartos,Meia Praia · apartamento · 4 quartos,principal,43,1322,899.0,3600000.0,21,188.0,18604.490537795362,175,0.07564296520423601,0.3,0.8,ocupacao_30pct__sazonalidade_80pct,78752.4,0.021875666666666665,536,0.405446293494705,principal,923.0,0.018799,7.0,6.0
meia praia|apartamento|4 quartos,Meia Praia · apartamento · 4 quartos,principal,43,1322,899.0,3600000.0,21,188.0,18604.490537795362,175,0.07564296520423601,0.3,1.0,ocupacao_30pct__sazonalidade_100pct,98440.5,0.027344583333333332,536,0.405446293494705,principal,923.0,0.024267916666666667,7.0,6.0
meia praia|apartamento|4 quartos,Meia Praia · apartamento · 4 quartos,principal,43,1322,899.0,3600000.0,21,188.0,18604.490537795362,175,0.07564296520423601,0.45,0.6,ocupacao_45pct__sazonalidade_60pct,88596.45,0.024610125,536,0.405446293494705,principal,923.0,0.02153345833333333,7.0,6.0
meia praia|apartamento|4 quartos,Meia Praia · apartamento · 4 quartos,principal,43,1322,899.0,3600000.0,21,188.0,18604.490537795362,175,0.07564296520423601,0.45,0.8,ocupacao_45pct__sazonalidade_80pct,118128.6,0.0328135,536,0.405446293494705,principal,923.0,0.029736833333333334,7.0,6.0
meia praia|apartamento|4 quartos,Meia Praia · apartamento · 4 quartos,principal,43,1322,899.0,3600000.0,21,188.0,18604.490537795362,175,0.07564296520423601,0.45,1.0,ocupacao_45pct__sazonalidade_100pct,147660.75,0.041016875,536,0.405446293494705,principal,923.0,0.037940208333333336,7.0,6.0
meia praia|apartamento|4 quartos,Meia Praia · apartamento · 4 quartos,principal,43,1322,899.0,3600000.0,21,188.0,18604.490537795362,175,0.07564296520423601,0.6,0.6,ocupacao_60pct__sazonalidade_60pct,118128.59999999999,0.032813499999999995,536,0.405446293494705,principal,923.0,0.02973683333333333,7.0,6.0
meia praia|apartamento|4 quartos,Meia Praia · apartamento · 4 quartos,principal,43,1322,899.0,3600000.0,21,188.0,18604.490537795362,175,0.07564296520423601,0.6,0.8,ocupacao_60pct__sazonalidade_80pct,157504.8,0.04375133333333333,536,0.405446293494705,principal,923.0,0.040674666666666665,7.0,6.0
meia praia|apartamento|4 quartos,Meia Praia · apartamento · 4 quartos,principal,43,1322,899.0,3600000.0,21,188.0,18604.490537795362,175,0.07564296520423601,0.6,1.0,ocupacao_60pct__sazonalidade_100pct,196881.0,0.054689166666666664,536,0.405446293494705,principal,923.0,0.0516125,7.0,6.0
meia praia|apartamento|5 quartos,Meia Praia · apartamento · 5 quartos,evidência insuficiente,1,73,900.0,8000000.0,2,343.0,20933.47142857143,39,0.1095890410958904,0.3,0.6,ocupacao_30pct__sazonalidade_60pct,59130.0,0.00739125,22,0.3013698630136986,principal,1500.0,0.00514125,,
meia praia|apartamento|5 quartos,Meia Praia · apartamento · 5 quartos,evidência insuficiente,1,73,900.0,8000000.0,2,343.0,20933.47142857143,39,0.1095890410958904,0.3,0.8,ocupacao_30pct__sazonalidade_80pct,78840.0,0.009855,22,0.3013698630136986,principal,1500.0,0.007605,,
meia praia|apartamento|5 quartos,Meia Praia · apartamento · 5 quartos,evidência insuficiente,1,73,900.0,8000000.0,2,343.0,20933.47142857143,39,0.1095890410958904,0.3,1.0,ocupacao_30pct__sazonalidade_100pct,98550.0,0.01231875,22,0.3013698630136986,principal,1500.0,0.01006875,,
meia praia|apartamento|5 quartos,Meia Praia · apartamento · 5 quartos,evidência insuficiente,1,73,900.0,8000000.0,2,343.0,20933.47142857143,39,0.1095890410958904,0.45,0.6,ocupacao_45pct__sazonalidade_60pct,88695.0,0.011086875,22,0.3013698630136986,principal,1500.0,0.008836875,,
meia praia|apartamento|5 quartos,Meia Praia · apartamento · 5 quartos,evidência insuficiente,1,73,900.0,8000000.0,2,343.0,20933.47142857143,39,0.1095890410958904,0.45,0.8,ocupacao_45pct__sazonalidade_80pct,118260.0,0.0147825,22,0.3013698630136986,principal,1500.0,0.0125325,,
meia praia|apartamento|5 quartos,Meia Praia · apartamento · 5 quartos,evidência insuficiente,1,73,900.0,8000000.0,2,343.0,20933.47142857143,39,0.1095890410958904,0.45,1.0,ocupacao_45pct__sazonalidade_100pct,147825.0,0.018478125,22,0.3013698630136986,principal,1500.0,0.016228125,,
meia praia|apartamento|5 quartos,Meia Praia · apartamento · 5 quartos,evidência insuficiente,1,73,900.0,8000000.0,2,343.0,20933.47142857143,39,0.1095890410958904,0.6,0.6,ocupacao_60pct__sazonalidade_60pct,118260.0,0.0147825,22,0.3013698630136986,principal,1500.0,0.0125325,,
meia praia|apartamento|5 quartos,Meia Praia · apartamento · 5 quartos,evidência insuficiente,1,73,900.0,8000000.0,2,343.0,20933.47142857143,39,0.1095890410958904,0.6,0.8,ocupacao_60pct__sazonalidade_80pct,157680.0,0.01971,22,0.3013698630136986,principal,1500.0,0.01746,,
meia praia|apartamento|5 quartos,Meia Praia · apartamento · 5 quartos,evidência insuficiente,1,73,900.0,8000000.0,2,343.0,20933.47142857143,39,0.1095890410958904,0.6,1.0,ocupacao_60pct__sazonalidade_100pct,197100.0,0.0246375,22,0.3013698630136986,principal,1500.0,0.0223875,,
meia praia|casa|4 quartos,Meia Praia · casa · 4 quartos,evidência insuficiente,1,6,500.0,5620000.0,0,219.5,24132.555232558138,2,0.5,0.3,0.6,ocupacao_30pct__sazonalidade_60pct,32850.0,0.005845195729537366,1,0.16666666666666666,exploratório,1150.0,0.003389679715302491,,
meia praia|casa|4 quartos,Meia Praia · casa · 4 quartos,evidência insuficiente,1,6,500.0,5620000.0,0,219.5,24132.555232558138,2,0.5,0.3,0.8,ocupacao_30pct__sazonalidade_80pct,43800.0,0.007793594306049822,1,0.16666666666666666,exploratório,1150.0,0.005338078291814947,,
meia praia|casa|4 quartos,Meia Praia · casa · 4 quartos,evidência insuficiente,1,6,500.0,5620000.0,0,219.5,24132.555232558138,2,0.5,0.3,1.0,ocupacao_30pct__sazonalidade_100pct,54750.0,0.009741992882562278,1,0.16666666666666666,exploratório,1150.0,0.007286476868327402,,
meia praia|casa|4 quartos,Meia Praia · casa · 4 quartos,evidência insuficiente,1,6,500.0,5620000.0,0,219.5,24132.555232558138,2,0.5,0.45,0.6,ocupacao_45pct__sazonalidade_60pct,49275.0,0.00876779359430605,1,0.16666666666666666,exploratório,1150.0,0.006312277580071174,,
meia praia|casa|4 quartos,Meia Praia · casa · 4 quartos,evidência insuficiente,1,6,500.0,5620000.0,0,219.5,24132.555232558138,2,0.5,0.45,0.8,ocupacao_45pct__sazonalidade_80pct,65700.0,0.011690391459074733,1,0.16666666666666666,exploratório,1150.0,0.009234875444839858,,
meia praia|casa|4 quartos,Meia Praia · casa · 4 quartos,evidência insuficiente,1,6,500.0,5620000.0,0,219.5,24132.555232558138,2,0.5,0.45,1.0,ocupacao_45pct__sazonalidade_100pct,82125.0,0.014612989323843417,1,0.16666666666666666,exploratório,1150.0,0.01215747330960854,,
meia praia|casa|4 quartos,Meia Praia · casa · 4 quartos,evidência insuficiente,1,6,500.0,5620000.0,0,219.5,24132.555232558138,2,0.5,0.6,0.6,ocupacao_60pct__sazonalidade_60pct,65700.0,0.011690391459074733,1,0.16666666666666666,exploratório,1150.0,0.009234875444839858,,
meia praia|casa|4 quartos,Meia Praia · casa · 4 quartos,evidência insuficiente,1,6,500.0,5620000.0,0,219.5,24132.555232558138,2,0.5,0.6,0.8,ocupacao_60pct__sazonalidade_80pct,87600.0,0.015587188612099644,1,0.16666666666666666,exploratório,1150.0,0.013131672597864769,,
meia praia|casa|4 quartos,Meia Praia · casa · 4 quartos,evidência insuficiente,1,6,500.0,5620000.0,0,219.5,24132.555232558138,2,0.5,0.6,1.0,ocupacao_60pct__sazonalidade_100pct,109500.0,0.019483985765124556,1,0.16666666666666666,exploratório,1150.0,0.01702846975088968,,
morretes|apartamento|1 quarto,Morretes · apartamento · 1 quarto,evidência insuficiente,3,50,400.0,624500.0,0,43.0,12893.978260869566,20,0.18,0.3,0.6,ocupacao_30pct__sazonalidade_60pct,26280.0,0.04208166533226581,13,0.26,exploratório,350.0,0.03535628502802242,,
morretes|apartamento|1 quarto,Morretes · apartamento · 1 quarto,evidência insuficiente,3,50,400.0,624500.0,0,43.0,12893.978260869566,20,0.18,0.3,0.8,ocupacao_30pct__sazonalidade_80pct,35040.0,0.05610888710968775,13,0.26,exploratório,350.0,0.04938350680544436,,
morretes|apartamento|1 quarto,Morretes · apartamento · 1 quarto,evidência insuficiente,3,50,400.0,624500.0,0,43.0,12893.978260869566,20,0.18,0.3,1.0,ocupacao_30pct__sazonalidade_100pct,43800.0,0.0701361088871097,13,0.26,exploratório,350.0,0.0634107285828663,,
morretes|apartamento|1 quarto,Morretes · apartamento · 1 quarto,evidência insuficiente,3,50,400.0,624500.0,0,43.0,12893.978260869566,20,0.18,0.45,0.6,ocupacao_45pct__sazonalidade_60pct,39420.0,0.06312249799839872,13,0.26,exploratório,350.0,0.05639711769415533,,
morretes|apartamento|1 quarto,Morretes · apartamento · 1 quarto,evidência insuficiente,3,50,400.0,624500.0,0,43.0,12893.978260869566,20,0.18,0.45,0.8,ocupacao_45pct__sazonalidade_80pct,52560.0,0.08416333066453162,13,0.26,exploratório,350.0,0.07743795036028824,,
morretes|apartamento|1 quarto,Morretes · apartamento · 1 quarto,evidência insuficiente,3,50,400.0,624500.0,0,43.0,12893.978260869566,20,0.18,0.45,1.0,ocupacao_45pct__sazonalidade_100pct,65700.0,0.10520416333066453,13,0.26,exploratório,350.0,0.09847878302642114,,
morretes|apartamento|1 quarto,Morretes · apartamento · 1 quarto,evidência insuficiente,3,50,400.0,624500.0,0,43.0,12893.978260869566,20,0.18,0.6,0.6,ocupacao_60pct__sazonalidade_60pct,52560.0,0.08416333066453162,13,0.26,exploratório,350.0,0.07743795036028824,,
morretes|apartamento|1 quarto,Morretes · apartamento · 1 quarto,evidência insuficiente,3,50,400.0,624500.0,0,43.0,12893.978260869566,20,0.18,0.6,0.8,ocupacao_60pct__sazonalidade_80pct,70080.0,0.1122177742193755,13,0.26,exploratório,350.0,0.1054923939151321,,
morretes|apartamento|1 quarto,Morretes · apartamento · 1 quarto,evidência insuficiente,3,50,400.0,624500.0,0,43.0,12893.978260869566,20,0.18,0.6,1.0,ocupacao_60pct__sazonalidade_100pct,87600.0,0.1402722177742194,13,0.26,exploratório,350.0,0.13354683746997598,,
morretes|apartamento|2 quartos,Morretes · apartamento · 2 quartos,principal,43,1037,453.5,790000.0,1,69.0,11550.942028985508,121,0.19479267116682739,0.3,0.6,ocupacao_30pct__sazonalidade_60pct,29794.949999999993,0.03771512658227847,487,0.46962391513982643,principal,350.0,0.03239867088607594,1.0,1.0
morretes|apartamento|2 quartos,Morretes · apartamento · 2 quartos,principal,43,1037,453.5,790000.0,1,69.0,11550.942028985508,121,0.19479267116682739,0.3,0.8,ocupacao_30pct__sazonalidade_80pct,39726.6,0.05028683544303797,487,0.46962391513982643,principal,350.0,0.04497037974683544,1.0,1.0
morretes|apartamento|2 quartos,Morretes · apartamento · 2 quartos,principal,43,1037,453.5,790000.0,1,69.0,11550.942028985508,121,0.19479267116682739,0.3,1.0,ocupacao_30pct__sazonalidade_100pct,49658.25,0.06285854430379746,487,0.46962391513982643,principal,350.0,0.05754208860759494,1.0,1.0
morretes|apartamento|2 quartos,Morretes · apartamento · 2 quartos,principal,43,1037,453.5,790000.0,1,69.0,11550.942028985508,121,0.19479267116682739,0.45,0.6,ocupacao_45pct__sazonalidade_60pct,44692.424999999996,0.056572689873417716,487,0.46962391513982643,principal,350.0,0.051256234177215185,1.0,1.0
morretes|apartamento|2 quartos,Morretes · apartamento · 2 quartos,principal,43,1037,453.5,790000.0,1,69.0,11550.942028985508,121,0.19479267116682739,0.45,0.8,ocupacao_45pct__sazonalidade_80pct,59589.9,0.07543025316455697,487,0.46962391513982643,principal,350.0,0.07011379746835443,1.0,1.0
morretes|apartamento|2 quartos,Morretes · apartamento · 2 quartos,principal,43,1037,453.5,790000.0,1,69.0,11550.942028985508,121,0.19479267116682739,0.45,1.0,ocupacao_45pct__sazonalidade_100pct,74487.375,0.0942878164556962,487,0.46962391513982643,principal,350.0,0.08897136075949368,1.0,1.0
morretes|apartamento|2 quartos,Morretes · apartamento · 2 quartos,principal,43,1037,453.5,790000.0,1,69.0,11550.942028985508,121,0.19479267116682739,0.6,0.6,ocupacao_60pct__sazonalidade_60pct,59589.89999999999,0.07543025316455694,487,0.46962391513982643,principal,350.0,0.07011379746835442,1.0,1.0
morretes|apartamento|2 quartos,Morretes · apartamento · 2 quartos,principal,43,1037,453.5,790000.0,1,69.0,11550.942028985508,121,0.19479267116682739,0.6,0.8,ocupacao_60pct__sazonalidade_80pct,79453.2,0.10057367088607594,487,0.46962391513982643,principal,350.0,0.09525721518987341,1.0,1.0
morretes|apartamento|2 quartos,Morretes · apartamento · 2 quartos,principal,43,1037,453.5,790000.0,1,69.0,11550.942028985508,121,0.19479267116682739,0.6,1.0,ocupacao_60pct__sazonalidade_100pct,99316.5,0.12571708860759492,487,0.46962391513982643,principal,350.0,0.1204006329113924,1.0,1.0
morretes|apartamento|3 quartos,Morretes · apartamento · 3 quartos,evidência insuficiente,9,155,650.0,845000.0,20,70.0,11449.27536231884,61,0.12258064516129032,0.3,0.6,ocupacao_30pct__sazonalidade_60pct,42705.0,0.05053846153846154,68,0.43870967741935485,principal,400.0,0.04485798816568047,,
morretes|apartamento|3 quartos,Morretes · apartamento · 3 quartos,evidência insuficiente,9,155,650.0,845000.0,20,70.0,11449.27536231884,61,0.12258064516129032,0.3,0.8,ocupacao_30pct__sazonalidade_80pct,56940.0,0.06738461538461539,68,0.43870967741935485,principal,400.0,0.06170414201183432,,
morretes|apartamento|3 quartos,Morretes · apartamento · 3 quartos,evidência insuficiente,9,155,650.0,845000.0,20,70.0,11449.27536231884,61,0.12258064516129032,0.3,1.0,ocupacao_30pct__sazonalidade_100pct,71175.0,0.08423076923076923,68,0.43870967741935485,principal,400.0,0.07855029585798816,,
morretes|apartamento|3 quartos,Morretes · apartamento · 3 quartos,evidência insuficiente,9,155,650.0,845000.0,20,70.0,11449.27536231884,61,0.12258064516129032,0.45,0.6,ocupacao_45pct__sazonalidade_60pct,64057.5,0.07580769230769231,68,0.43870967741935485,principal,400.0,0.07012721893491124,,
morretes|apartamento|3 quartos,Morretes · apartamento · 3 quartos,evidência insuficiente,9,155,650.0,845000.0,20,70.0,11449.27536231884,61,0.12258064516129032,0.45,0.8,ocupacao_45pct__sazonalidade_80pct,85410.0,0.10107692307692308,68,0.43870967741935485,principal,400.0,0.09539644970414202,,
morretes|apartamento|3 quartos,Morretes · apartamento · 3 quartos,evidência insuficiente,9,155,650.0,845000.0,20,70.0,11449.27536231884,61,0.12258064516129032,0.45,1.0,ocupacao_45pct__sazonalidade_100pct,106762.5,0.12634615384615386,68,0.43870967741935485,principal,400.0,0.12066568047337278,,
morretes|apartamento|3 quartos,Morretes · apartamento · 3 quartos,evidência insuficiente,9,155,650.0,845000.0,20,70.0,11449.27536231884,61,0.12258064516129032,0.6,0.6,ocupacao_60pct__sazonalidade_60pct,85410.0,0.10107692307692308,68,0.43870967741935485,principal,400.0,0.09539644970414202,,
morretes|apartamento|3 quartos,Morretes · apartamento · 3 quartos,evidência insuficiente,9,155,650.0,845000.0,20,70.0,11449.27536231884,61,0.12258064516129032,0.6,0.8,ocupacao_60pct__sazonalidade_80pct,113880.0,0.13476923076923078,68,0.43870967741935485,principal,400.0,0.1290887573964497,,
morretes|apartamento|3 quartos,Morretes · apartamento · 3 quartos,evidência insuficiente,9,155,650.0,845000.0,20,70.0,11449.27536231884,61,0.12258064516129032,0.6,1.0,ocupacao_60pct__sazonalidade_100pct,142350.0,0.16846153846153847,68,0.43870967741935485,principal,400.0,0.1627810650887574,,
morretes|apartamento|4 quartos,Morretes · apartamento · 4 quartos,evidência insuficiente,1,57,590.0,6101328.0,0,187.0,26744.924623115578,31,0.10526315789473684,0.3,0.6,ocupacao_30pct__sazonalidade_60pct,38763.0,0.006353207039516643,28,0.49122807017543857,principal,1200.0,0.003993065116315661,,
morretes|apartamento|4 quartos,Morretes · apartamento · 4 quartos,evidência insuficiente,1,57,590.0,6101328.0,0,187.0,26744.924623115578,31,0.10526315789473684,0.3,0.8,ocupacao_30pct__sazonalidade_80pct,51684.0,0.008470942719355523,28,0.49122807017543857,principal,1200.0,0.006110800796154542,,
morretes|apartamento|4 quartos,Morretes · apartamento · 4 quartos,evidência insuficiente,1,57,590.0,6101328.0,0,187.0,26744.924623115578,31,0.10526315789473684,0.3,1.0,ocupacao_30pct__sazonalidade_100pct,64605.0,0.010588678399194406,28,0.49122807017543857,principal,1200.0,0.008228536475993423,,
morretes|apartamento|4 quartos,Morretes · apartamento · 4 quartos,evidência insuficiente,1,57,590.0,6101328.0,0,187.0,26744.924623115578,31,0.10526315789473684,0.45,0.6,ocupacao_45pct__sazonalidade_60pct,58144.5,0.009529810559274965,28,0.49122807017543857,principal,1200.0,0.007169668636073982,,
morretes|apartamento|4 quartos,Morretes · apartamento · 4 quartos,evidência insuficiente,1,57,590.0,6101328.0,0,187.0,26744.924623115578,31,0.10526315789473684,0.45,0.8,ocupacao_45pct__sazonalidade_80pct,77526.0,0.012706414079033286,28,0.49122807017543857,principal,1200.0,0.010346272155832304,,
morretes|apartamento|4 quartos,Morretes · apartamento · 4 quartos,evidência insuficiente,1,57,590.0,6101328.0,0,187.0,26744.924623115578,31,0.10526315789473684,0.45,1.0,ocupacao_45pct__sazonalidade_100pct,96907.5,0.015883017598791606,28,0.49122807017543857,principal,1200.0,0.013522875675590625,,
morretes|apartamento|4 quartos,Morretes · apartamento · 4 quartos,evidência insuficiente,1,57,590.0,6101328.0,0,187.0,26744.924623115578,31,0.10526315789473684,0.6,0.6,ocupacao_60pct__sazonalidade_60pct,77526.0,0.012706414079033286,28,0.49122807017543857,principal,1200.0,0.010346272155832304,,
morretes|apartamento|4 quartos,Morretes · apartamento · 4 quartos,evidência insuficiente,1,57,590.0,6101328.0,0,187.0,26744.924623115578,31,0.10526315789473684,0.6,0.8,ocupacao_60pct__sazonalidade_80pct,103368.0,0.016941885438711047,28,0.49122807017543857,principal,1200.0,0.014581743515510066,,
morretes|apartamento|4 quartos,Morretes · apartamento · 4 quartos,evidência insuficiente,1,57,590.0,6101328.0,0,187.0,26744.924623115578,31,0.10526315789473684,0.6,1.0,ocupacao_60pct__sazonalidade_100pct,129210.0,0.02117735679838881,28,0.49122807017543857,principal,1200.0,0.018817214875187827,,
morretes|casa|2 quartos,Morretes · casa · 2 quartos,evidência insuficiente,8,205,323.5,570000.0,6,80.0,7236.8421052631575,19,0.824390243902439,0.3,0.6,ocupacao_30pct__sazonalidade_60pct,21253.95,0.03728763157894737,6,0.02926829268292683,exploratório,1.0,0.03726657894736842,,
morretes|casa|2 quartos,Morretes · casa · 2 quartos,evidência insuficiente,8,205,323.5,570000.0,6,80.0,7236.8421052631575,19,0.824390243902439,0.3,0.8,ocupacao_30pct__sazonalidade_80pct,28338.6,0.049716842105263157,6,0.02926829268292683,exploratório,1.0,0.04969578947368421,,
morretes|casa|2 quartos,Morretes · casa · 2 quartos,evidência insuficiente,8,205,323.5,570000.0,6,80.0,7236.8421052631575,19,0.824390243902439,0.3,1.0,ocupacao_30pct__sazonalidade_100pct,35423.25,0.06214605263157895,6,0.02926829268292683,exploratório,1.0,0.062125,,
morretes|casa|2 quartos,Morretes · casa · 2 quartos,evidência insuficiente,8,205,323.5,570000.0,6,80.0,7236.8421052631575,19,0.824390243902439,0.45,0.6,ocupacao_45pct__sazonalidade_60pct,31880.925,0.05593144736842105,6,0.02926829268292683,exploratório,1.0,0.0559103947368421,,
morretes|casa|2 quartos,Morretes · casa · 2 quartos,evidência insuficiente,8,205,323.5,570000.0,6,80.0,7236.8421052631575,19,0.824390243902439,0.45,0.8,ocupacao_45pct__sazonalidade_80pct,42507.9,0.07457526315789474,6,0.02926829268292683,exploratório,1.0,0.07455421052631579,,
morretes|casa|2 quartos,Morretes · casa · 2 quartos,evidência insuficiente,8,205,323.5,570000.0,6,80.0,7236.8421052631575,19,0.824390243902439,0.45,1.0,ocupacao_45pct__sazonalidade_100pct,53134.875,0.09321907894736842,6,0.02926829268292683,exploratório,1.0,0.09319802631578947,,
morretes|casa|2 quartos,Morretes · casa · 2 quartos,evidência insuficiente,8,205,323.5,570000.0,6,80.0,7236.8421052631575,19,0.824390243902439,0.6,0.6,ocupacao_60pct__sazonalidade_60pct,42507.9,0.07457526315789474,6,0.02926829268292683,exploratório,1.0,0.07455421052631579,,
morretes|casa|2 quartos,Morretes · casa · 2 quartos,evidência insuficiente,8,205,323.5,570000.0,6,80.0,7236.8421052631575,19,0.824390243902439,0.6,0.8,ocupacao_60pct__sazonalidade_80pct,56677.2,0.09943368421052631,6,0.02926829268292683,exploratório,1.0,0.09941263157894736,,
morretes|casa|2 quartos,Morretes · casa · 2 quartos,evidência insuficiente,8,205,323.5,570000.0,6,80.0,7236.8421052631575,19,0.824390243902439,0.6,1.0,ocupacao_60pct__sazonalidade_100pct,70846.5,0.1242921052631579,6,0.02926829268292683,exploratório,1.0,0.12427105263157895,,
morretes|casa|4 quartos,Morretes · casa · 4 quartos,evidência insuficiente,2,10,1100.0,1190000.0,0,150.0,7557.575757575758,6,0.4,0.3,0.6,ocupacao_30pct__sazonalidade_60pct,72270.0,0.06073109243697479,1,0.1,exploratório,2170.0,0.03884873949579832,,
morretes|casa|4 quartos,Morretes · casa · 4 quartos,evidência insuficiente,2,10,1100.0,1190000.0,0,150.0,7557.575757575758,6,0.4,0.3,0.8,ocupacao_30pct__sazonalidade_80pct,96360.0,0.08097478991596639,1,0.1,exploratório,2170.0,0.059092436974789914,,
morretes|casa|4 quartos,Morretes · casa · 4 quartos,evidência insuficiente,2,10,1100.0,1190000.0,0,150.0,7557.575757575758,6,0.4,0.3,1.0,ocupacao_30pct__sazonalidade_100pct,120450.0,0.10121848739495798,1,0.1,exploratório,2170.0,0.07933613445378151,,
morretes|casa|4 quartos,Morretes · casa · 4 quartos,evidência insuficiente,2,10,1100.0,1190000.0,0,150.0,7557.575757575758,6,0.4,0.45,0.6,ocupacao_45pct__sazonalidade_60pct,108405.0,0.09109663865546218,1,0.1,exploratório,2170.0,0.06921428571428571,,
morretes|casa|4 quartos,Morretes · casa · 4 quartos,evidência insuficiente,2,10,1100.0,1190000.0,0,150.0,7557.575757575758,6,0.4,0.45,0.8,ocupacao_45pct__sazonalidade_80pct,144540.0,0.12146218487394958,1,0.1,exploratório,2170.0,0.0995798319327731,,
morretes|casa|4 quartos,Morretes · casa · 4 quartos,evidência insuficiente,2,10,1100.0,1190000.0,0,150.0,7557.575757575758,6,0.4,0.45,1.0,ocupacao_45pct__sazonalidade_100pct,180675.0,0.15182773109243697,1,0.1,exploratório,2170.0,0.1299453781512605,,
morretes|casa|4 quartos,Morretes · casa · 4 quartos,evidência insuficiente,2,10,1100.0,1190000.0,0,150.0,7557.575757575758,6,0.4,0.6,0.6,ocupacao_60pct__sazonalidade_60pct,144540.0,0.12146218487394958,1,0.1,exploratório,2170.0,0.0995798319327731,,
morretes|casa|4 quartos,Morretes · casa · 4 quartos,evidência insuficiente,2,10,1100.0,1190000.0,0,150.0,7557.575757575758,6,0.4,0.6,0.8,ocupacao_60pct__sazonalidade_80pct,192720.0,0.16194957983193278,1,0.1,exploratório,2170.0,0.1400672268907563,,
morretes|casa|4 quartos,Morretes · casa · 4 quartos,evidência insuficiente,2,10,1100.0,1190000.0,0,150.0,7557.575757575758,6,0.4,0.6,1.0,ocupacao_60pct__sazonalidade_100pct,240900.0,0.20243697478991596,1,0.1,exploratório,2170.0,0.1805546218487395,,
sertao do trombudo|casa|1 quarto,Sertao do Trombudo · casa · 1 quarto,evidência insuficiente,2,1,380.0,290000.0,0,60.0,4833.333333333333,1,1.0,0.3,0.6,ocupacao_30pct__sazonalidade_60pct,24966.0,0.08608965517241379,0,0.0,sem dado válido,,,,
sertao do trombudo|casa|1 quarto,Sertao do Trombudo · casa · 1 quarto,evidência insuficiente,2,1,380.0,290000.0,0,60.0,4833.333333333333,1,1.0,0.3,0.8,ocupacao_30pct__sazonalidade_80pct,33288.0,0.11478620689655172,0,0.0,sem dado válido,,,,
sertao do trombudo|casa|1 quarto,Sertao do Trombudo · casa · 1 quarto,evidência insuficiente,2,1,380.0,290000.0,0,60.0,4833.333333333333,1,1.0,0.3,1.0,ocupacao_30pct__sazonalidade_100pct,41610.0,0.14348275862068965,0,0.0,sem dado válido,,,,
sertao do trombudo|casa|1 quarto,Sertao do Trombudo · casa · 1 quarto,evidência insuficiente,2,1,380.0,290000.0,0,60.0,4833.333333333333,1,1.0,0.45,0.6,ocupacao_45pct__sazonalidade_60pct,37449.0,0.1291344827586207,0,0.0,sem dado válido,,,,
sertao do trombudo|casa|1 quarto,Sertao do Trombudo · casa · 1 quarto,evidência insuficiente,2,1,380.0,290000.0,0,60.0,4833.333333333333,1,1.0,0.45,0.8,ocupacao_45pct__sazonalidade_80pct,49932.0,0.17217931034482759,0,0.0,sem dado válido,,,,
sertao do trombudo|casa|1 quarto,Sertao do Trombudo · casa · 1 quarto,evidência insuficiente,2,1,380.0,290000.0,0,60.0,4833.333333333333,1,1.0,0.45,1.0,ocupacao_45pct__sazonalidade_100pct,62415.0,0.21522413793103448,0,0.0,sem dado válido,,,,
sertao do trombudo|casa|1 quarto,Sertao do Trombudo · casa · 1 quarto,evidência insuficiente,2,1,380.0,290000.0,0,60.0,4833.333333333333,1,1.0,0.6,0.6,ocupacao_60pct__sazonalidade_60pct,49932.0,0.17217931034482759,0,0.0,sem dado válido,,,,
sertao do trombudo|casa|1 quarto,Sertao do Trombudo · casa · 1 quarto,evidência insuficiente,2,1,380.0,290000.0,0,60.0,4833.333333333333,1,1.0,0.6,0.8,ocupacao_60pct__sazonalidade_80pct,66576.0,0.22957241379310345,0,0.0,sem dado válido,,,,
sertao do trombudo|casa|1 quarto,Sertao do Trombudo · casa · 1 quarto,evidência insuficiente,2,1,380.0,290000.0,0,60.0,4833.333333333333,1,1.0,0.6,1.0,ocupacao_60pct__sazonalidade_100pct,83220.0,0.2869655172413793,0,0.0,sem dado válido,,,,
sertao do trombudo|casa|4 quartos,Sertao do Trombudo · casa · 4 quartos,evidência insuficiente,1,2,1000.0,6500000.0,0,300.0,21666.666666666668,1,1.0,0.3,0.6,ocupacao_30pct__sazonalidade_60pct,65700.0,0.010107692307692307,0,0.0,sem dado válido,,,,
sertao do trombudo|casa|4 quartos,Sertao do Trombudo · casa · 4 quartos,evidência insuficiente,1,2,1000.0,6500000.0,0,300.0,21666.666666666668,1,1.0,0.3,0.8,ocupacao_30pct__sazonalidade_80pct,87600.0,0.013476923076923077,0,0.0,sem dado válido,,,,
sertao do trombudo|casa|4 quartos,Sertao do Trombudo · casa · 4 quartos,evidência insuficiente,1,2,1000.0,6500000.0,0,300.0,21666.666666666668,1,1.0,0.3,1.0,ocupacao_30pct__sazonalidade_100pct,109500.0,0.016846153846153848,0,0.0,sem dado válido,,,,
sertao do trombudo|casa|4 quartos,Sertao do Trombudo · casa · 4 quartos,evidência insuficiente,1,2,1000.0,6500000.0,0,300.0,21666.666666666668,1,1.0,0.45,0.6,ocupacao_45pct__sazonalidade_60pct,98550.0,0.01516153846153846,0,0.0,sem dado válido,,,,
sertao do trombudo|casa|4 quartos,Sertao do Trombudo · casa · 4 quartos,evidência insuficiente,1,2,1000.0,6500000.0,0,300.0,21666.666666666668,1,1.0,0.45,0.8,ocupacao_45pct__sazonalidade_80pct,131400.0,0.020215384615384614,0,0.0,sem dado válido,,,,
sertao do trombudo|casa|4 quartos,Sertao do Trombudo · casa · 4 quartos,evidência insuficiente,1,2,1000.0,6500000.0,0,300.0,21666.666666666668,1,1.0,0.45,1.0,ocupacao_45pct__sazonalidade_100pct,164250.0,0.02526923076923077,0,0.0,sem dado válido,,,,
sertao do trombudo|casa|4 quartos,Sertao do Trombudo · casa · 4 quartos,evidência insuficiente,1,2,1000.0,6500000.0,0,300.0,21666.666666666668,1,1.0,0.6,0.6,ocupacao_60pct__sazonalidade_60pct,131400.0,0.020215384615384614,0,0.0,sem dado válido,,,,
sertao do trombudo|casa|4 quartos,Sertao do Trombudo · casa · 4 quartos,evidência insuficiente,1,2,1000.0,6500000.0,0,300.0,21666.666666666668,1,1.0,0.6,0.8,ocupacao_60pct__sazonalidade_80pct,175200.0,0.026953846153846155,0,0.0,sem dado válido,,,,
sertao do trombudo|casa|4 quartos,Sertao do Trombudo · casa · 4 quartos,evidência insuficiente,1,2,1000.0,6500000.0,0,300.0,21666.666666666668,1,1.0,0.6,1.0,ocupacao_60pct__sazonalidade_100pct,219000.0,0.033692307692307695,0,0.0,sem dado válido,,,,
tabuleiro dos oliveiras|apartamento|2 quartos,Tabuleiro dos Oliveiras · apartamento · 2 quartos,exploratório,12,105,399.5,782900.0,1,69.0,11575.797101449276,40,0.1619047619047619,0.3,0.6,ocupacao_30pct__sazonalidade_60pct,26247.149999999998,0.03352554604674926,48,0.45714285714285713,principal,350.0,0.028160876229403498,,
tabuleiro dos oliveiras|apartamento|2 quartos,Tabuleiro dos Oliveiras · apartamento · 2 quartos,exploratório,12,105,399.5,782900.0,1,69.0,11575.797101449276,40,0.1619047619047619,0.3,0.8,ocupacao_30pct__sazonalidade_80pct,34996.200000000004,0.04470072806233236,48,0.45714285714285713,principal,350.0,0.039336058244986594,,
tabuleiro dos oliveiras|apartamento|2 quartos,Tabuleiro dos Oliveiras · apartamento · 2 quartos,exploratório,12,105,399.5,782900.0,1,69.0,11575.797101449276,40,0.1619047619047619,0.3,1.0,ocupacao_30pct__sazonalidade_100pct,43745.25,0.055875910077915446,48,0.45714285714285713,principal,350.0,0.050511240260569676,,
tabuleiro dos oliveiras|apartamento|2 quartos,Tabuleiro dos Oliveiras · apartamento · 2 quartos,exploratório,12,105,399.5,782900.0,1,69.0,11575.797101449276,40,0.1619047619047619,0.45,0.6,ocupacao_45pct__sazonalidade_60pct,39370.725,0.0502883190701239,48,0.45714285714285713,principal,350.0,0.04492364925277813,,
tabuleiro dos oliveiras|apartamento|2 quartos,Tabuleiro dos Oliveiras · apartamento · 2 quartos,exploratório,12,105,399.5,782900.0,1,69.0,11575.797101449276,40,0.1619047619047619,0.45,0.8,ocupacao_45pct__sazonalidade_80pct,52494.30000000001,0.06705109209349855,48,0.45714285714285713,principal,350.0,0.06168642227615278,,
tabuleiro dos oliveiras|apartamento|2 quartos,Tabuleiro dos Oliveiras · apartamento · 2 quartos,exploratório,12,105,399.5,782900.0,1,69.0,11575.797101449276,40,0.1619047619047619,0.45,1.0,ocupacao_45pct__sazonalidade_100pct,65617.875,0.08381386511687317,48,0.45714285714285713,principal,350.0,0.0784491952995274,,
tabuleiro dos oliveiras|apartamento|2 quartos,Tabuleiro dos Oliveiras · apartamento · 2 quartos,exploratório,12,105,399.5,782900.0,1,69.0,11575.797101449276,40,0.1619047619047619,0.6,0.6,ocupacao_60pct__sazonalidade_60pct,52494.299999999996,0.06705109209349852,48,0.45714285714285713,principal,350.0,0.06168642227615276,,
tabuleiro dos oliveiras|apartamento|2 quartos,Tabuleiro dos Oliveiras · apartamento · 2 quartos,exploratório,12,105,399.5,782900.0,1,69.0,11575.797101449276,40,0.1619047619047619,0.6,0.8,ocupacao_60pct__sazonalidade_80pct,69992.40000000001,0.08940145612466471,48,0.45714285714285713,principal,350.0,0.08403678630731895,,
tabuleiro dos oliveiras|apartamento|2 quartos,Tabuleiro dos Oliveiras · apartamento · 2 quartos,exploratório,12,105,399.5,782900.0,1,69.0,11575.797101449276,40,0.1619047619047619,0.6,1.0,ocupacao_60pct__sazonalidade_100pct,87490.5,0.11175182015583089,48,0.45714285714285713,principal,350.0,0.10638715033848511,,
tabuleiro dos oliveiras|apartamento|3 quartos,Tabuleiro dos Oliveiras · apartamento · 3 quartos,evidência insuficiente,3,14,640.0,830000.0,0,70.0,11945.134575569358,10,0.21428571428571427,0.3,0.6,ocupacao_30pct__sazonalidade_60pct,42048.0,0.05066024096385542,7,0.5,exploratório,350.0,0.0456,,
tabuleiro dos oliveiras|apartamento|3 quartos,Tabuleiro dos Oliveiras · apartamento · 3 quartos,evidência insuficiente,3,14,640.0,830000.0,0,70.0,11945.134575569358,10,0.21428571428571427,0.3,0.8,ocupacao_30pct__sazonalidade_80pct,56064.0,0.06754698795180723,7,0.5,exploratório,350.0,0.062486746987951806,,
tabuleiro dos oliveiras|apartamento|3 quartos,Tabuleiro dos Oliveiras · apartamento · 3 quartos,evidência insuficiente,3,14,640.0,830000.0,0,70.0,11945.134575569358,10,0.21428571428571427,0.3,1.0,ocupacao_30pct__sazonalidade_100pct,70080.0,0.08443373493975903,7,0.5,exploratório,350.0,0.07937349397590361,,
tabuleiro dos oliveiras|apartamento|3 quartos,Tabuleiro dos Oliveiras · apartamento · 3 quartos,evidência insuficiente,3,14,640.0,830000.0,0,70.0,11945.134575569358,10,0.21428571428571427,0.45,0.6,ocupacao_45pct__sazonalidade_60pct,63072.0,0.07599036144578314,7,0.5,exploratório,350.0,0.0709301204819277,,
tabuleiro dos oliveiras|apartamento|3 quartos,Tabuleiro dos Oliveiras · apartamento · 3 quartos,evidência insuficiente,3,14,640.0,830000.0,0,70.0,11945.134575569358,10,0.21428571428571427,0.45,0.8,ocupacao_45pct__sazonalidade_80pct,84096.0,0.10132048192771084,7,0.5,exploratório,350.0,0.09626024096385542,,
tabuleiro dos oliveiras|apartamento|3 quartos,Tabuleiro dos Oliveiras · apartamento · 3 quartos,evidência insuficiente,3,14,640.0,830000.0,0,70.0,11945.134575569358,10,0.21428571428571427,0.45,1.0,ocupacao_45pct__sazonalidade_100pct,105120.0,0.12665060240963855,7,0.5,exploratório,350.0,0.12159036144578313,,
tabuleiro dos oliveiras|apartamento|3 quartos,Tabuleiro dos Oliveiras · apartamento · 3 quartos,evidência insuficiente,3,14,640.0,830000.0,0,70.0,11945.134575569358,10,0.21428571428571427,0.6,0.6,ocupacao_60pct__sazonalidade_60pct,84096.0,0.10132048192771084,7,0.5,exploratório,350.0,0.09626024096385542,,
tabuleiro dos oliveiras|apartamento|3 quartos,Tabuleiro dos Oliveiras · apartamento · 3 quartos,evidência insuficiente,3,14,640.0,830000.0,0,70.0,11945.134575569358,10,0.21428571428571427,0.6,0.8,ocupacao_60pct__sazonalidade_80pct,112128.0,0.13509397590361447,7,0.5,exploratório,350.0,0.13003373493975903,,
tabuleiro dos oliveiras|apartamento|3 quartos,Tabuleiro dos Oliveiras · apartamento · 3 quartos,evidência insuficiente,3,14,640.0,830000.0,0,70.0,11945.134575569358,10,0.21428571428571427,0.6,1.0,ocupacao_60pct__sazonalidade_100pct,140160.0,0.16886746987951806,7,0.5,exploratório,350.0,0.16380722891566266,,
tabuleiro dos oliveiras|casa|4 quartos,Tabuleiro dos Oliveiras · casa · 4 quartos,evidência insuficiente,1,1,1700.0,999000.0,0,320.0,3121.875,1,1.0,0.3,0.6,ocupacao_30pct__sazonalidade_60pct,111690.0,0.1118018018018018,0,0.0,sem dado válido,,,,
tabuleiro dos oliveiras|casa|4 quartos,Tabuleiro dos Oliveiras · casa · 4 quartos,evidência insuficiente,1,1,1700.0,999000.0,0,320.0,3121.875,1,1.0,0.3,0.8,ocupacao_30pct__sazonalidade_80pct,148920.0,0.14906906906906908,0,0.0,sem dado válido,,,,
tabuleiro dos oliveiras|casa|4 quartos,Tabuleiro dos Oliveiras · casa · 4 quartos,evidência insuficiente,1,1,1700.0,999000.0,0,320.0,3121.875,1,1.0,0.3,1.0,ocupacao_30pct__sazonalidade_100pct,186150.0,0.18633633633633634,0,0.0,sem dado válido,,,,
tabuleiro dos oliveiras|casa|4 quartos,Tabuleiro dos Oliveiras · casa · 4 quartos,evidência insuficiente,1,1,1700.0,999000.0,0,320.0,3121.875,1,1.0,0.45,0.6,ocupacao_45pct__sazonalidade_60pct,167535.0,0.1677027027027027,0,0.0,sem dado válido,,,,
tabuleiro dos oliveiras|casa|4 quartos,Tabuleiro dos Oliveiras · casa · 4 quartos,evidência insuficiente,1,1,1700.0,999000.0,0,320.0,3121.875,1,1.0,0.45,0.8,ocupacao_45pct__sazonalidade_80pct,223380.0,0.2236036036036036,0,0.0,sem dado válido,,,,
tabuleiro dos oliveiras|casa|4 quartos,Tabuleiro dos Oliveiras · casa · 4 quartos,evidência insuficiente,1,1,1700.0,999000.0,0,320.0,3121.875,1,1.0,0.45,1.0,ocupacao_45pct__sazonalidade_100pct,279225.0,0.2795045045045045,0,0.0,sem dado válido,,,,
tabuleiro dos oliveiras|casa|4 quartos,Tabuleiro dos Oliveiras · casa · 4 quartos,evidência insuficiente,1,1,1700.0,999000.0,0,320.0,3121.875,1,1.0,0.6,0.6,ocupacao_60pct__sazonalidade_60pct,223380.0,0.2236036036036036,0,0.0,sem dado válido,,,,
tabuleiro dos oliveiras|casa|4 quartos,Tabuleiro dos Oliveiras · casa · 4 quartos,evidência insuficiente,1,1,1700.0,999000.0,0,320.0,3121.875,1,1.0,0.6,0.8,ocupacao_60pct__sazonalidade_80pct,297840.0,0.29813813813813816,0,0.0,sem dado válido,,,,
tabuleiro dos oliveiras|casa|4 quartos,Tabuleiro dos Oliveiras · casa · 4 quartos,evidência insuficiente,1,1,1700.0,999000.0,0,320.0,3121.875,1,1.0,0.6,1.0,ocupacao_60pct__sazonalidade_100pct,372300.0,0.3726726726726727,0,0.0,sem dado válido,,,,
varzea|casa|3 quartos,Varzea · casa · 3 quartos,evidência insuficiente,1,3,700.0,585000.0,0,121.0,4875.0,3,0.3333333333333333,0.3,0.6,ocupacao_30pct__sazonalidade_60pct,45990.0,0.07861538461538461,0,0.0,sem dado válido,,,,
varzea|casa|3 quartos,Varzea · casa · 3 quartos,evidência insuficiente,1,3,700.0,585000.0,0,121.0,4875.0,3,0.3333333333333333,0.3,0.8,ocupacao_30pct__sazonalidade_80pct,61320.0,0.10482051282051282,0,0.0,sem dado válido,,,,
varzea|casa|3 quartos,Varzea · casa · 3 quartos,evidência insuficiente,1,3,700.0,585000.0,0,121.0,4875.0,3,0.3333333333333333,0.3,1.0,ocupacao_30pct__sazonalidade_100pct,76650.0,0.13102564102564102,0,0.0,sem dado válido,,,,
varzea|casa|3 quartos,Varzea · casa · 3 quartos,evidência insuficiente,1,3,700.0,585000.0,0,121.0,4875.0,3,0.3333333333333333,0.45,0.6,ocupacao_45pct__sazonalidade_60pct,68985.0,0.11792307692307692,0,0.0,sem dado válido,,,,
varzea|casa|3 quartos,Varzea · casa · 3 quartos,evidência insuficiente,1,3,700.0,585000.0,0,121.0,4875.0,3,0.3333333333333333,0.45,0.8,ocupacao_45pct__sazonalidade_80pct,91980.0,0.15723076923076923,0,0.0,sem dado válido,,,,
varzea|casa|3 quartos,Varzea · casa · 3 quartos,evidência insuficiente,1,3,700.0,585000.0,0,121.0,4875.0,3,0.3333333333333333,0.45,1.0,ocupacao_45pct__sazonalidade_100pct,114975.0,0.19653846153846155,0,0.0,sem dado válido,,,,
varzea|casa|3 quartos,Varzea · casa · 3 quartos,evidência insuficiente,1,3,700.0,585000.0,0,121.0,4875.0,3,0.3333333333333333,0.6,0.6,ocupacao_60pct__sazonalidade_60pct,91980.0,0.15723076923076923,0,0.0,sem dado válido,,,,
varzea|casa|3 quartos,Varzea · casa · 3 quartos,evidência insuficiente,1,3,700.0,585000.0,0,121.0,4875.0,3,0.3333333333333333,0.6,0.8,ocupacao_60pct__sazonalidade_80pct,122640.0,0.20964102564102563,0,0.0,sem dado válido,,,,
varzea|casa|3 quartos,Varzea · casa · 3 quartos,evidência insuficiente,1,3,700.0,585000.0,0,121.0,4875.0,3,0.3333333333333333,0.6,1.0,ocupacao_60pct__sazonalidade_100pct,153300.0,0.26205128205128203,0,0.0,sem dado válido,,,,
varzea|casa|5 quartos,Varzea · casa · 5 quartos,evidência insuficiente,1,1,1500.0,899000.0,0,235.0,3825.531914893617,1,1.0,0.3,0.6,ocupacao_30pct__sazonalidade_60pct,98550.0,0.1096218020022247,0,0.0,sem dado válido,,,,
varzea|casa|5 quartos,Varzea · casa · 5 quartos,evidência insuficiente,1,1,1500.0,899000.0,0,235.0,3825.531914893617,1,1.0,0.3,0.8,ocupacao_30pct__sazonalidade_80pct,131400.0,0.14616240266963293,0,0.0,sem dado válido,,,,
varzea|casa|5 quartos,Varzea · casa · 5 quartos,evidência insuficiente,1,1,1500.0,899000.0,0,235.0,3825.531914893617,1,1.0,0.3,1.0,ocupacao_30pct__sazonalidade_100pct,164250.0,0.18270300333704115,0,0.0,sem dado válido,,,,
varzea|casa|5 quartos,Varzea · casa · 5 quartos,evidência insuficiente,1,1,1500.0,899000.0,0,235.0,3825.531914893617,1,1.0,0.45,0.6,ocupacao_45pct__sazonalidade_60pct,147825.0,0.16443270300333704,0,0.0,sem dado válido,,,,
varzea|casa|5 quartos,Varzea · casa · 5 quartos,evidência insuficiente,1,1,1500.0,899000.0,0,235.0,3825.531914893617,1,1.0,0.45,0.8,ocupacao_45pct__sazonalidade_80pct,197100.0,0.2192436040044494,0,0.0,sem dado válido,,,,
varzea|casa|5 quartos,Varzea · casa · 5 quartos,evidência insuficiente,1,1,1500.0,899000.0,0,235.0,3825.531914893617,1,1.0,0.45,1.0,ocupacao_45pct__sazonalidade_100pct,246375.0,0.2740545050055617,0,0.0,sem dado válido,,,,
varzea|casa|5 quartos,Varzea · casa · 5 quartos,evidência insuficiente,1,1,1500.0,899000.0,0,235.0,3825.531914893617,1,1.0,0.6,0.6,ocupacao_60pct__sazonalidade_60pct,197100.0,0.2192436040044494,0,0.0,sem dado válido,,,,
varzea|casa|5 quartos,Varzea · casa · 5 quartos,evidência insuficiente,1,1,1500.0,899000.0,0,235.0,3825.531914893617,1,1.0,0.6,0.8,ocupacao_60pct__sazonalidade_80pct,262800.0,0.29232480533926586,0,0.0,sem dado válido,,,,
varzea|casa|5 quartos,Varzea · casa · 5 quartos,evidência insuficiente,1,1,1500.0,899000.0,0,235.0,3825.531914893617,1,1.0,0.6,1.0,ocupacao_60pct__sazonalidade_100pct,328500.0,0.3654060066740823,0,0.0,sem dado válido,,,,
