segment_key,segmento_imoveis,suporte_investimento,n_airbnb,n_vivareal,sensibilidade,sensibilidade_label,metrica_retorno,n_airbnb_sensibilidade,preco_airbnb_sensibilidade,preco_compra_sensibilidade,preco_anualizado_no_cenario,yield_sensibilidade,n_condominio_valido,cobertura_condominio_valido,suporte_condominio,ocupacao_assumida,fator_sazonalidade_assumido,rank_segmentos_principais
alto sao bento|apartamento|2 quartos,Alto Sao Bento · apartamento · 2 quartos,evidência insuficiente,1,35,airbnb_ajuste_calendario,Airbnb com ajuste de calendário aprovado,gross yield proxy,1,210.85792528364868,618710.0,27706.73138227144,0.04478145073179913,13.0,0.37142857142857144,exploratório,0.45,0.8,
canto da praia|apartamento|2 quartos,Canto da Praia · apartamento · 2 quartos,evidência insuficiente,4,14,airbnb_ajuste_calendario,Airbnb com ajuste de calendário aprovado,gross yield proxy,4,450.7357311042722,1221806.5,59226.675067101365,0.048474676691523055,8.0,0.5714285714285714,exploratório,0.45,0.8,
canto da praia|apartamento|3 quartos,Canto da Praia · apartamento · 3 quartos,evidência insuficiente,1,66,airbnb_ajuste_calendario,Airbnb com ajuste de calendário aprovado,gross yield proxy,1,357.5942020616033,1769930.0,46987.87815089468,0.026547873729975014,17.0,0.25757575757575757,exploratório,0.45,0.8,
casa branca|apartamento|2 quartos,Casa Branca · apartamento · 2 quartos,evidência insuficiente,4,20,airbnb_ajuste_calendario,Airbnb com ajuste de calendário aprovado,gross yield proxy,4,243.3876831912513,655000.0,31981.141571330423,0.04882617033790904,9.0,0.45,exploratório,0.45,0.8,
casa branca|apartamento|3 quartos,Casa Branca · apartamento · 3 quartos,evidência insuficiente,2,7,airbnb_ajuste_calendario,Airbnb com ajuste de calendário aprovado,gross yield proxy,2,343.84940762056976,778000.0,45181.81216134287,0.058074308690672066,0.0,0.0,sem dado válido,0.45,0.8,
centro|apartamento|1 quarto,Centro · apartamento · 1 quarto,principal,75,22,airbnb_ajuste_calendario,Airbnb com ajuste de calendário aprovado,gross yield proxy,75,454.6647736394168,890000.0,59742.95125621937,0.067126911523842,10.0,0.45454545454545453,exploratório,0.45,0.8,2.0
centro|apartamento|2 quartos,Centro · apartamento · 2 quartos,principal,59,89,airbnb_ajuste_calendario,Airbnb com ajuste de calendário aprovado,gross yield proxy,59,578.4471458954654,1150000.0,76007.95497066416,0.06609387388753404,55.0,0.6179775280898876,principal,0.45,0.8,3.0
centro|apartamento|3 quartos,Centro · apartamento · 3 quartos,principal,38,437,airbnb_ajuste_calendario,Airbnb com ajuste de calendário aprovado,gross yield proxy,38,683.2564658957934,2100000.0,89779.89961870726,0.04275233315176536,179.0,0.4096109839816934,principal,0.45,0.8,6.0
centro|apartamento|4 quartos,Centro · apartamento · 4 quartos,evidência insuficiente,1,400,airbnb_ajuste_calendario,Airbnb com ajuste de calendário aprovado,gross yield proxy,1,521.7935085091143,3700000.0,68563.66701809762,0.01853072081570206,109.0,0.2725,principal,0.45,0.8,
centro|casa|2 quartos,Centro · casa · 2 quartos,evidência insuficiente,1,3,airbnb_ajuste_calendario,Airbnb com ajuste de calendário aprovado,gross yield proxy,1,273.0719361197698,599000.0,35881.65240613776,0.05990259166300126,0.0,0.0,sem dado válido,0.45,0.8,
centro|casa|4 quartos,Centro · casa · 4 quartos,evidência insuficiente,2,7,airbnb_ajuste_calendario,Airbnb com ajuste de calendário aprovado,gross yield proxy,2,1449.4264125253176,5198800.0,190454.63060582674,0.03663434458063913,0.0,0.0,sem dado válido,0.45,0.8,
ilhota|apartamento|1 quarto,Ilhota · apartamento · 1 quarto,evidência insuficiente,2,5,airbnb_ajuste_calendario,Airbnb com ajuste de calendário aprovado,gross yield proxy,2,305.61586570008853,220000.0,40157.92475299163,0.1825360216045074,3.0,0.6,exploratório,0.45,0.8,
ilhota|casa|2 quartos,Ilhota · casa · 2 quartos,evidência insuficiente,1,1,airbnb_ajuste_calendario,Airbnb com ajuste de calendário aprovado,gross yield proxy,1,221.4096779349485,500000.0,29093.231680652232,0.058186463361304466,0.0,0.0,sem dado válido,0.45,0.8,
ilhota|casa|3 quartos,Ilhota · casa · 3 quartos,evidência insuficiente,2,3,airbnb_ajuste_calendario,Airbnb com ajuste de calendário aprovado,gross yield proxy,2,579.4543265201215,5505000.0,76140.29850474397,0.013831116894594727,0.0,0.0,sem dado válido,0.45,0.8,
ilhota|casa|4 quartos,Ilhota · casa · 4 quartos,evidência insuficiente,1,6,airbnb_ajuste_calendario,Airbnb com ajuste de calendário aprovado,gross yield proxy,1,748.5024230395036,18370000.0,98353.21838739078,0.005354012976994599,5.0,0.8333333333333334,exploratório,0.45,0.8,
meia praia|apartamento|1 quarto,Meia Praia · apartamento · 1 quarto,exploratório,16,58,airbnb_ajuste_calendario,Airbnb com ajuste de calendário aprovado,gross yield proxy,16,466.5947610502554,877500.0,61310.55160200356,0.06986957447521773,18.0,0.3103448275862069,exploratório,0.45,0.8,
meia praia|apartamento|2 quartos,Meia Praia · apartamento · 2 quartos,principal,126,243,airbnb_ajuste_calendario,Airbnb com ajuste de calendário aprovado,gross yield proxy,126,446.2363235352792,1080000.0,58635.45291253569,0.05429208603012564,132.0,0.5432098765432098,principal,0.45,0.8,4.0
meia praia|apartamento|3 quartos,Meia Praia · apartamento · 3 quartos,principal,284,1697,airbnb_ajuste_calendario,Airbnb com ajuste de calendário aprovado,gross yield proxy,284,624.9771395122112,1885000.0,82121.99613190455,0.04356604569331807,799.0,0.47083087802003537,principal,0.45,0.8,5.0
meia praia|apartamento|4 quartos,Meia Praia · apartamento · 4 quartos,principal,43,1322,airbnb_ajuste_calendario,Airbnb com ajuste de calendário aprovado,gross yield proxy,43,959.400416915872,3600000.0,126065.21478274559,0.035018115217429334,536.0,0.405446293494705,principal,0.45,0.8,7.0
meia praia|apartamento|5 quartos,Meia Praia · apartamento · 5 quartos,evidência insuficiente,1,73,airbnb_ajuste_calendario,Airbnb com ajuste de calendário aprovado,gross yield proxy,1,1052.0302776737158,8000000.0,138236.77848632625,0.017279597310790783,22.0,0.3013698630136986,principal,0.45,0.8,
meia praia|casa|4 quartos,Meia Praia · casa · 4 quartos,evidência insuficiente,1,6,airbnb_ajuste_calendario,Airbnb com ajuste de calendário aprovado,gross yield proxy,1,527.1658998451154,5620000.0,69269.59923964817,0.012325551466129568,1.0,0.16666666666666666,exploratório,0.45,0.8,
morretes|apartamento|1 quarto,Morretes · apartamento · 1 quarto,evidência insuficiente,3,50,airbnb_ajuste_calendario,Airbnb com ajuste de calendário aprovado,gross yield proxy,3,317.0646573233902,624500.0,41662.29597229347,0.06671304399086224,13.0,0.26,exploratório,0.45,0.8,
morretes|apartamento|2 quartos,Morretes · apartamento · 2 quartos,principal,43,1037,airbnb_ajuste_calendario,Airbnb com ajuste de calendário aprovado,gross yield proxy,43,437.7565240398608,790000.0,57521.20725883771,0.07281165475802243,487.0,0.46962391513982643,principal,0.45,0.8,1.0
morretes|apartamento|3 quartos,Morretes · apartamento · 3 quartos,evidência insuficiente,9,155,airbnb_ajuste_calendario,Airbnb com ajuste de calendário aprovado,gross yield proxy,9,649.826334255177,845000.0,85387.18032113026,0.10104991753979913,68.0,0.43870967741935485,principal,0.45,0.8,
morretes|apartamento|4 quartos,Morretes · apartamento · 4 quartos,evidência insuficiente,1,57,airbnb_ajuste_calendario,Airbnb com ajuste de calendário aprovado,gross yield proxy,1,619.6632396564007,6101328.0,81423.74969085105,0.013345250360388927,28.0,0.49122807017543857,principal,0.45,0.8,
morretes|casa|2 quartos,Morretes · casa · 2 quartos,evidência insuficiente,8,205,airbnb_ajuste_calendario,Airbnb com ajuste de calendário aprovado,gross yield proxy,8,324.3292170825812,570000.0,42616.85912465117,0.07476641951693187,6.0,0.02926829268292683,exploratório,0.45,0.8,
morretes|casa|4 quartos,Morretes · casa · 4 quartos,evidência insuficiente,2,10,airbnb_ajuste_calendario,Airbnb com ajuste de calendário aprovado,gross yield proxy,2,1264.6245449283397,1190000.0,166171.66520358383,0.1396400547929276,1.0,0.1,exploratório,0.45,0.8,
sertao do trombudo|casa|1 quarto,Sertao do Trombudo · casa · 1 quarto,evidência insuficiente,2,1,airbnb_ajuste_calendario,Airbnb com ajuste de calendário aprovado,gross yield proxy,2,363.1908807475959,290000.0,47723.2817302341,0.1645630404490831,0.0,0.0,sem dado válido,0.45,0.8,
sertao do trombudo|casa|4 quartos,Sertao do Trombudo · casa · 4 quartos,evidência insuficiente,1,2,airbnb_ajuste_calendario,Airbnb com ajuste de calendário aprovado,gross yield proxy,1,1092.2877444790793,6500000.0,143526.60962455103,0.022081016865315543,0.0,0.0,sem dado válido,0.45,0.8,
tabuleiro dos oliveiras|apartamento|2 quartos,Tabuleiro dos Oliveiras · apartamento · 2 quartos,exploratório,12,105,airbnb_ajuste_calendario,Airbnb com ajuste de calendário aprovado,gross yield proxy,12,428.77776496162255,782900.0,56341.39831595721,0.07196499976492171,48.0,0.45714285714285713,principal,0.45,0.8,
tabuleiro dos oliveiras|apartamento|3 quartos,Tabuleiro dos Oliveiras · apartamento · 3 quartos,evidência insuficiente,3,14,airbnb_ajuste_calendario,Airbnb com ajuste de calendário aprovado,gross yield proxy,3,666.7361497616461,830000.0,87609.13007868029,0.10555316876949432,7.0,0.5,exploratório,0.45,0.8,
tabuleiro dos oliveiras|casa|4 quartos,Tabuleiro dos Oliveiras · casa · 4 quartos,evidência insuficiente,1,1,airbnb_ajuste_calendario,Airbnb com ajuste de calendário aprovado,gross yield proxy,1,1577.910155285253,999000.0,207337.39440448227,0.2075449393438261,0.0,0.0,sem dado válido,0.45,0.8,
varzea|casa|3 quartos,Varzea · casa · 3 quartos,evidência insuficiente,1,3,airbnb_ajuste_calendario,Airbnb com ajuste de calendário aprovado,gross yield proxy,1,553.8601438981528,585000.0,72777.22290821729,0.12440550924481587,0.0,0.0,sem dado válido,0.45,0.8,
varzea|casa|5 quartos,Varzea · casa · 5 quartos,evidência insuficiente,1,1,airbnb_ajuste_calendario,Airbnb com ajuste de calendário aprovado,gross yield proxy,1,1546.818104471183,899000.0,203251.89892751345,0.2260866506423954,0.0,0.0,sem dado válido,0.45,0.8,
alto sao bento|apartamento|2 quartos,Alto Sao Bento · apartamento · 2 quartos,evidência insuficiente,1,35,airbnb_mediana_capturas,Mediana Airbnb entre capturas,gross yield proxy,1,199.0,618710.0,26148.600000000002,0.042263095796091874,13.0,0.37142857142857144,exploratório,0.45,0.8,
canto da praia|apartamento|2 quartos,Canto da Praia · apartamento · 2 quartos,evidência insuficiente,4,14,airbnb_mediana_capturas,Mediana Airbnb entre capturas,gross yield proxy,4,509.0,1221806.5,66882.6,0.054740746591215556,8.0,0.5714285714285714,exploratório,0.45,0.8,
canto da praia|apartamento|3 quartos,Canto da Praia · apartamento · 3 quartos,evidência insuficiente,1,66,airbnb_mediana_capturas,Mediana Airbnb entre capturas,gross yield proxy,1,300.0,1769930.0,39420.0,0.022272067256897166,17.0,0.25757575757575757,exploratório,0.45,0.8,
casa branca|apartamento|2 quartos,Casa Branca · apartamento · 2 quartos,evidência insuficiente,4,20,airbnb_mediana_capturas,Mediana Airbnb entre capturas,gross yield proxy,11,350.0,655000.0,45990.0,0.07021374045801526,9.0,0.45,exploratório,0.45,0.8,
casa branca|apartamento|3 quartos,Casa Branca · apartamento · 3 quartos,evidência insuficiente,2,7,airbnb_mediana_capturas,Mediana Airbnb entre capturas,gross yield proxy,2,403.0,778000.0,52954.200000000004,0.06806452442159383,0.0,0.0,sem dado válido,0.45,0.8,
centro|apartamento|1 quarto,Centro · apartamento · 1 quarto,principal,75,22,airbnb_mediana_capturas,Mediana Airbnb entre capturas,gross yield proxy,78,448.0,890000.0,58867.200000000004,0.0661429213483146,10.0,0.45454545454545453,exploratório,0.45,0.8,3.0
centro|apartamento|2 quartos,Centro · apartamento · 2 quartos,principal,59,89,airbnb_mediana_capturas,Mediana Airbnb entre capturas,gross yield proxy,65,600.0,1150000.0,78840.0,0.06855652173913043,55.0,0.6179775280898876,principal,0.45,0.8,2.0
centro|apartamento|3 quartos,Centro · apartamento · 3 quartos,principal,38,437,airbnb_mediana_capturas,Mediana Airbnb entre capturas,gross yield proxy,45,780.0,2100000.0,102492.0,0.048805714285714286,179.0,0.4096109839816934,principal,0.45,0.8,5.0
centro|apartamento|4 quartos,Centro · apartamento · 4 quartos,evidência insuficiente,1,400,airbnb_mediana_capturas,Mediana Airbnb entre capturas,gross yield proxy,4,745.0,3700000.0,97893.0,0.026457567567567567,109.0,0.2725,principal,0.45,0.8,
centro|casa|2 quartos,Centro · casa · 2 quartos,evidência insuficiente,1,3,airbnb_mediana_capturas,Mediana Airbnb entre capturas,gross yield proxy,2,302.0,599000.0,39682.8,0.0662484140233723,0.0,0.0,sem dado válido,0.45,0.8,
centro|casa|4 quartos,Centro · casa · 4 quartos,evidência insuficiente,2,7,airbnb_mediana_capturas,Mediana Airbnb entre capturas,gross yield proxy,4,1350.0,5198800.0,177390.0,0.034121335692852195,0.0,0.0,sem dado válido,0.45,0.8,
ilhota|apartamento|1 quarto,Ilhota · apartamento · 1 quarto,evidência insuficiente,2,5,airbnb_mediana_capturas,Mediana Airbnb entre capturas,gross yield proxy,2,345.5,220000.0,45398.700000000004,0.2063577272727273,3.0,0.6,exploratório,0.45,0.8,
ilhota|casa|2 quartos,Ilhota · casa · 2 quartos,evidência insuficiente,1,1,airbnb_mediana_capturas,Mediana Airbnb entre capturas,gross yield proxy,2,280.0,500000.0,36792.0,0.073584,0.0,0.0,sem dado válido,0.45,0.8,
ilhota|casa|3 quartos,Ilhota · casa · 3 quartos,evidência insuficiente,2,3,airbnb_mediana_capturas,Mediana Airbnb entre capturas,gross yield proxy,2,595.0,5505000.0,78183.0,0.014202179836512261,0.0,0.0,sem dado válido,0.45,0.8,
ilhota|casa|4 quartos,Ilhota · casa · 4 quartos,evidência insuficiente,1,6,airbnb_mediana_capturas,Mediana Airbnb entre capturas,gross yield proxy,1,975.0,18370000.0,128115.0,0.006974142623843223,5.0,0.8333333333333334,exploratório,0.45,0.8,
meia praia|apartamento|1 quarto,Meia Praia · apartamento · 1 quarto,exploratório,16,58,airbnb_mediana_capturas,Mediana Airbnb entre capturas,gross yield proxy,20,441.0,877500.0,57947.4,0.06603692307692308,18.0,0.3103448275862069,exploratório,0.45,0.8,
meia praia|apartamento|2 quartos,Meia Praia · apartamento · 2 quartos,principal,126,243,airbnb_mediana_capturas,Mediana Airbnb entre capturas,gross yield proxy,187,450.0,1080000.0,59130.0,0.05475,132.0,0.5432098765432098,principal,0.45,0.8,4.0
meia praia|apartamento|3 quartos,Meia Praia · apartamento · 3 quartos,principal,284,1697,airbnb_mediana_capturas,Mediana Airbnb entre capturas,gross yield proxy,327,682.66665,1885000.0,89702.39781000001,0.04758747894429709,799.0,0.47083087802003537,principal,0.45,0.8,6.0
meia praia|apartamento|4 quartos,Meia Praia · apartamento · 4 quartos,principal,43,1322,airbnb_mediana_capturas,Mediana Airbnb entre capturas,gross yield proxy,60,1075.0,3600000.0,141255.0,0.0392375,536.0,0.405446293494705,principal,0.45,0.8,7.0
meia praia|apartamento|5 quartos,Meia Praia · apartamento · 5 quartos,evidência insuficiente,1,73,airbnb_mediana_capturas,Mediana Airbnb entre capturas,gross yield proxy,5,1897.0,8000000.0,249265.80000000002,0.031158225,22.0,0.3013698630136986,principal,0.45,0.8,
meia praia|casa|4 quartos,Meia Praia · casa · 4 quartos,evidência insuficiente,1,6,airbnb_mediana_capturas,Mediana Airbnb entre capturas,gross yield proxy,2,800.0,5620000.0,105120.0,0.018704626334519574,1.0,0.16666666666666666,exploratório,0.45,0.8,
morretes|apartamento|1 quarto,Morretes · apartamento · 1 quarto,evidência insuficiente,3,50,airbnb_mediana_capturas,Mediana Airbnb entre capturas,gross yield proxy,4,415.0,624500.0,54531.0,0.08731945556445156,13.0,0.26,exploratório,0.45,0.8,
morretes|apartamento|2 quartos,Morretes · apartamento · 2 quartos,principal,43,1037,airbnb_mediana_capturas,Mediana Airbnb entre capturas,gross yield proxy,51,470.0,790000.0,61758.0,0.07817468354430379,487.0,0.46962391513982643,principal,0.45,0.8,1.0
morretes|apartamento|3 quartos,Morretes · apartamento · 3 quartos,evidência insuficiente,9,155,airbnb_mediana_capturas,Mediana Airbnb entre capturas,gross yield proxy,10,650.0,845000.0,85410.0,0.10107692307692308,68.0,0.43870967741935485,principal,0.45,0.8,
morretes|apartamento|4 quartos,Morretes · apartamento · 4 quartos,evidência insuficiente,1,57,airbnb_mediana_capturas,Mediana Airbnb entre capturas,gross yield proxy,3,1000.0,6101328.0,131400.0,0.02153629504920896,28.0,0.49122807017543857,principal,0.45,0.8,
morretes|casa|2 quartos,Morretes · casa · 2 quartos,evidência insuficiente,8,205,airbnb_mediana_capturas,Mediana Airbnb entre capturas,gross yield proxy,9,361.0,570000.0,47435.4,0.08322,6.0,0.02926829268292683,exploratório,0.45,0.8,
morretes|casa|4 quartos,Morretes · casa · 4 quartos,evidência insuficiente,2,10,airbnb_mediana_capturas,Mediana Airbnb entre capturas,gross yield proxy,2,850.0,1190000.0,111690.0,0.09385714285714286,1.0,0.1,exploratório,0.45,0.8,
sertao do trombudo|casa|1 quarto,Sertao do Trombudo · casa · 1 quarto,evidência insuficiente,2,1,airbnb_mediana_capturas,Mediana Airbnb entre capturas,gross yield proxy,2,380.0,290000.0,49932.0,0.17217931034482759,0.0,0.0,sem dado válido,0.45,0.8,
sertao do trombudo|casa|4 quartos,Sertao do Trombudo · casa · 4 quartos,evidência insuficiente,1,2,airbnb_mediana_capturas,Mediana Airbnb entre capturas,gross yield proxy,1,1000.0,6500000.0,131400.0,0.020215384615384614,0.0,0.0,sem dado válido,0.45,0.8,
tabuleiro dos oliveiras|apartamento|2 quartos,Tabuleiro dos Oliveiras · apartamento · 2 quartos,exploratório,12,105,airbnb_mediana_capturas,Mediana Airbnb entre capturas,gross yield proxy,12,450.0,782900.0,59130.0,0.0755268872142036,48.0,0.45714285714285713,principal,0.45,0.8,
tabuleiro dos oliveiras|apartamento|3 quartos,Tabuleiro dos Oliveiras · apartamento · 3 quartos,evidência insuficiente,3,14,airbnb_mediana_capturas,Mediana Airbnb entre capturas,gross yield proxy,4,640.0,830000.0,84096.0,0.10132048192771084,7.0,0.5,exploratório,0.45,0.8,
tabuleiro dos oliveiras|casa|4 quartos,Tabuleiro dos Oliveiras · casa · 4 quartos,evidência insuficiente,1,1,airbnb_mediana_capturas,Mediana Airbnb entre capturas,gross yield proxy,1,1700.0,999000.0,223380.0,0.2236036036036036,0.0,0.0,sem dado válido,0.45,0.8,
varzea|casa|3 quartos,Varzea · casa · 3 quartos,evidência insuficiente,1,3,airbnb_mediana_capturas,Mediana Airbnb entre capturas,gross yield proxy,1,700.0,585000.0,91980.0,0.15723076923076923,0.0,0.0,sem dado válido,0.45,0.8,
varzea|casa|5 quartos,Varzea · casa · 5 quartos,evidência insuficiente,1,1,airbnb_mediana_capturas,Mediana Airbnb entre capturas,gross yield proxy,1,1750.0,899000.0,229950.0,0.25578420467185764,0.0,0.0,sem dado válido,0.45,0.8,
alto sao bento|apartamento|2 quartos,Alto Sao Bento · apartamento · 2 quartos,evidência insuficiente,1,35,airbnb_sem_listings_afetados,Airbnb sem os três imóveis afetados,gross yield proxy,1,199.0,618710.0,26148.600000000002,0.042263095796091874,13.0,0.37142857142857144,exploratório,0.45,0.8,
canto da praia|apartamento|2 quartos,Canto da Praia · apartamento · 2 quartos,evidência insuficiente,4,14,airbnb_sem_listings_afetados,Airbnb sem os três imóveis afetados,gross yield proxy,4,509.0,1221806.5,66882.6,0.054740746591215556,8.0,0.5714285714285714,exploratório,0.45,0.8,
canto da praia|apartamento|3 quartos,Canto da Praia · apartamento · 3 quartos,evidência insuficiente,1,66,airbnb_sem_listings_afetados,Airbnb sem os três imóveis afetados,gross yield proxy,1,307.625,1769930.0,40421.925,0.022838148966343303,17.0,0.25757575757575757,exploratório,0.45,0.8,
casa branca|apartamento|2 quartos,Casa Branca · apartamento · 2 quartos,evidência insuficiente,4,20,airbnb_sem_listings_afetados,Airbnb sem os três imóveis afetados,gross yield proxy,4,260.0,655000.0,34164.0,0.0521587786259542,9.0,0.45,exploratório,0.45,0.8,
casa branca|apartamento|3 quartos,Casa Branca · apartamento · 3 quartos,evidência insuficiente,2,7,airbnb_sem_listings_afetados,Airbnb sem os três imóveis afetados,gross yield proxy,2,403.0,778000.0,52954.200000000004,0.06806452442159383,0.0,0.0,sem dado válido,0.45,0.8,
centro|apartamento|1 quarto,Centro · apartamento · 1 quarto,principal,75,22,airbnb_sem_listings_afetados,Airbnb sem os três imóveis afetados,gross yield proxy,75,450.0,890000.0,59130.0,0.066438202247191,10.0,0.45454545454545453,exploratório,0.45,0.8,3.0
centro|apartamento|2 quartos,Centro · apartamento · 2 quartos,principal,59,89,airbnb_sem_listings_afetados,Airbnb sem os três imóveis afetados,gross yield proxy,59,600.0,1150000.0,78840.0,0.06855652173913043,55.0,0.6179775280898876,principal,0.45,0.8,2.0
centro|apartamento|3 quartos,Centro · apartamento · 3 quartos,principal,38,437,airbnb_sem_listings_afetados,Airbnb sem os três imóveis afetados,gross yield proxy,38,664.0,2100000.0,87249.6,0.041547428571428575,179.0,0.4096109839816934,principal,0.45,0.8,6.0
centro|apartamento|4 quartos,Centro · apartamento · 4 quartos,evidência insuficiente,1,400,airbnb_sem_listings_afetados,Airbnb sem os três imóveis afetados,gross yield proxy,1,450.0,3700000.0,59130.0,0.01598108108108108,109.0,0.2725,principal,0.45,0.8,
centro|casa|2 quartos,Centro · casa · 2 quartos,evidência insuficiente,1,3,airbnb_sem_listings_afetados,Airbnb sem os três imóveis afetados,gross yield proxy,1,250.0,599000.0,32850.0,0.054841402337228715,0.0,0.0,sem dado válido,0.45,0.8,
centro|casa|4 quartos,Centro · casa · 4 quartos,evidência insuficiente,2,7,airbnb_sem_listings_afetados,Airbnb sem os três imóveis afetados,gross yield proxy,2,1400.0,5198800.0,183960.0,0.035385088866661536,0.0,0.0,sem dado válido,0.45,0.8,
ilhota|apartamento|1 quarto,Ilhota · apartamento · 1 quarto,evidência insuficiente,2,5,airbnb_sem_listings_afetados,Airbnb sem os três imóveis afetados,gross yield proxy,2,345.5,220000.0,45398.700000000004,0.2063577272727273,3.0,0.6,exploratório,0.45,0.8,
ilhota|casa|2 quartos,Ilhota · casa · 2 quartos,evidência insuficiente,1,1,airbnb_sem_listings_afetados,Airbnb sem os três imóveis afetados,gross yield proxy,1,210.0,500000.0,27594.0,0.055188,0.0,0.0,sem dado válido,0.45,0.8,
ilhota|casa|3 quartos,Ilhota · casa · 3 quartos,evidência insuficiente,2,3,airbnb_sem_listings_afetados,Airbnb sem os três imóveis afetados,gross yield proxy,2,595.0,5505000.0,78183.0,0.014202179836512261,0.0,0.0,sem dado válido,0.45,0.8,
ilhota|casa|4 quartos,Ilhota · casa · 4 quartos,evidência insuficiente,1,6,airbnb_sem_listings_afetados,Airbnb sem os três imóveis afetados,gross yield proxy,1,946.0,18370000.0,124304.40000000001,0.006766706586826348,5.0,0.8333333333333334,exploratório,0.45,0.8,
meia praia|apartamento|1 quarto,Meia Praia · apartamento · 1 quarto,exploratório,16,58,airbnb_sem_listings_afetados,Airbnb sem os três imóveis afetados,gross yield proxy,16,440.0,877500.0,57816.0,0.06588717948717948,18.0,0.3103448275862069,exploratório,0.45,0.8,
meia praia|apartamento|2 quartos,Meia Praia · apartamento · 2 quartos,principal,126,243,airbnb_sem_listings_afetados,Airbnb sem os três imóveis afetados,gross yield proxy,126,448.0,1080000.0,58867.200000000004,0.05450666666666667,132.0,0.5432098765432098,principal,0.45,0.8,4.0
meia praia|apartamento|3 quartos,Meia Praia · apartamento · 3 quartos,principal,284,1697,airbnb_sem_listings_afetados,Airbnb sem os três imóveis afetados,gross yield proxy,284,650.0,1885000.0,85410.0,0.04531034482758621,799.0,0.47083087802003537,principal,0.45,0.8,5.0
meia praia|apartamento|4 quartos,Meia Praia · apartamento · 4 quartos,principal,43,1322,airbnb_sem_listings_afetados,Airbnb sem os três imóveis afetados,gross yield proxy,43,899.0,3600000.0,118128.6,0.0328135,536.0,0.405446293494705,principal,0.45,0.8,7.0
meia praia|apartamento|5 quartos,Meia Praia · apartamento · 5 quartos,evidência insuficiente,1,73,airbnb_sem_listings_afetados,Airbnb sem os três imóveis afetados,gross yield proxy,1,900.0,8000000.0,118260.0,0.0147825,22.0,0.3013698630136986,principal,0.45,0.8,
meia praia|casa|4 quartos,Meia Praia · casa · 4 quartos,evidência insuficiente,1,6,airbnb_sem_listings_afetados,Airbnb sem os três imóveis afetados,gross yield proxy,1,500.0,5620000.0,65700.0,0.011690391459074733,1.0,0.16666666666666666,exploratório,0.45,0.8,
morretes|apartamento|1 quarto,Morretes · apartamento · 1 quarto,evidência insuficiente,3,50,airbnb_sem_listings_afetados,Airbnb sem os três imóveis afetados,gross yield proxy,3,400.0,624500.0,52560.0,0.08416333066453162,13.0,0.26,exploratório,0.45,0.8,
morretes|apartamento|2 quartos,Morretes · apartamento · 2 quartos,principal,43,1037,airbnb_sem_listings_afetados,Airbnb sem os três imóveis afetados,gross yield proxy,42,451.75,790000.0,59359.950000000004,0.07513917721518988,487.0,0.46962391513982643,principal,0.45,0.8,1.0
morretes|apartamento|3 quartos,Morretes · apartamento · 3 quartos,evidência insuficiente,9,155,airbnb_sem_listings_afetados,Airbnb sem os três imóveis afetados,gross yield proxy,9,650.0,845000.0,85410.0,0.10107692307692308,68.0,0.43870967741935485,principal,0.45,0.8,
morretes|apartamento|4 quartos,Morretes · apartamento · 4 quartos,evidência insuficiente,1,57,airbnb_sem_listings_afetados,Airbnb sem os três imóveis afetados,gross yield proxy,1,590.0,6101328.0,77526.0,0.012706414079033286,28.0,0.49122807017543857,principal,0.45,0.8,
morretes|casa|2 quartos,Morretes · casa · 2 quartos,evidência insuficiente,8,205,airbnb_sem_listings_afetados,Airbnb sem os três imóveis afetados,gross yield proxy,8,323.5,570000.0,42507.9,0.07457526315789474,6.0,0.02926829268292683,exploratório,0.45,0.8,
morretes|casa|4 quartos,Morretes · casa · 4 quartos,evidência insuficiente,2,10,airbnb_sem_listings_afetados,Airbnb sem os três imóveis afetados,gross yield proxy,2,1100.0,1190000.0,144540.0,0.12146218487394958,1.0,0.1,exploratório,0.45,0.8,
sertao do trombudo|casa|1 quarto,Sertao do Trombudo · casa · 1 quarto,evidência insuficiente,2,1,airbnb_sem_listings_afetados,Airbnb sem os três imóveis afetados,gross yield proxy,2,380.0,290000.0,49932.0,0.17217931034482759,0.0,0.0,sem dado válido,0.45,0.8,
sertao do trombudo|casa|4 quartos,Sertao do Trombudo · casa · 4 quartos,evidência insuficiente,1,2,airbnb_sem_listings_afetados,Airbnb sem os três imóveis afetados,gross yield proxy,1,1000.0,6500000.0,131400.0,0.020215384615384614,0.0,0.0,sem dado válido,0.45,0.8,
tabuleiro dos oliveiras|apartamento|2 quartos,Tabuleiro dos Oliveiras · apartamento · 2 quartos,exploratório,12,105,airbnb_sem_listings_afetados,Airbnb sem os três imóveis afetados,gross yield proxy,12,399.5,782900.0,52494.3,0.06705109209349853,48.0,0.45714285714285713,principal,0.45,0.8,
tabuleiro dos oliveiras|apartamento|3 quartos,Tabuleiro dos Oliveiras · apartamento · 3 quartos,evidência insuficiente,3,14,airbnb_sem_listings_afetados,Airbnb sem os três imóveis afetados,gross yield proxy,3,640.0,830000.0,84096.0,0.10132048192771084,7.0,0.5,exploratório,0.45,0.8,
tabuleiro dos oliveiras|casa|4 quartos,Tabuleiro dos Oliveiras · casa · 4 quartos,evidência insuficiente,1,1,airbnb_sem_listings_afetados,Airbnb sem os três imóveis afetados,gross yield proxy,1,1700.0,999000.0,223380.0,0.2236036036036036,0.0,0.0,sem dado válido,0.45,0.8,
varzea|casa|3 quartos,Varzea · casa · 3 quartos,evidência insuficiente,1,3,airbnb_sem_listings_afetados,Airbnb sem os três imóveis afetados,gross yield proxy,1,700.0,585000.0,91980.0,0.15723076923076923,0.0,0.0,sem dado válido,0.45,0.8,
varzea|casa|5 quartos,Varzea · casa · 5 quartos,evidência insuficiente,1,1,airbnb_sem_listings_afetados,Airbnb sem os três imóveis afetados,gross yield proxy,1,1500.0,899000.0,197100.0,0.2192436040044494,0.0,0.0,sem dado válido,0.45,0.8,
alto sao bento|apartamento|2 quartos,Alto Sao Bento · apartamento · 2 quartos,evidência insuficiente,1,35,airbnb_sem_precos_10k,Airbnb sem preços ≥ R$ 10 mil,gross yield proxy,1,199.0,618710.0,26148.600000000002,0.042263095796091874,13.0,0.37142857142857144,exploratório,0.45,0.8,
canto da praia|apartamento|2 quartos,Canto da Praia · apartamento · 2 quartos,evidência insuficiente,4,14,airbnb_sem_precos_10k,Airbnb sem preços ≥ R$ 10 mil,gross yield proxy,4,509.0,1221806.5,66882.6,0.054740746591215556,8.0,0.5714285714285714,exploratório,0.45,0.8,
canto da praia|apartamento|3 quartos,Canto da Praia · apartamento · 3 quartos,evidência insuficiente,1,66,airbnb_sem_precos_10k,Airbnb sem preços ≥ R$ 10 mil,gross yield proxy,1,307.625,1769930.0,40421.925,0.022838148966343303,17.0,0.25757575757575757,exploratório,0.45,0.8,
casa branca|apartamento|2 quartos,Casa Branca · apartamento · 2 quartos,evidência insuficiente,4,20,airbnb_sem_precos_10k,Airbnb sem preços ≥ R$ 10 mil,gross yield proxy,4,260.0,655000.0,34164.0,0.0521587786259542,9.0,0.45,exploratório,0.45,0.8,
casa branca|apartamento|3 quartos,Casa Branca · apartamento · 3 quartos,evidência insuficiente,2,7,airbnb_sem_precos_10k,Airbnb sem preços ≥ R$ 10 mil,gross yield proxy,2,403.0,778000.0,52954.200000000004,0.06806452442159383,0.0,0.0,sem dado válido,0.45,0.8,
centro|apartamento|1 quarto,Centro · apartamento · 1 quarto,principal,75,22,airbnb_sem_precos_10k,Airbnb sem preços ≥ R$ 10 mil,gross yield proxy,75,450.0,890000.0,59130.0,0.066438202247191,10.0,0.45454545454545453,exploratório,0.45,0.8,3.0
centro|apartamento|2 quartos,Centro · apartamento · 2 quartos,principal,59,89,airbnb_sem_precos_10k,Airbnb sem preços ≥ R$ 10 mil,gross yield proxy,59,600.0,1150000.0,78840.0,0.06855652173913043,55.0,0.6179775280898876,principal,0.45,0.8,2.0
centro|apartamento|3 quartos,Centro · apartamento · 3 quartos,principal,38,437,airbnb_sem_precos_10k,Airbnb sem preços ≥ R$ 10 mil,gross yield proxy,38,664.0,2100000.0,87249.6,0.041547428571428575,179.0,0.4096109839816934,principal,0.45,0.8,6.0
centro|apartamento|4 quartos,Centro · apartamento · 4 quartos,evidência insuficiente,1,400,airbnb_sem_precos_10k,Airbnb sem preços ≥ R$ 10 mil,gross yield proxy,1,450.0,3700000.0,59130.0,0.01598108108108108,109.0,0.2725,principal,0.45,0.8,
centro|casa|2 quartos,Centro · casa · 2 quartos,evidência insuficiente,1,3,airbnb_sem_precos_10k,Airbnb sem preços ≥ R$ 10 mil,gross yield proxy,1,250.0,599000.0,32850.0,0.054841402337228715,0.0,0.0,sem dado válido,0.45,0.8,
centro|casa|4 quartos,Centro · casa · 4 quartos,evidência insuficiente,2,7,airbnb_sem_precos_10k,Airbnb sem preços ≥ R$ 10 mil,gross yield proxy,2,1400.0,5198800.0,183960.0,0.035385088866661536,0.0,0.0,sem dado válido,0.45,0.8,
ilhota|apartamento|1 quarto,Ilhota · apartamento · 1 quarto,evidência insuficiente,2,5,airbnb_sem_precos_10k,Airbnb sem preços ≥ R$ 10 mil,gross yield proxy,2,345.5,220000.0,45398.700000000004,0.2063577272727273,3.0,0.6,exploratório,0.45,0.8,
ilhota|casa|2 quartos,Ilhota · casa · 2 quartos,evidência insuficiente,1,1,airbnb_sem_precos_10k,Airbnb sem preços ≥ R$ 10 mil,gross yield proxy,1,210.0,500000.0,27594.0,0.055188,0.0,0.0,sem dado válido,0.45,0.8,
ilhota|casa|3 quartos,Ilhota · casa · 3 quartos,evidência insuficiente,2,3,airbnb_sem_precos_10k,Airbnb sem preços ≥ R$ 10 mil,gross yield proxy,2,595.0,5505000.0,78183.0,0.014202179836512261,0.0,0.0,sem dado válido,0.45,0.8,
ilhota|casa|4 quartos,Ilhota · casa · 4 quartos,evidência insuficiente,1,6,airbnb_sem_precos_10k,Airbnb sem preços ≥ R$ 10 mil,gross yield proxy,1,946.0,18370000.0,124304.40000000001,0.006766706586826348,5.0,0.8333333333333334,exploratório,0.45,0.8,
meia praia|apartamento|1 quarto,Meia Praia · apartamento · 1 quarto,exploratório,16,58,airbnb_sem_precos_10k,Airbnb sem preços ≥ R$ 10 mil,gross yield proxy,16,440.0,877500.0,57816.0,0.06588717948717948,18.0,0.3103448275862069,exploratório,0.45,0.8,
meia praia|apartamento|2 quartos,Meia Praia · apartamento · 2 quartos,principal,126,243,airbnb_sem_precos_10k,Airbnb sem preços ≥ R$ 10 mil,gross yield proxy,126,448.0,1080000.0,58867.200000000004,0.05450666666666667,132.0,0.5432098765432098,principal,0.45,0.8,4.0
meia praia|apartamento|3 quartos,Meia Praia · apartamento · 3 quartos,principal,284,1697,airbnb_sem_precos_10k,Airbnb sem preços ≥ R$ 10 mil,gross yield proxy,284,650.0,1885000.0,85410.0,0.04531034482758621,799.0,0.47083087802003537,principal,0.45,0.8,5.0
meia praia|apartamento|4 quartos,Meia Praia · apartamento · 4 quartos,principal,43,1322,airbnb_sem_precos_10k,Airbnb sem preços ≥ R$ 10 mil,gross yield proxy,43,899.0,3600000.0,118128.6,0.0328135,536.0,0.405446293494705,principal,0.45,0.8,7.0
meia praia|apartamento|5 quartos,Meia Praia · apartamento · 5 quartos,evidência insuficiente,1,73,airbnb_sem_precos_10k,Airbnb sem preços ≥ R$ 10 mil,gross yield proxy,1,900.0,8000000.0,118260.0,0.0147825,22.0,0.3013698630136986,principal,0.45,0.8,
meia praia|casa|4 quartos,Meia Praia · casa · 4 quartos,evidência insuficiente,1,6,airbnb_sem_precos_10k,Airbnb sem preços ≥ R$ 10 mil,gross yield proxy,1,500.0,5620000.0,65700.0,0.011690391459074733,1.0,0.16666666666666666,exploratório,0.45,0.8,
morretes|apartamento|1 quarto,Morretes · apartamento · 1 quarto,evidência insuficiente,3,50,airbnb_sem_precos_10k,Airbnb sem preços ≥ R$ 10 mil,gross yield proxy,3,400.0,624500.0,52560.0,0.08416333066453162,13.0,0.26,exploratório,0.45,0.8,
morretes|apartamento|2 quartos,Morretes · apartamento · 2 quartos,principal,43,1037,airbnb_sem_precos_10k,Airbnb sem preços ≥ R$ 10 mil,gross yield proxy,42,451.75,790000.0,59359.950000000004,0.07513917721518988,487.0,0.46962391513982643,principal,0.45,0.8,1.0
morretes|apartamento|3 quartos,Morretes · apartamento · 3 quartos,evidência insuficiente,9,155,airbnb_sem_precos_10k,Airbnb sem preços ≥ R$ 10 mil,gross yield proxy,9,650.0,845000.0,85410.0,0.10107692307692308,68.0,0.43870967741935485,principal,0.45,0.8,
morretes|apartamento|4 quartos,Morretes · apartamento · 4 quartos,evidência insuficiente,1,57,airbnb_sem_precos_10k,Airbnb sem preços ≥ R$ 10 mil,gross yield proxy,1,590.0,6101328.0,77526.0,0.012706414079033286,28.0,0.49122807017543857,principal,0.45,0.8,
morretes|casa|2 quartos,Morretes · casa · 2 quartos,evidência insuficiente,8,205,airbnb_sem_precos_10k,Airbnb sem preços ≥ R$ 10 mil,gross yield proxy,8,323.5,570000.0,42507.9,0.07457526315789474,6.0,0.02926829268292683,exploratório,0.45,0.8,
morretes|casa|4 quartos,Morretes · casa · 4 quartos,evidência insuficiente,2,10,airbnb_sem_precos_10k,Airbnb sem preços ≥ R$ 10 mil,gross yield proxy,2,1100.0,1190000.0,144540.0,0.12146218487394958,1.0,0.1,exploratório,0.45,0.8,
sertao do trombudo|casa|1 quarto,Sertao do Trombudo · casa · 1 quarto,evidência insuficiente,2,1,airbnb_sem_precos_10k,Airbnb sem preços ≥ R$ 10 mil,gross yield proxy,2,380.0,290000.0,49932.0,0.17217931034482759,0.0,0.0,sem dado válido,0.45,0.8,
sertao do trombudo|casa|4 quartos,Sertao do Trombudo · casa · 4 quartos,evidência insuficiente,1,2,airbnb_sem_precos_10k,Airbnb sem preços ≥ R$ 10 mil,gross yield proxy,1,1000.0,6500000.0,131400.0,0.020215384615384614,0.0,0.0,sem dado válido,0.45,0.8,
tabuleiro dos oliveiras|apartamento|2 quartos,Tabuleiro dos Oliveiras · apartamento · 2 quartos,exploratório,12,105,airbnb_sem_precos_10k,Airbnb sem preços ≥ R$ 10 mil,gross yield proxy,12,399.5,782900.0,52494.3,0.06705109209349853,48.0,0.45714285714285713,principal,0.45,0.8,
tabuleiro dos oliveiras|apartamento|3 quartos,Tabuleiro dos Oliveiras · apartamento · 3 quartos,evidência insuficiente,3,14,airbnb_sem_precos_10k,Airbnb sem preços ≥ R$ 10 mil,gross yield proxy,3,640.0,830000.0,84096.0,0.10132048192771084,7.0,0.5,exploratório,0.45,0.8,
tabuleiro dos oliveiras|casa|4 quartos,Tabuleiro dos Oliveiras · casa · 4 quartos,evidência insuficiente,1,1,airbnb_sem_precos_10k,Airbnb sem preços ≥ R$ 10 mil,gross yield proxy,1,1700.0,999000.0,223380.0,0.2236036036036036,0.0,0.0,sem dado válido,0.45,0.8,
varzea|casa|3 quartos,Varzea · casa · 3 quartos,evidência insuficiente,1,3,airbnb_sem_precos_10k,Airbnb sem preços ≥ R$ 10 mil,gross yield proxy,1,700.0,585000.0,91980.0,0.15723076923076923,0.0,0.0,sem dado válido,0.45,0.8,
varzea|casa|5 quartos,Varzea · casa · 5 quartos,evidência insuficiente,1,1,airbnb_sem_precos_10k,Airbnb sem preços ≥ R$ 10 mil,gross yield proxy,1,1500.0,899000.0,197100.0,0.2192436040044494,0.0,0.0,sem dado válido,0.45,0.8,
alto sao bento|apartamento|2 quartos,Alto Sao Bento · apartamento · 2 quartos,evidência insuficiente,1,35,apos_condominio,Após condomínio observado,yield após condomínio observado,1,199.0,618710.0,26148.600000000002,0.03644453782870812,13.0,0.37142857142857144,exploratório,0.45,0.8,
canto da praia|apartamento|2 quartos,Canto da Praia · apartamento · 2 quartos,evidência insuficiente,4,14,apos_condominio,Após condomínio observado,yield após condomínio observado,4,509.0,1221806.5,66882.6,0.05473092506874043,8.0,0.5714285714285714,exploratório,0.45,0.8,
canto da praia|apartamento|3 quartos,Canto da Praia · apartamento · 3 quartos,evidência insuficiente,1,66,apos_condominio,Após condomínio observado,yield após condomínio observado,1,307.625,1769930.0,40421.925,0.018092198561525035,17.0,0.25757575757575757,exploratório,0.45,0.8,
casa branca|apartamento|2 quartos,Casa Branca · apartamento · 2 quartos,evidência insuficiente,4,20,apos_condominio,Após condomínio observado,yield após condomínio observado,4,260.0,655000.0,34164.0,0.04574656488549618,9.0,0.45,exploratório,0.45,0.8,
casa branca|apartamento|3 quartos,Casa Branca · apartamento · 3 quartos,evidência insuficiente,2,7,apos_condominio,Após condomínio observado,yield após condomínio observado,2,403.0,778000.0,52954.200000000004,,0.0,0.0,sem dado válido,0.45,0.8,
centro|apartamento|1 quarto,Centro · apartamento · 1 quarto,principal,75,22,apos_condominio,Após condomínio observado,yield após condomínio observado,75,450.0,890000.0,59130.0,0.05969662921348315,10.0,0.45454545454545453,exploratório,0.45,0.8,
centro|apartamento|2 quartos,Centro · apartamento · 2 quartos,principal,59,89,apos_condominio,Após condomínio observado,yield após condomínio observado,59,600.0,1150000.0,78840.0,0.0633391304347826,55.0,0.6179775280898876,principal,0.45,0.8,2.0
centro|apartamento|3 quartos,Centro · apartamento · 3 quartos,principal,38,437,apos_condominio,Após condomínio observado,yield após condomínio observado,38,664.0,2100000.0,87249.6,0.03802171428571429,179.0,0.4096109839816934,principal,0.45,0.8,5.0
centro|apartamento|4 quartos,Centro · apartamento · 4 quartos,evidência insuficiente,1,400,apos_condominio,Após condomínio observado,yield após condomínio observado,1,450.0,3700000.0,59130.0,0.013062162162162163,109.0,0.2725,principal,0.45,0.8,
centro|casa|2 quartos,Centro · casa · 2 quartos,evidência insuficiente,1,3,apos_condominio,Após condomínio observado,yield após condomínio observado,1,250.0,599000.0,32850.0,,0.0,0.0,sem dado válido,0.45,0.8,
centro|casa|4 quartos,Centro · casa · 4 quartos,evidência insuficiente,2,7,apos_condominio,Após condomínio observado,yield após condomínio observado,2,1400.0,5198800.0,183960.0,,0.0,0.0,sem dado válido,0.45,0.8,
ilhota|apartamento|1 quarto,Ilhota · apartamento · 1 quarto,evidência insuficiente,2,5,apos_condominio,Após condomínio observado,yield após condomínio observado,2,345.5,220000.0,45398.700000000004,0.19272136363636366,3.0,0.6,exploratório,0.45,0.8,
ilhota|casa|2 quartos,Ilhota · casa · 2 quartos,evidência insuficiente,1,1,apos_condominio,Após condomínio observado,yield após condomínio observado,1,210.0,500000.0,27594.0,,0.0,0.0,sem dado válido,0.45,0.8,
ilhota|casa|3 quartos,Ilhota · casa · 3 quartos,evidência insuficiente,2,3,apos_condominio,Após condomínio observado,yield após condomínio observado,2,595.0,5505000.0,78183.0,,0.0,0.0,sem dado válido,0.45,0.8,
ilhota|casa|4 quartos,Ilhota · casa · 4 quartos,evidência insuficiente,1,6,apos_condominio,Após condomínio observado,yield após condomínio observado,1,946.0,18370000.0,124304.40000000001,0.006175525313010344,5.0,0.8333333333333334,exploratório,0.45,0.8,
meia praia|apartamento|1 quarto,Meia Praia · apartamento · 1 quarto,exploratório,16,58,apos_condominio,Após condomínio observado,yield após condomínio observado,16,440.0,877500.0,57816.0,0.05593846153846154,18.0,0.3103448275862069,exploratório,0.45,0.8,
meia praia|apartamento|2 quartos,Meia Praia · apartamento · 2 quartos,principal,126,243,apos_condominio,Após condomínio observado,yield após condomínio observado,126,448.0,1080000.0,58867.200000000004,0.04895111111111111,132.0,0.5432098765432098,principal,0.45,0.8,3.0
meia praia|apartamento|3 quartos,Meia Praia · apartamento · 3 quartos,principal,284,1697,apos_condominio,Após condomínio observado,yield após condomínio observado,284,650.0,1885000.0,85410.0,0.041490716180371354,799.0,0.47083087802003537,principal,0.45,0.8,4.0
meia praia|apartamento|4 quartos,Meia Praia · apartamento · 4 quartos,principal,43,1322,apos_condominio,Após condomínio observado,yield após condomínio observado,43,899.0,3600000.0,118128.6,0.029736833333333334,536.0,0.405446293494705,principal,0.45,0.8,6.0
meia praia|apartamento|5 quartos,Meia Praia · apartamento · 5 quartos,evidência insuficiente,1,73,apos_condominio,Após condomínio observado,yield após condomínio observado,1,900.0,8000000.0,118260.0,0.0125325,22.0,0.3013698630136986,principal,0.45,0.8,
meia praia|casa|4 quartos,Meia Praia · casa · 4 quartos,evidência insuficiente,1,6,apos_condominio,Após condomínio observado,yield após condomínio observado,1,500.0,5620000.0,65700.0,0.009234875444839858,1.0,0.16666666666666666,exploratório,0.45,0.8,
morretes|apartamento|1 quarto,Morretes · apartamento · 1 quarto,evidência insuficiente,3,50,apos_condominio,Após condomínio observado,yield após condomínio observado,3,400.0,624500.0,52560.0,0.07743795036028824,13.0,0.26,exploratório,0.45,0.8,
morretes|apartamento|2 quartos,Morretes · apartamento · 2 quartos,principal,43,1037,apos_condominio,Após condomínio observado,yield após condomínio observado,43,453.5,790000.0,59589.9,0.07011379746835443,487.0,0.46962391513982643,principal,0.45,0.8,1.0
morretes|apartamento|3 quartos,Morretes · apartamento · 3 quartos,evidência insuficiente,9,155,apos_condominio,Após condomínio observado,yield após condomínio observado,9,650.0,845000.0,85410.0,0.09539644970414202,68.0,0.43870967741935485,principal,0.45,0.8,
morretes|apartamento|4 quartos,Morretes · apartamento · 4 quartos,evidência insuficiente,1,57,apos_condominio,Após condomínio observado,yield após condomínio observado,1,590.0,6101328.0,77526.0,0.010346272155832304,28.0,0.49122807017543857,principal,0.45,0.8,
morretes|casa|2 quartos,Morretes · casa · 2 quartos,evidência insuficiente,8,205,apos_condominio,Após condomínio observado,yield após condomínio observado,8,323.5,570000.0,42507.9,0.07455421052631579,6.0,0.02926829268292683,exploratório,0.45,0.8,
morretes|casa|4 quartos,Morretes · casa · 4 quartos,evidência insuficiente,2,10,apos_condominio,Após condomínio observado,yield após condomínio observado,2,1100.0,1190000.0,144540.0,0.0995798319327731,1.0,0.1,exploratório,0.45,0.8,
sertao do trombudo|casa|1 quarto,Sertao do Trombudo · casa · 1 quarto,evidência insuficiente,2,1,apos_condominio,Após condomínio observado,yield após condomínio observado,2,380.0,290000.0,49932.0,,0.0,0.0,sem dado válido,0.45,0.8,
sertao do trombudo|casa|4 quartos,Sertao do Trombudo · casa · 4 quartos,evidência insuficiente,1,2,apos_condominio,Após condomínio observado,yield após condomínio observado,1,1000.0,6500000.0,131400.0,,0.0,0.0,sem dado válido,0.45,0.8,
tabuleiro dos oliveiras|apartamento|2 quartos,Tabuleiro dos Oliveiras · apartamento · 2 quartos,exploratório,12,105,apos_condominio,Após condomínio observado,yield após condomínio observado,12,399.5,782900.0,52494.3,0.06168642227615277,48.0,0.45714285714285713,principal,0.45,0.8,
tabuleiro dos oliveiras|apartamento|3 quartos,Tabuleiro dos Oliveiras · apartamento · 3 quartos,evidência insuficiente,3,14,apos_condominio,Após condomínio observado,yield após condomínio observado,3,640.0,830000.0,84096.0,0.09626024096385542,7.0,0.5,exploratório,0.45,0.8,
tabuleiro dos oliveiras|casa|4 quartos,Tabuleiro dos Oliveiras · casa · 4 quartos,evidência insuficiente,1,1,apos_condominio,Após condomínio observado,yield após condomínio observado,1,1700.0,999000.0,223380.0,,0.0,0.0,sem dado válido,0.45,0.8,
varzea|casa|3 quartos,Varzea · casa · 3 quartos,evidência insuficiente,1,3,apos_condominio,Após condomínio observado,yield após condomínio observado,1,700.0,585000.0,91980.0,,0.0,0.0,sem dado válido,0.45,0.8,
varzea|casa|5 quartos,Varzea · casa · 5 quartos,evidência insuficiente,1,1,apos_condominio,Após condomínio observado,yield após condomínio observado,1,1500.0,899000.0,197100.0,,0.0,0.0,sem dado válido,0.45,0.8,
alto sao bento|apartamento|2 quartos,Alto Sao Bento · apartamento · 2 quartos,evidência insuficiente,1,35,compra_p25,Preço de compra p25,gross yield proxy,1,199.0,549000.0,26148.600000000002,0.047629508196721314,13.0,0.37142857142857144,exploratório,0.45,0.8,
canto da praia|apartamento|2 quartos,Canto da Praia · apartamento · 2 quartos,evidência insuficiente,4,14,compra_p25,Preço de compra p25,gross yield proxy,4,509.0,1207999.75,66882.6,0.055366402186755426,8.0,0.5714285714285714,exploratório,0.45,0.8,
canto da praia|apartamento|3 quartos,Canto da Praia · apartamento · 3 quartos,evidência insuficiente,1,66,compra_p25,Preço de compra p25,gross yield proxy,1,307.625,1507500.0,40421.925,0.02681388059701493,17.0,0.25757575757575757,exploratório,0.45,0.8,
casa branca|apartamento|2 quartos,Casa Branca · apartamento · 2 quartos,evidência insuficiente,4,20,compra_p25,Preço de compra p25,gross yield proxy,4,260.0,588500.0,34164.0,0.05805267629566695,9.0,0.45,exploratório,0.45,0.8,
casa branca|apartamento|3 quartos,Casa Branca · apartamento · 3 quartos,evidência insuficiente,2,7,compra_p25,Preço de compra p25,gross yield proxy,2,403.0,732557.0,52954.200000000004,0.0722867981604162,0.0,0.0,sem dado válido,0.45,0.8,
centro|apartamento|1 quarto,Centro · apartamento · 1 quarto,principal,75,22,compra_p25,Preço de compra p25,gross yield proxy,75,450.0,652500.0,59130.0,0.09062068965517242,10.0,0.45454545454545453,exploratório,0.45,0.8,1.0
centro|apartamento|2 quartos,Centro · apartamento · 2 quartos,principal,59,89,compra_p25,Preço de compra p25,gross yield proxy,59,600.0,889000.0,78840.0,0.08868391451068616,55.0,0.6179775280898876,principal,0.45,0.8,2.0
centro|apartamento|3 quartos,Centro · apartamento · 3 quartos,principal,38,437,compra_p25,Preço de compra p25,gross yield proxy,38,664.0,1750000.0,87249.6,0.04985691428571429,179.0,0.4096109839816934,principal,0.45,0.8,6.0
centro|apartamento|4 quartos,Centro · apartamento · 4 quartos,evidência insuficiente,1,400,compra_p25,Preço de compra p25,gross yield proxy,1,450.0,2713118.25,59130.0,0.021794110890669804,109.0,0.2725,principal,0.45,0.8,
centro|casa|2 quartos,Centro · casa · 2 quartos,evidência insuficiente,1,3,compra_p25,Preço de compra p25,gross yield proxy,1,250.0,599000.0,32850.0,0.054841402337228715,0.0,0.0,sem dado válido,0.45,0.8,
centro|casa|4 quartos,Centro · casa · 4 quartos,evidência insuficiente,2,7,compra_p25,Preço de compra p25,gross yield proxy,2,1400.0,3499400.0,183960.0,0.05256901183059953,0.0,0.0,sem dado válido,0.45,0.8,
ilhota|apartamento|1 quarto,Ilhota · apartamento · 1 quarto,evidência insuficiente,2,5,compra_p25,Preço de compra p25,gross yield proxy,2,345.5,202658.0,45398.700000000004,0.22401632306644695,3.0,0.6,exploratório,0.45,0.8,
ilhota|casa|2 quartos,Ilhota · casa · 2 quartos,evidência insuficiente,1,1,compra_p25,Preço de compra p25,gross yield proxy,1,210.0,500000.0,27594.0,0.055188,0.0,0.0,sem dado válido,0.45,0.8,
ilhota|casa|3 quartos,Ilhota · casa · 3 quartos,evidência insuficiente,2,3,compra_p25,Preço de compra p25,gross yield proxy,2,595.0,3752500.0,78183.0,0.020834910059960028,0.0,0.0,sem dado válido,0.45,0.8,
ilhota|casa|4 quartos,Ilhota · casa · 4 quartos,evidência insuficiente,1,6,compra_p25,Preço de compra p25,gross yield proxy,1,946.0,18167350.0,124304.40000000001,0.006842186670042687,5.0,0.8333333333333334,exploratório,0.45,0.8,
meia praia|apartamento|1 quarto,Meia Praia · apartamento · 1 quarto,exploratório,16,58,compra_p25,Preço de compra p25,gross yield proxy,16,440.0,757000.0,57816.0,0.07637516512549537,18.0,0.3103448275862069,exploratório,0.45,0.8,
meia praia|apartamento|2 quartos,Meia Praia · apartamento · 2 quartos,principal,126,243,compra_p25,Preço de compra p25,gross yield proxy,126,448.0,912850.0,58867.200000000004,0.06448726515856933,132.0,0.5432098765432098,principal,0.45,0.8,4.0
meia praia|apartamento|3 quartos,Meia Praia · apartamento · 3 quartos,principal,284,1697,compra_p25,Preço de compra p25,gross yield proxy,284,650.0,1579800.0,85410.0,0.0540638055450057,799.0,0.47083087802003537,principal,0.45,0.8,5.0
meia praia|apartamento|4 quartos,Meia Praia · apartamento · 4 quartos,principal,43,1322,compra_p25,Preço de compra p25,gross yield proxy,43,899.0,2754250.0,118128.6,0.04288957066352002,536.0,0.405446293494705,principal,0.45,0.8,7.0
meia praia|apartamento|5 quartos,Meia Praia · apartamento · 5 quartos,evidência insuficiente,1,73,compra_p25,Preço de compra p25,gross yield proxy,1,900.0,5007000.0,118260.0,0.023618933493109645,22.0,0.3013698630136986,principal,0.45,0.8,
meia praia|casa|4 quartos,Meia Praia · casa · 4 quartos,evidência insuficiente,1,6,compra_p25,Preço de compra p25,gross yield proxy,1,500.0,3991250.0,65700.0,0.016461008455997496,1.0,0.16666666666666666,exploratório,0.45,0.8,
morretes|apartamento|1 quarto,Morretes · apartamento · 1 quarto,evidência insuficiente,3,50,compra_p25,Preço de compra p25,gross yield proxy,3,400.0,446750.0,52560.0,0.11764969222160045,13.0,0.26,exploratório,0.45,0.8,
morretes|apartamento|2 quartos,Morretes · apartamento · 2 quartos,principal,43,1037,compra_p25,Preço de compra p25,gross yield proxy,43,453.5,680000.0,59589.9,0.08763220588235295,487.0,0.46962391513982643,principal,0.45,0.8,3.0
morretes|apartamento|3 quartos,Morretes · apartamento · 3 quartos,evidência insuficiente,9,155,compra_p25,Preço de compra p25,gross yield proxy,9,650.0,705324.5,85410.0,0.12109319894601704,68.0,0.43870967741935485,principal,0.45,0.8,
morretes|apartamento|4 quartos,Morretes · apartamento · 4 quartos,evidência insuficiente,1,57,compra_p25,Preço de compra p25,gross yield proxy,1,590.0,4517000.0,77526.0,0.0171631613903033,28.0,0.49122807017543857,principal,0.45,0.8,
morretes|casa|2 quartos,Morretes · casa · 2 quartos,evidência insuficiente,8,205,compra_p25,Preço de compra p25,gross yield proxy,8,323.5,540000.0,42507.9,0.07871833333333333,6.0,0.02926829268292683,exploratório,0.45,0.8,
morretes|casa|4 quartos,Morretes · casa · 4 quartos,evidência insuficiente,2,10,compra_p25,Preço de compra p25,gross yield proxy,2,1100.0,912500.0,144540.0,0.1584,1.0,0.1,exploratório,0.45,0.8,
sertao do trombudo|casa|1 quarto,Sertao do Trombudo · casa · 1 quarto,evidência insuficiente,2,1,compra_p25,Preço de compra p25,gross yield proxy,2,380.0,290000.0,49932.0,0.17217931034482759,0.0,0.0,sem dado válido,0.45,0.8,
sertao do trombudo|casa|4 quartos,Sertao do Trombudo · casa · 4 quartos,evidência insuficiente,1,2,compra_p25,Preço de compra p25,gross yield proxy,1,1000.0,6500000.0,131400.0,0.020215384615384614,0.0,0.0,sem dado válido,0.45,0.8,
tabuleiro dos oliveiras|apartamento|2 quartos,Tabuleiro dos Oliveiras · apartamento · 2 quartos,exploratório,12,105,compra_p25,Preço de compra p25,gross yield proxy,12,399.5,695000.0,52494.3,0.07553136690647483,48.0,0.45714285714285713,principal,0.45,0.8,
tabuleiro dos oliveiras|apartamento|3 quartos,Tabuleiro dos Oliveiras · apartamento · 3 quartos,evidência insuficiente,3,14,compra_p25,Preço de compra p25,gross yield proxy,3,640.0,766250.0,84096.0,0.10975008156606851,7.0,0.5,exploratório,0.45,0.8,
tabuleiro dos oliveiras|casa|4 quartos,Tabuleiro dos Oliveiras · casa · 4 quartos,evidência insuficiente,1,1,compra_p25,Preço de compra p25,gross yield proxy,1,1700.0,999000.0,223380.0,0.2236036036036036,0.0,0.0,sem dado válido,0.45,0.8,
varzea|casa|3 quartos,Varzea · casa · 3 quartos,evidência insuficiente,1,3,compra_p25,Preço de compra p25,gross yield proxy,1,700.0,585000.0,91980.0,0.15723076923076923,0.0,0.0,sem dado válido,0.45,0.8,
varzea|casa|5 quartos,Varzea · casa · 5 quartos,evidência insuficiente,1,1,compra_p25,Preço de compra p25,gross yield proxy,1,1500.0,899000.0,197100.0,0.2192436040044494,0.0,0.0,sem dado válido,0.45,0.8,
alto sao bento|apartamento|2 quartos,Alto Sao Bento · apartamento · 2 quartos,evidência insuficiente,1,35,compra_p75,Preço de compra p75,gross yield proxy,1,199.0,676445.0,26148.600000000002,0.038655914375891616,13.0,0.37142857142857144,exploratório,0.45,0.8,
canto da praia|apartamento|2 quartos,Canto da Praia · apartamento · 2 quartos,evidência insuficiente,4,14,compra_p75,Preço de compra p75,gross yield proxy,4,509.0,1417000.0,66882.6,0.04720014114326041,8.0,0.5714285714285714,exploratório,0.45,0.8,
canto da praia|apartamento|3 quartos,Canto da Praia · apartamento · 3 quartos,evidência insuficiente,1,66,compra_p75,Preço de compra p75,gross yield proxy,1,307.625,2349900.0,40421.925,0.017201551129835315,17.0,0.25757575757575757,exploratório,0.45,0.8,
casa branca|apartamento|2 quartos,Casa Branca · apartamento · 2 quartos,evidência insuficiente,4,20,compra_p75,Preço de compra p75,gross yield proxy,4,260.0,717250.0,34164.0,0.047631927500871384,9.0,0.45,exploratório,0.45,0.8,
casa branca|apartamento|3 quartos,Casa Branca · apartamento · 3 quartos,evidência insuficiente,2,7,compra_p75,Preço de compra p75,gross yield proxy,2,403.0,1412266.0,52954.200000000004,0.037495910826997186,0.0,0.0,sem dado válido,0.45,0.8,
centro|apartamento|1 quarto,Centro · apartamento · 1 quarto,principal,75,22,compra_p75,Preço de compra p75,gross yield proxy,75,450.0,980000.0,59130.0,0.06033673469387755,10.0,0.45454545454545453,exploratório,0.45,0.8,2.0
centro|apartamento|2 quartos,Centro · apartamento · 2 quartos,principal,59,89,compra_p75,Preço de compra p75,gross yield proxy,59,600.0,1550000.0,78840.0,0.050864516129032256,55.0,0.6179775280898876,principal,0.45,0.8,3.0
centro|apartamento|3 quartos,Centro · apartamento · 3 quartos,principal,38,437,compra_p75,Preço de compra p75,gross yield proxy,38,664.0,2790000.0,87249.6,0.03127225806451613,179.0,0.4096109839816934,principal,0.45,0.8,6.0
centro|apartamento|4 quartos,Centro · apartamento · 4 quartos,evidência insuficiente,1,400,compra_p75,Preço de compra p75,gross yield proxy,1,450.0,5445056.25,59130.0,0.010859391948430285,109.0,0.2725,principal,0.45,0.8,
centro|casa|2 quartos,Centro · casa · 2 quartos,evidência insuficiente,1,3,compra_p75,Preço de compra p75,gross yield proxy,1,250.0,599500.0,32850.0,0.05479566305254378,0.0,0.0,sem dado válido,0.45,0.8,
centro|casa|4 quartos,Centro · casa · 4 quartos,evidência insuficiente,2,7,compra_p75,Preço de compra p75,gross yield proxy,2,1400.0,7045000.0,183960.0,0.026112136266855927,0.0,0.0,sem dado válido,0.45,0.8,
ilhota|apartamento|1 quarto,Ilhota · apartamento · 1 quarto,evidência insuficiente,2,5,compra_p75,Preço de compra p75,gross yield proxy,2,345.5,255000.0,45398.700000000004,0.17803411764705884,3.0,0.6,exploratório,0.45,0.8,
ilhota|casa|2 quartos,Ilhota · casa · 2 quartos,evidência insuficiente,1,1,compra_p75,Preço de compra p75,gross yield proxy,1,210.0,500000.0,27594.0,0.055188,0.0,0.0,sem dado válido,0.45,0.8,
ilhota|casa|3 quartos,Ilhota · casa · 3 quartos,evidência insuficiente,2,3,compra_p75,Preço de compra p75,gross yield proxy,2,595.0,11937500.0,78183.0,0.006549361256544503,0.0,0.0,sem dado válido,0.45,0.8,
ilhota|casa|4 quartos,Ilhota · casa · 4 quartos,evidência insuficiente,1,6,compra_p75,Preço de compra p75,gross yield proxy,1,946.0,18370000.0,124304.40000000001,0.006766706586826348,5.0,0.8333333333333334,exploratório,0.45,0.8,
meia praia|apartamento|1 quarto,Meia Praia · apartamento · 1 quarto,exploratório,16,58,compra_p75,Preço de compra p75,gross yield proxy,16,440.0,1003755.25,57816.0,0.05759969873133914,18.0,0.3103448275862069,exploratório,0.45,0.8,
meia praia|apartamento|2 quartos,Meia Praia · apartamento · 2 quartos,principal,126,243,compra_p75,Preço de compra p75,gross yield proxy,126,448.0,1290000.0,58867.200000000004,0.04563348837209303,132.0,0.5432098765432098,principal,0.45,0.8,4.0
meia praia|apartamento|3 quartos,Meia Praia · apartamento · 3 quartos,principal,284,1697,compra_p75,Preço de compra p75,gross yield proxy,284,650.0,2399240.0,85410.0,0.03559877294476584,799.0,0.47083087802003537,principal,0.45,0.8,5.0
meia praia|apartamento|4 quartos,Meia Praia · apartamento · 4 quartos,principal,43,1322,compra_p75,Preço de compra p75,gross yield proxy,43,899.0,4987500.0,118128.6,0.02368493233082707,536.0,0.405446293494705,principal,0.45,0.8,7.0
meia praia|apartamento|5 quartos,Meia Praia · apartamento · 5 quartos,evidência insuficiente,1,73,compra_p75,Preço de compra p75,gross yield proxy,1,900.0,9750000.0,118260.0,0.012129230769230769,22.0,0.3013698630136986,principal,0.45,0.8,
meia praia|casa|4 quartos,Meia Praia · casa · 4 quartos,evidência insuficiente,1,6,compra_p75,Preço de compra p75,gross yield proxy,1,500.0,6645000.0,65700.0,0.009887133182844244,1.0,0.16666666666666666,exploratório,0.45,0.8,
morretes|apartamento|1 quarto,Morretes · apartamento · 1 quarto,evidência insuficiente,3,50,compra_p75,Preço de compra p75,gross yield proxy,3,400.0,750000.0,52560.0,0.07008,13.0,0.26,exploratório,0.45,0.8,
morretes|apartamento|2 quartos,Morretes · apartamento · 2 quartos,principal,43,1037,compra_p75,Preço de compra p75,gross yield proxy,43,453.5,879740.0,59589.9,0.0677358083069998,487.0,0.46962391513982643,principal,0.45,0.8,1.0
morretes|apartamento|3 quartos,Morretes · apartamento · 3 quartos,evidência insuficiente,9,155,compra_p75,Preço de compra p75,gross yield proxy,9,650.0,999000.0,85410.0,0.0854954954954955,68.0,0.43870967741935485,principal,0.45,0.8,
morretes|apartamento|4 quartos,Morretes · apartamento · 4 quartos,evidência insuficiente,1,57,compra_p75,Preço de compra p75,gross yield proxy,1,590.0,6700000.0,77526.0,0.011571044776119402,28.0,0.49122807017543857,principal,0.45,0.8,
morretes|casa|2 quartos,Morretes · casa · 2 quartos,evidência insuficiente,8,205,compra_p75,Preço de compra p75,gross yield proxy,8,323.5,620000.0,42507.9,0.06856112903225807,6.0,0.02926829268292683,exploratório,0.45,0.8,
morretes|casa|4 quartos,Morretes · casa · 4 quartos,evidência insuficiente,2,10,compra_p75,Preço de compra p75,gross yield proxy,2,1100.0,1190000.75,144540.0,0.12146210832220064,1.0,0.1,exploratório,0.45,0.8,
sertao do trombudo|casa|1 quarto,Sertao do Trombudo · casa · 1 quarto,evidência insuficiente,2,1,compra_p75,Preço de compra p75,gross yield proxy,2,380.0,290000.0,49932.0,0.17217931034482759,0.0,0.0,sem dado válido,0.45,0.8,
sertao do trombudo|casa|4 quartos,Sertao do Trombudo · casa · 4 quartos,evidência insuficiente,1,2,compra_p75,Preço de compra p75,gross yield proxy,1,1000.0,6500000.0,131400.0,0.020215384615384614,0.0,0.0,sem dado válido,0.45,0.8,
tabuleiro dos oliveiras|apartamento|2 quartos,Tabuleiro dos Oliveiras · apartamento · 2 quartos,exploratório,12,105,compra_p75,Preço de compra p75,gross yield proxy,12,399.5,848000.0,52494.3,0.06190365566037736,48.0,0.45714285714285713,principal,0.45,0.8,
tabuleiro dos oliveiras|apartamento|3 quartos,Tabuleiro dos Oliveiras · apartamento · 3 quartos,evidência insuficiente,3,14,compra_p75,Preço de compra p75,gross yield proxy,3,640.0,979790.0,84096.0,0.08583063717735433,7.0,0.5,exploratório,0.45,0.8,
tabuleiro dos oliveiras|casa|4 quartos,Tabuleiro dos Oliveiras · casa · 4 quartos,evidência insuficiente,1,1,compra_p75,Preço de compra p75,gross yield proxy,1,1700.0,999000.0,223380.0,0.2236036036036036,0.0,0.0,sem dado válido,0.45,0.8,
varzea|casa|3 quartos,Varzea · casa · 3 quartos,evidência insuficiente,1,3,compra_p75,Preço de compra p75,gross yield proxy,1,700.0,802500.0,91980.0,0.11461682242990655,0.0,0.0,sem dado válido,0.45,0.8,
varzea|casa|5 quartos,Varzea · casa · 5 quartos,evidência insuficiente,1,1,compra_p75,Preço de compra p75,gross yield proxy,1,1500.0,899000.0,197100.0,0.2192436040044494,0.0,0.0,sem dado válido,0.45,0.8,
alto sao bento|apartamento|2 quartos,Alto Sao Bento · apartamento · 2 quartos,evidência insuficiente,1,35,compra_sem_suspeitos,Compra mediana sem preços suspeitos,gross yield proxy,1,199.0,618710.0,26148.600000000002,0.042263095796091874,13.0,0.37142857142857144,exploratório,0.45,0.8,
canto da praia|apartamento|2 quartos,Canto da Praia · apartamento · 2 quartos,evidência insuficiente,4,14,compra_sem_suspeitos,Compra mediana sem preços suspeitos,gross yield proxy,4,509.0,1221806.5,66882.6,0.054740746591215556,8.0,0.5714285714285714,exploratório,0.45,0.8,
canto da praia|apartamento|3 quartos,Canto da Praia · apartamento · 3 quartos,evidência insuficiente,1,66,compra_sem_suspeitos,Compra mediana sem preços suspeitos,gross yield proxy,1,307.625,1749860.0,40421.925,0.02310009086441201,17.0,0.25757575757575757,exploratório,0.45,0.8,
casa branca|apartamento|2 quartos,Casa Branca · apartamento · 2 quartos,evidência insuficiente,4,20,compra_sem_suspeitos,Compra mediana sem preços suspeitos,gross yield proxy,4,260.0,655000.0,34164.0,0.0521587786259542,9.0,0.45,exploratório,0.45,0.8,
casa branca|apartamento|3 quartos,Casa Branca · apartamento · 3 quartos,evidência insuficiente,2,7,compra_sem_suspeitos,Compra mediana sem preços suspeitos,gross yield proxy,2,403.0,778000.0,52954.200000000004,0.06806452442159383,0.0,0.0,sem dado válido,0.45,0.8,
centro|apartamento|1 quarto,Centro · apartamento · 1 quarto,principal,75,22,compra_sem_suspeitos,Compra mediana sem preços suspeitos,gross yield proxy,75,450.0,890000.0,59130.0,0.066438202247191,10.0,0.45454545454545453,exploratório,0.45,0.8,3.0
centro|apartamento|2 quartos,Centro · apartamento · 2 quartos,principal,59,89,compra_sem_suspeitos,Compra mediana sem preços suspeitos,gross yield proxy,59,600.0,1150000.0,78840.0,0.06855652173913043,55.0,0.6179775280898876,principal,0.45,0.8,2.0
centro|apartamento|3 quartos,Centro · apartamento · 3 quartos,principal,38,437,compra_sem_suspeitos,Compra mediana sem preços suspeitos,gross yield proxy,38,664.0,2100000.0,87249.6,0.041547428571428575,179.0,0.4096109839816934,principal,0.45,0.8,6.0
centro|apartamento|4 quartos,Centro · apartamento · 4 quartos,evidência insuficiente,1,400,compra_sem_suspeitos,Compra mediana sem preços suspeitos,gross yield proxy,1,450.0,3690000.0,59130.0,0.01602439024390244,109.0,0.2725,principal,0.45,0.8,
centro|casa|2 quartos,Centro · casa · 2 quartos,evidência insuficiente,1,3,compra_sem_suspeitos,Compra mediana sem preços suspeitos,gross yield proxy,1,250.0,599000.0,32850.0,0.054841402337228715,0.0,0.0,sem dado válido,0.45,0.8,
centro|casa|4 quartos,Centro · casa · 4 quartos,evidência insuficiente,2,7,compra_sem_suspeitos,Compra mediana sem preços suspeitos,gross yield proxy,2,1400.0,5198800.0,183960.0,0.035385088866661536,0.0,0.0,sem dado válido,0.45,0.8,
ilhota|apartamento|1 quarto,Ilhota · apartamento · 1 quarto,evidência insuficiente,2,5,compra_sem_suspeitos,Compra mediana sem preços suspeitos,gross yield proxy,2,345.5,220000.0,45398.700000000004,0.2063577272727273,3.0,0.6,exploratório,0.45,0.8,
ilhota|casa|2 quartos,Ilhota · casa · 2 quartos,evidência insuficiente,1,1,compra_sem_suspeitos,Compra mediana sem preços suspeitos,gross yield proxy,1,210.0,500000.0,27594.0,0.055188,0.0,0.0,sem dado válido,0.45,0.8,
ilhota|casa|3 quartos,Ilhota · casa · 3 quartos,evidência insuficiente,2,3,compra_sem_suspeitos,Compra mediana sem preços suspeitos,gross yield proxy,2,595.0,5505000.0,78183.0,0.014202179836512261,0.0,0.0,sem dado válido,0.45,0.8,
ilhota|casa|4 quartos,Ilhota · casa · 4 quartos,evidência insuficiente,1,6,compra_sem_suspeitos,Compra mediana sem preços suspeitos,gross yield proxy,1,946.0,18370000.0,124304.40000000001,0.006766706586826348,5.0,0.8333333333333334,exploratório,0.45,0.8,
meia praia|apartamento|1 quarto,Meia Praia · apartamento · 1 quarto,exploratório,16,58,compra_sem_suspeitos,Compra mediana sem preços suspeitos,gross yield proxy,16,440.0,875000.0,57816.0,0.06607542857142858,18.0,0.3103448275862069,exploratório,0.45,0.8,
meia praia|apartamento|2 quartos,Meia Praia · apartamento · 2 quartos,principal,126,243,compra_sem_suspeitos,Compra mediana sem preços suspeitos,gross yield proxy,126,448.0,1070000.0,58867.200000000004,0.055016074766355144,132.0,0.5432098765432098,principal,0.45,0.8,4.0
meia praia|apartamento|3 quartos,Meia Praia · apartamento · 3 quartos,principal,284,1697,compra_sem_suspeitos,Compra mediana sem preços suspeitos,gross yield proxy,284,650.0,1871827.5,85410.0,0.04562920461420724,799.0,0.47083087802003537,principal,0.45,0.8,5.0
meia praia|apartamento|4 quartos,Meia Praia · apartamento · 4 quartos,principal,43,1322,compra_sem_suspeitos,Compra mediana sem preços suspeitos,gross yield proxy,43,899.0,3560000.0,118128.6,0.033182191011235956,536.0,0.405446293494705,principal,0.45,0.8,7.0
meia praia|apartamento|5 quartos,Meia Praia · apartamento · 5 quartos,evidência insuficiente,1,73,compra_sem_suspeitos,Compra mediana sem preços suspeitos,gross yield proxy,1,900.0,7600000.0,118260.0,0.015560526315789474,22.0,0.3013698630136986,principal,0.45,0.8,
meia praia|casa|4 quartos,Meia Praia · casa · 4 quartos,evidência insuficiente,1,6,compra_sem_suspeitos,Compra mediana sem preços suspeitos,gross yield proxy,1,500.0,5620000.0,65700.0,0.011690391459074733,1.0,0.16666666666666666,exploratório,0.45,0.8,
morretes|apartamento|1 quarto,Morretes · apartamento · 1 quarto,evidência insuficiente,3,50,compra_sem_suspeitos,Compra mediana sem preços suspeitos,gross yield proxy,3,400.0,624500.0,52560.0,0.08416333066453162,13.0,0.26,exploratório,0.45,0.8,
morretes|apartamento|2 quartos,Morretes · apartamento · 2 quartos,principal,43,1037,compra_sem_suspeitos,Compra mediana sem preços suspeitos,gross yield proxy,43,453.5,790000.0,59589.9,0.07543025316455697,487.0,0.46962391513982643,principal,0.45,0.8,1.0
morretes|apartamento|3 quartos,Morretes · apartamento · 3 quartos,evidência insuficiente,9,155,compra_sem_suspeitos,Compra mediana sem preços suspeitos,gross yield proxy,9,650.0,814300.0,85410.0,0.10488763355028859,68.0,0.43870967741935485,principal,0.45,0.8,
morretes|apartamento|4 quartos,Morretes · apartamento · 4 quartos,evidência insuficiente,1,57,compra_sem_suspeitos,Compra mediana sem preços suspeitos,gross yield proxy,1,590.0,6101328.0,77526.0,0.012706414079033286,28.0,0.49122807017543857,principal,0.45,0.8,
morretes|casa|2 quartos,Morretes · casa · 2 quartos,evidência insuficiente,8,205,compra_sem_suspeitos,Compra mediana sem preços suspeitos,gross yield proxy,8,323.5,560000.0,42507.9,0.07590696428571429,6.0,0.02926829268292683,exploratório,0.45,0.8,
morretes|casa|4 quartos,Morretes · casa · 4 quartos,evidência insuficiente,2,10,compra_sem_suspeitos,Compra mediana sem preços suspeitos,gross yield proxy,2,1100.0,1190000.0,144540.0,0.12146218487394958,1.0,0.1,exploratório,0.45,0.8,
sertao do trombudo|casa|1 quarto,Sertao do Trombudo · casa · 1 quarto,evidência insuficiente,2,1,compra_sem_suspeitos,Compra mediana sem preços suspeitos,gross yield proxy,2,380.0,290000.0,49932.0,0.17217931034482759,0.0,0.0,sem dado válido,0.45,0.8,
sertao do trombudo|casa|4 quartos,Sertao do Trombudo · casa · 4 quartos,evidência insuficiente,1,2,compra_sem_suspeitos,Compra mediana sem preços suspeitos,gross yield proxy,1,1000.0,6500000.0,131400.0,0.020215384615384614,0.0,0.0,sem dado válido,0.45,0.8,
tabuleiro dos oliveiras|apartamento|2 quartos,Tabuleiro dos Oliveiras · apartamento · 2 quartos,exploratório,12,105,compra_sem_suspeitos,Compra mediana sem preços suspeitos,gross yield proxy,12,399.5,781919.5,52494.3,0.0671351718431373,48.0,0.45714285714285713,principal,0.45,0.8,
tabuleiro dos oliveiras|apartamento|3 quartos,Tabuleiro dos Oliveiras · apartamento · 3 quartos,evidência insuficiente,3,14,compra_sem_suspeitos,Compra mediana sem preços suspeitos,gross yield proxy,3,640.0,830000.0,84096.0,0.10132048192771084,7.0,0.5,exploratório,0.45,0.8,
tabuleiro dos oliveiras|casa|4 quartos,Tabuleiro dos Oliveiras · casa · 4 quartos,evidência insuficiente,1,1,compra_sem_suspeitos,Compra mediana sem preços suspeitos,gross yield proxy,1,1700.0,999000.0,223380.0,0.2236036036036036,0.0,0.0,sem dado válido,0.45,0.8,
varzea|casa|3 quartos,Varzea · casa · 3 quartos,evidência insuficiente,1,3,compra_sem_suspeitos,Compra mediana sem preços suspeitos,gross yield proxy,1,700.0,585000.0,91980.0,0.15723076923076923,0.0,0.0,sem dado válido,0.45,0.8,
varzea|casa|5 quartos,Varzea · casa · 5 quartos,evidência insuficiente,1,1,compra_sem_suspeitos,Compra mediana sem preços suspeitos,gross yield proxy,1,1500.0,899000.0,197100.0,0.2192436040044494,0.0,0.0,sem dado válido,0.45,0.8,
alto sao bento|apartamento|2 quartos,Alto Sao Bento · apartamento · 2 quartos,evidência insuficiente,1,35,headline,Preço Airbnb 20/01 + compra mediana,gross yield proxy,1,199.0,618710.0,26148.600000000002,0.042263095796091874,13.0,0.37142857142857144,exploratório,0.45,0.8,
canto da praia|apartamento|2 quartos,Canto da Praia · apartamento · 2 quartos,evidência insuficiente,4,14,headline,Preço Airbnb 20/01 + compra mediana,gross yield proxy,4,509.0,1221806.5,66882.6,0.054740746591215556,8.0,0.5714285714285714,exploratório,0.45,0.8,
canto da praia|apartamento|3 quartos,Canto da Praia · apartamento · 3 quartos,evidência insuficiente,1,66,headline,Preço Airbnb 20/01 + compra mediana,gross yield proxy,1,307.625,1769930.0,40421.925,0.022838148966343303,17.0,0.25757575757575757,exploratório,0.45,0.8,
casa branca|apartamento|2 quartos,Casa Branca · apartamento · 2 quartos,evidência insuficiente,4,20,headline,Preço Airbnb 20/01 + compra mediana,gross yield proxy,4,260.0,655000.0,34164.0,0.0521587786259542,9.0,0.45,exploratório,0.45,0.8,
casa branca|apartamento|3 quartos,Casa Branca · apartamento · 3 quartos,evidência insuficiente,2,7,headline,Preço Airbnb 20/01 + compra mediana,gross yield proxy,2,403.0,778000.0,52954.200000000004,0.06806452442159383,0.0,0.0,sem dado válido,0.45,0.8,
centro|apartamento|1 quarto,Centro · apartamento · 1 quarto,principal,75,22,headline,Preço Airbnb 20/01 + compra mediana,gross yield proxy,75,450.0,890000.0,59130.0,0.066438202247191,10.0,0.45454545454545453,exploratório,0.45,0.8,3.0
centro|apartamento|2 quartos,Centro · apartamento · 2 quartos,principal,59,89,headline,Preço Airbnb 20/01 + compra mediana,gross yield proxy,59,600.0,1150000.0,78840.0,0.06855652173913043,55.0,0.6179775280898876,principal,0.45,0.8,2.0
centro|apartamento|3 quartos,Centro · apartamento · 3 quartos,principal,38,437,headline,Preço Airbnb 20/01 + compra mediana,gross yield proxy,38,664.0,2100000.0,87249.6,0.041547428571428575,179.0,0.4096109839816934,principal,0.45,0.8,6.0
centro|apartamento|4 quartos,Centro · apartamento · 4 quartos,evidência insuficiente,1,400,headline,Preço Airbnb 20/01 + compra mediana,gross yield proxy,1,450.0,3700000.0,59130.0,0.01598108108108108,109.0,0.2725,principal,0.45,0.8,
centro|casa|2 quartos,Centro · casa · 2 quartos,evidência insuficiente,1,3,headline,Preço Airbnb 20/01 + compra mediana,gross yield proxy,1,250.0,599000.0,32850.0,0.054841402337228715,0.0,0.0,sem dado válido,0.45,0.8,
centro|casa|4 quartos,Centro · casa · 4 quartos,evidência insuficiente,2,7,headline,Preço Airbnb 20/01 + compra mediana,gross yield proxy,2,1400.0,5198800.0,183960.0,0.035385088866661536,0.0,0.0,sem dado válido,0.45,0.8,
ilhota|apartamento|1 quarto,Ilhota · apartamento · 1 quarto,evidência insuficiente,2,5,headline,Preço Airbnb 20/01 + compra mediana,gross yield proxy,2,345.5,220000.0,45398.700000000004,0.2063577272727273,3.0,0.6,exploratório,0.45,0.8,
ilhota|casa|2 quartos,Ilhota · casa · 2 quartos,evidência insuficiente,1,1,headline,Preço Airbnb 20/01 + compra mediana,gross yield proxy,1,210.0,500000.0,27594.0,0.055188,0.0,0.0,sem dado válido,0.45,0.8,
ilhota|casa|3 quartos,Ilhota · casa · 3 quartos,evidência insuficiente,2,3,headline,Preço Airbnb 20/01 + compra mediana,gross yield proxy,2,595.0,5505000.0,78183.0,0.014202179836512261,0.0,0.0,sem dado válido,0.45,0.8,
ilhota|casa|4 quartos,Ilhota · casa · 4 quartos,evidência insuficiente,1,6,headline,Preço Airbnb 20/01 + compra mediana,gross yield proxy,1,946.0,18370000.0,124304.40000000001,0.006766706586826348,5.0,0.8333333333333334,exploratório,0.45,0.8,
meia praia|apartamento|1 quarto,Meia Praia · apartamento · 1 quarto,exploratório,16,58,headline,Preço Airbnb 20/01 + compra mediana,gross yield proxy,16,440.0,877500.0,57816.0,0.06588717948717948,18.0,0.3103448275862069,exploratório,0.45,0.8,
meia praia|apartamento|2 quartos,Meia Praia · apartamento · 2 quartos,principal,126,243,headline,Preço Airbnb 20/01 + compra mediana,gross yield proxy,126,448.0,1080000.0,58867.200000000004,0.05450666666666667,132.0,0.5432098765432098,principal,0.45,0.8,4.0
meia praia|apartamento|3 quartos,Meia Praia · apartamento · 3 quartos,principal,284,1697,headline,Preço Airbnb 20/01 + compra mediana,gross yield proxy,284,650.0,1885000.0,85410.0,0.04531034482758621,799.0,0.47083087802003537,principal,0.45,0.8,5.0
meia praia|apartamento|4 quartos,Meia Praia · apartamento · 4 quartos,principal,43,1322,headline,Preço Airbnb 20/01 + compra mediana,gross yield proxy,43,899.0,3600000.0,118128.6,0.0328135,536.0,0.405446293494705,principal,0.45,0.8,7.0
meia praia|apartamento|5 quartos,Meia Praia · apartamento · 5 quartos,evidência insuficiente,1,73,headline,Preço Airbnb 20/01 + compra mediana,gross yield proxy,1,900.0,8000000.0,118260.0,0.0147825,22.0,0.3013698630136986,principal,0.45,0.8,
meia praia|casa|4 quartos,Meia Praia · casa · 4 quartos,evidência insuficiente,1,6,headline,Preço Airbnb 20/01 + compra mediana,gross yield proxy,1,500.0,5620000.0,65700.0,0.011690391459074733,1.0,0.16666666666666666,exploratório,0.45,0.8,
morretes|apartamento|1 quarto,Morretes · apartamento · 1 quarto,evidência insuficiente,3,50,headline,Preço Airbnb 20/01 + compra mediana,gross yield proxy,3,400.0,624500.0,52560.0,0.08416333066453162,13.0,0.26,exploratório,0.45,0.8,
morretes|apartamento|2 quartos,Morretes · apartamento · 2 quartos,principal,43,1037,headline,Preço Airbnb 20/01 + compra mediana,gross yield proxy,43,453.5,790000.0,59589.9,0.07543025316455697,487.0,0.46962391513982643,principal,0.45,0.8,1.0
morretes|apartamento|3 quartos,Morretes · apartamento · 3 quartos,evidência insuficiente,9,155,headline,Preço Airbnb 20/01 + compra mediana,gross yield proxy,9,650.0,845000.0,85410.0,0.10107692307692308,68.0,0.43870967741935485,principal,0.45,0.8,
morretes|apartamento|4 quartos,Morretes · apartamento · 4 quartos,evidência insuficiente,1,57,headline,Preço Airbnb 20/01 + compra mediana,gross yield proxy,1,590.0,6101328.0,77526.0,0.012706414079033286,28.0,0.49122807017543857,principal,0.45,0.8,
morretes|casa|2 quartos,Morretes · casa · 2 quartos,evidência insuficiente,8,205,headline,Preço Airbnb 20/01 + compra mediana,gross yield proxy,8,323.5,570000.0,42507.9,0.07457526315789474,6.0,0.02926829268292683,exploratório,0.45,0.8,
morretes|casa|4 quartos,Morretes · casa · 4 quartos,evidência insuficiente,2,10,headline,Preço Airbnb 20/01 + compra mediana,gross yield proxy,2,1100.0,1190000.0,144540.0,0.12146218487394958,1.0,0.1,exploratório,0.45,0.8,
sertao do trombudo|casa|1 quarto,Sertao do Trombudo · casa · 1 quarto,evidência insuficiente,2,1,headline,Preço Airbnb 20/01 + compra mediana,gross yield proxy,2,380.0,290000.0,49932.0,0.17217931034482759,0.0,0.0,sem dado válido,0.45,0.8,
sertao do trombudo|casa|4 quartos,Sertao do Trombudo · casa · 4 quartos,evidência insuficiente,1,2,headline,Preço Airbnb 20/01 + compra mediana,gross yield proxy,1,1000.0,6500000.0,131400.0,0.020215384615384614,0.0,0.0,sem dado válido,0.45,0.8,
tabuleiro dos oliveiras|apartamento|2 quartos,Tabuleiro dos Oliveiras · apartamento · 2 quartos,exploratório,12,105,headline,Preço Airbnb 20/01 + compra mediana,gross yield proxy,12,399.5,782900.0,52494.3,0.06705109209349853,48.0,0.45714285714285713,principal,0.45,0.8,
tabuleiro dos oliveiras|apartamento|3 quartos,Tabuleiro dos Oliveiras · apartamento · 3 quartos,evidência insuficiente,3,14,headline,Preço Airbnb 20/01 + compra mediana,gross yield proxy,3,640.0,830000.0,84096.0,0.10132048192771084,7.0,0.5,exploratório,0.45,0.8,
tabuleiro dos oliveiras|casa|4 quartos,Tabuleiro dos Oliveiras · casa · 4 quartos,evidência insuficiente,1,1,headline,Preço Airbnb 20/01 + compra mediana,gross yield proxy,1,1700.0,999000.0,223380.0,0.2236036036036036,0.0,0.0,sem dado válido,0.45,0.8,
varzea|casa|3 quartos,Varzea · casa · 3 quartos,evidência insuficiente,1,3,headline,Preço Airbnb 20/01 + compra mediana,gross yield proxy,1,700.0,585000.0,91980.0,0.15723076923076923,0.0,0.0,sem dado válido,0.45,0.8,
varzea|casa|5 quartos,Varzea · casa · 5 quartos,evidência insuficiente,1,1,headline,Preço Airbnb 20/01 + compra mediana,gross yield proxy,1,1500.0,899000.0,197100.0,0.2192436040044494,0.0,0.0,sem dado válido,0.45,0.8,
